{
  "baseline": {
    "bps10": {
      "mean": -0.001201466967165862,
      "mean_ci_high": 0.00035460342686534325,
      "mean_ci_low": -0.0024793061225981522,
      "n": 18,
      "p_mean_gt_0": 0.06066666666666667,
      "std": 0.0030173828097574138,
      "win_rate": 0.2777777777777778
    },
    "bps8": {
      "mean": -0.0010014669671658616,
      "mean_ci_high": 0.0005546034268653434,
      "mean_ci_low": -0.0022793061225981526,
      "n": 18,
      "p_mean_gt_0": 0.08933333333333333,
      "std": 0.003017382809757414,
      "win_rate": 0.3333333333333333
    },
    "gross": {
      "mean": -0.00020146696716586175,
      "mean_ci_high": 0.0013546034268653437,
      "mean_ci_low": -0.0014793061225981522,
      "n": 18,
      "p_mean_gt_0": 0.369,
      "std": 0.003017382809757414,
      "win_rate": 0.4444444444444444
    }
  },
  "config": {
    "bootstrap_iters": 3000,
    "cost_mode": "all",
    "days": 180,
    "horizon": 8,
    "timeframe": "5m",
    "wf": {
      "step_days": 15,
      "test_days": 15,
      "train_days": 60
    }
  },
  "diagnostics_by_mode": {
    "bps10": {
      "mae_proxy_median": -0.001102766234867214,
      "median_hold_return": -0.0016122272520720507,
      "return_histogram_bins": [
        "(-inf,-1%)",
        "[-1%,-0.5%)",
        "[-0.5%,-0.2%)",
        "[-0.2%,0%)",
        "[0%,0.2%)",
        "[0.2%,0.5%)",
        "[0.5%,1%)",
        "[1%,inf)"
      ],
      "return_histogram_counts": [
        0,
        1,
        7,
        5,
        4,
        0,
        1,
        0
      ],
      "top10_pct_pnl_contribution": -0.4526884966970616,
      "trades_per_day": 0.13828056229827415
    },
    "bps8": {
      "mae_proxy_median": -0.001102766234867214,
      "median_hold_return": -0.0014122272520720506,
      "return_histogram_bins": [
        "(-inf,-1%)",
        "[-1%,-0.5%)",
        "[-0.5%,-0.2%)",
        "[-0.2%,0%)",
        "[0%,0.2%)",
        "[0.2%,0.5%)",
        "[0.5%,1%)",
        "[1%,inf)"
      ],
      "return_histogram_counts": [
        0,
        1,
        7,
        4,
        4,
        1,
        1,
        0
      ],
      "top10_pct_pnl_contribution": -0.5652832454592139,
      "trades_per_day": 0.13828056229827415
    },
    "gross": {
      "mae_proxy_median": -0.001102766234867214,
      "median_hold_return": -0.0006122272520720506,
      "return_histogram_bins": [
        "(-inf,-1%)",
        "[-1%,-0.5%)",
        "[-0.5%,-0.2%)",
        "[-0.2%,0%)",
        "[0%,0.2%)",
        "[0.2%,0.5%)",
        "[0.5%,1%)",
        "[1%,inf)"
      ],
      "return_histogram_counts": [
        0,
        1,
        5,
        4,
        5,
        2,
        1,
        0
      ],
      "top10_pct_pnl_contribution": -3.2511602051832154,
      "trades_per_day": 0.13828056229827415
    }
  },
  "family": "volatility_state",
  "hypothesis_id": "H102",
  "timestamp_utc": "2026-02-23T06:46:23+00:00",
  "wf_by_mode": {
    "bps10": {
      "aggregate": {
        "mean": -0.0017672177583002273,
        "mean_ci_high": 6.701382146352177e-05,
        "mean_ci_low": -0.0036698999322863335,
        "n": 7,
        "p_mean_gt_0": 0.028666666666666667
      },
      "folds": [
        {
          "fold_id": 1,
          "mean": -0.0022288044078494266,
          "n": 5,
          "test_end": "2025-12-01T00:00:00+00:00",
          "test_start": "2025-11-16T00:00:00+00:00"
        },
        {
          "fold_id": 2,
          "mean": -0.0006132511344272276,
          "n": 2,
          "test_end": "2025-12-16T00:00:00+00:00",
          "test_start": "2025-12-01T00:00:00+00:00"
        },
        {
          "fold_id": 3,
          "mean": 0.0,
          "n": 0,
          "test_end": "2025-12-31T00:00:00+00:00",
          "test_start": "2025-12-16T00:00:00+00:00"
        },
        {
          "fold_id": 4,
          "mean": 0.0,
          "n": 0,
          "test_end": "2026-01-15T00:00:00+00:00",
          "test_start": "2025-12-31T00:00:00+00:00"
        }
      ],
      "positive_folds": {
        "count": 0,
        "pct": 0.0,
        "total": 4
      },
      "split": {
        "step_days": 15,
        "test_days": 15,
        "train_days": 60
      }
    },
    "bps8": {
      "aggregate": {
        "mean": -0.0015672177583002272,
        "mean_ci_high": 0.00026701382146352185,
        "mean_ci_low": -0.0034698999322863334,
        "n": 7,
        "p_mean_gt_0": 0.047
      },
      "folds": [
        {
          "fold_id": 1,
          "mean": -0.002028804407849427,
          "n": 5,
          "test_end": "2025-12-01T00:00:00+00:00",
          "test_start": "2025-11-16T00:00:00+00:00"
        },
        {
          "fold_id": 2,
          "mean": -0.0004132511344272275,
          "n": 2,
          "test_end": "2025-12-16T00:00:00+00:00",
          "test_start": "2025-12-01T00:00:00+00:00"
        },
        {
          "fold_id": 3,
          "mean": 0.0,
          "n": 0,
          "test_end": "2025-12-31T00:00:00+00:00",
          "test_start": "2025-12-16T00:00:00+00:00"
        },
        {
          "fold_id": 4,
          "mean": 0.0,
          "n": 0,
          "test_end": "2026-01-15T00:00:00+00:00",
          "test_start": "2025-12-31T00:00:00+00:00"
        }
      ],
      "positive_folds": {
        "count": 0,
        "pct": 0.0,
        "total": 4
      },
      "split": {
        "step_days": 15,
        "test_days": 15,
        "train_days": 60
      }
    },
    "gross": {
      "aggregate": {
        "mean": -0.0007672177583002268,
        "mean_ci_high": 0.0010670138214635219,
        "mean_ci_low": -0.002669899932286333,
        "n": 7,
        "p_mean_gt_0": 0.211
      },
      "folds": [
        {
          "fold_id": 1,
          "mean": -0.0012288044078494265,
          "n": 5,
          "test_end": "2025-12-01T00:00:00+00:00",
          "test_start": "2025-11-16T00:00:00+00:00"
        },
        {
          "fold_id": 2,
          "mean": 0.00038674886557277244,
          "n": 2,
          "test_end": "2025-12-16T00:00:00+00:00",
          "test_start": "2025-12-01T00:00:00+00:00"
        },
        {
          "fold_id": 3,
          "mean": 0.0,
          "n": 0,
          "test_end": "2025-12-31T00:00:00+00:00",
          "test_start": "2025-12-16T00:00:00+00:00"
        },
        {
          "fold_id": 4,
          "mean": 0.0,
          "n": 0,
          "test_end": "2026-01-15T00:00:00+00:00",
          "test_start": "2025-12-31T00:00:00+00:00"
        }
      ],
      "positive_folds": {
        "count": 1,
        "pct": 25.0,
        "total": 4
      },
      "split": {
        "step_days": 15,
        "test_days": 15,
        "train_days": 60
      }
    }
  }
}