{
  "baseline": {
    "bps10": {
      "mean": -0.0010759941014349295,
      "mean_ci_high": -0.0008046776842857256,
      "mean_ci_low": -0.0013558594610456735,
      "n": 197,
      "p_mean_gt_0": 0.0,
      "std": 0.0019641774340062542,
      "win_rate": 0.3096446700507614
    },
    "bps8": {
      "mean": -0.0008759941014349292,
      "mean_ci_high": -0.0006046776842857256,
      "mean_ci_low": -0.001155859461045673,
      "n": 197,
      "p_mean_gt_0": 0.0,
      "std": 0.0019641774340062542,
      "win_rate": 0.3350253807106599
    },
    "gross": {
      "mean": -7.599410143492925e-05,
      "mean_ci_high": 0.00019532231571427463,
      "mean_ci_low": -0.0003558594610456731,
      "n": 197,
      "p_mean_gt_0": 0.291,
      "std": 0.0019641774340062542,
      "win_rate": 0.4720812182741117
    }
  },
  "config": {
    "bootstrap_iters": 3000,
    "cost_mode": "all",
    "days": 365,
    "horizon": 8,
    "timeframe": "5m",
    "wf": {
      "step_days": 15,
      "test_days": 15,
      "train_days": 60
    }
  },
  "diagnostics_by_mode": {
    "bps10": {
      "mae_proxy_median": -0.0011645008934797474,
      "median_hold_return": -0.0012119597206782231,
      "return_histogram_bins": [
        "(-inf,-1%)",
        "[-1%,-0.5%)",
        "[-0.5%,-0.2%)",
        "[-0.2%,0%)",
        "[0%,0.2%)",
        "[0.2%,0.5%)",
        "[0.5%,1%)",
        "[1%,inf)"
      ],
      "return_histogram_counts": [
        0,
        5,
        62,
        69,
        49,
        12,
        0,
        0
      ],
      "top10_pct_pnl_contribution": -0.22624842828785247,
      "trades_per_day": 0.6548778798651831
    },
    "bps8": {
      "mae_proxy_median": -0.0011645008934797474,
      "median_hold_return": -0.001011959720678223,
      "return_histogram_bins": [
        "(-inf,-1%)",
        "[-1%,-0.5%)",
        "[-0.5%,-0.2%)",
        "[-0.2%,0%)",
        "[0%,0.2%)",
        "[0.2%,0.5%)",
        "[0.5%,1%)",
        "[1%,inf)"
      ],
      "return_histogram_counts": [
        0,
        4,
        59,
        68,
        53,
        13,
        0,
        0
      ],
      "top10_pct_pnl_contribution": -0.30108255568449555,
      "trades_per_day": 0.6548778798651831
    },
    "gross": {
      "mae_proxy_median": -0.0011645008934797474,
      "median_hold_return": -0.0002119597206782231,
      "return_histogram_bins": [
        "(-inf,-1%)",
        "[-1%,-0.5%)",
        "[-0.5%,-0.2%)",
        "[-0.2%,0%)",
        "[0%,0.2%)",
        "[0.2%,0.5%)",
        "[0.5%,1%)",
        "[1%,inf)"
      ],
      "return_histogram_counts": [
        0,
        1,
        28,
        75,
        66,
        26,
        1,
        0
      ],
      "top10_pct_pnl_contribution": -4.539363061376896,
      "trades_per_day": 0.6548778798651831
    }
  },
  "family": "cross_asset_divergence",
  "hypothesis_id": "H109",
  "timestamp_utc": "2026-02-23T06:53:34+00:00",
  "wf_by_mode": {
    "bps10": {
      "aggregate": {
        "mean": -0.0010284591511400324,
        "mean_ci_high": -0.0006731273293167626,
        "mean_ci_low": -0.0013761961016608244,
        "n": 120,
        "p_mean_gt_0": 0.0
      },
      "folds": [
        {
          "fold_id": 1,
          "mean": -0.001690355884248739,
          "n": 10,
          "test_end": "2025-06-11T00:00:00+00:00",
          "test_start": "2025-05-27T00:00:00+00:00"
        },
        {
          "fold_id": 2,
          "mean": -0.0011475781991282265,
          "n": 9,
          "test_end": "2025-06-26T00:00:00+00:00",
          "test_start": "2025-06-11T00:00:00+00:00"
        },
        {
          "fold_id": 3,
          "mean": -0.0012181751884092753,
          "n": 5,
          "test_end": "2025-07-11T00:00:00+00:00",
          "test_start": "2025-06-26T00:00:00+00:00"
        },
        {
          "fold_id": 4,
          "mean": -0.0007496170001744158,
          "n": 22,
          "test_end": "2025-07-26T00:00:00+00:00",
          "test_start": "2025-07-11T00:00:00+00:00"
        },
        {
          "fold_id": 5,
          "mean": -0.0007517653352075563,
          "n": 21,
          "test_end": "2025-08-10T00:00:00+00:00",
          "test_start": "2025-07-26T00:00:00+00:00"
        },
        {
          "fold_id": 6,
          "mean": -0.0013133246544758264,
          "n": 28,
          "test_end": "2025-08-25T00:00:00+00:00",
          "test_start": "2025-08-10T00:00:00+00:00"
        },
        {
          "fold_id": 7,
          "mean": 0.0023561626507806474,
          "n": 1,
          "test_end": "2025-09-09T00:00:00+00:00",
          "test_start": "2025-08-25T00:00:00+00:00"
        },
        {
          "fold_id": 8,
          "mean": -0.0019536276521906195,
          "n": 4,
          "test_end": "2025-09-24T00:00:00+00:00",
          "test_start": "2025-09-09T00:00:00+00:00"
        },
        {
          "fold_id": 9,
          "mean": -0.0016702511384393708,
          "n": 5,
          "test_end": "2025-10-09T00:00:00+00:00",
          "test_start": "2025-09-24T00:00:00+00:00"
        },
        {
          "fold_id": 10,
          "mean": -0.0008896785430317347,
          "n": 4,
          "test_end": "2025-10-24T00:00:00+00:00",
          "test_start": "2025-10-09T00:00:00+00:00"
        },
        {
          "fold_id": 11,
          "mean": 0.0013998362791089282,
          "n": 3,
          "test_end": "2025-11-08T00:00:00+00:00",
          "test_start": "2025-10-24T00:00:00+00:00"
        },
        {
          "fold_id": 12,
          "mean": -0.0006857901023399884,
          "n": 2,
          "test_end": "2025-11-23T00:00:00+00:00",
          "test_start": "2025-11-08T00:00:00+00:00"
        },
        {
          "fold_id": 13,
          "mean": 0.0015967944951302835,
          "n": 2,
          "test_end": "2025-12-08T00:00:00+00:00",
          "test_start": "2025-11-23T00:00:00+00:00"
        },
        {
          "fold_id": 14,
          "mean": -0.0022357923979088304,
          "n": 2,
          "test_end": "2025-12-23T00:00:00+00:00",
          "test_start": "2025-12-08T00:00:00+00:00"
        },
        {
          "fold_id": 15,
          "mean": 0.0,
          "n": 0,
          "test_end": "2026-01-07T00:00:00+00:00",
          "test_start": "2025-12-23T00:00:00+00:00"
        },
        {
          "fold_id": 16,
          "mean": -0.00261116909819059,
          "n": 2,
          "test_end": "2026-01-22T00:00:00+00:00",
          "test_start": "2026-01-07T00:00:00+00:00"
        }
      ],
      "positive_folds": {
        "count": 3,
        "pct": 18.75,
        "total": 16
      },
      "split": {
        "step_days": 15,
        "test_days": 15,
        "train_days": 60
      }
    },
    "bps8": {
      "aggregate": {
        "mean": -0.0008284591511400322,
        "mean_ci_high": -0.0004731273293167624,
        "mean_ci_low": -0.0011761961016608237,
        "n": 120,
        "p_mean_gt_0": 0.0
      },
      "folds": [
        {
          "fold_id": 1,
          "mean": -0.001490355884248739,
          "n": 10,
          "test_end": "2025-06-11T00:00:00+00:00",
          "test_start": "2025-05-27T00:00:00+00:00"
        },
        {
          "fold_id": 2,
          "mean": -0.0009475781991282263,
          "n": 9,
          "test_end": "2025-06-26T00:00:00+00:00",
          "test_start": "2025-06-11T00:00:00+00:00"
        },
        {
          "fold_id": 3,
          "mean": -0.0010181751884092752,
          "n": 5,
          "test_end": "2025-07-11T00:00:00+00:00",
          "test_start": "2025-06-26T00:00:00+00:00"
        },
        {
          "fold_id": 4,
          "mean": -0.0005496170001744156,
          "n": 22,
          "test_end": "2025-07-26T00:00:00+00:00",
          "test_start": "2025-07-11T00:00:00+00:00"
        },
        {
          "fold_id": 5,
          "mean": -0.0005517653352075561,
          "n": 21,
          "test_end": "2025-08-10T00:00:00+00:00",