{
  "baseline": {
    "bps10": {
      "mean": 0.000801874500232096,
      "mean_ci_high": 0.003296555163231889,
      "mean_ci_low": -0.0016861820445738243,
      "n": 6,
      "p_mean_gt_0": 0.714,
      "std": 0.0031910589568380126,
      "win_rate": 0.5
    },
    "bps8": {
      "mean": 0.0010018745002320958,
      "mean_ci_high": 0.0034965551632318887,
      "mean_ci_low": -0.0014861820445738244,
      "n": 6,
      "p_mean_gt_0": 0.7573333333333333,
      "std": 0.003191058956838012,
      "win_rate": 0.5
    },
    "gross": {
      "mean": 0.0018018745002320962,
      "mean_ci_high": 0.0042965551632318895,
      "mean_ci_low": -0.0006861820445738243,
      "n": 6,
      "p_mean_gt_0": 0.9196666666666666,
      "std": 0.0031910589568380126,
      "win_rate": 0.6666666666666666
    }
  },
  "config": {
    "bootstrap_iters": 3000,
    "cost_mode": "all",
    "days": 180,
    "horizon": 8,
    "timeframe": "5m",
    "wf": {
      "step_days": 15,
      "test_days": 15,
      "train_days": 60
    }
  },
  "diagnostics_by_mode": {
    "bps10": {
      "mae_proxy_median": -0.002628868699622644,
      "median_hold_return": -0.0003246842669530894,
      "return_histogram_bins": [
        "(-inf,-1%)",
        "[-1%,-0.5%)",
        "[-0.5%,-0.2%)",
        "[-0.2%,0%)",
        "[0%,0.2%)",
        "[0.2%,0.5%)",
        "[0.5%,1%)",
        "[1%,inf)"
      ],
      "return_histogram_counts": [
        0,
        0,
        1,
        2,
        1,
        1,
        1,
        0
      ],
      "top10_pct_pnl_contribution": 1.1584489445306438,
      "trades_per_day": 0.05036726128016789
    },
    "bps8": {
      "mae_proxy_median": -0.002628868699622644,
      "median_hold_return": -0.00012468426695308942,
      "return_histogram_bins": [
        "(-inf,-1%)",
        "[-1%,-0.5%)",
        "[-0.5%,-0.2%)",
        "[-0.2%,0%)",
        "[0%,0.2%)",
        "[0.2%,0.5%)",
        "[0.5%,1%)",
        "[1%,inf)"
      ],
      "return_histogram_counts": [
        0,
        0,
        1,
        2,
        1,
        1,
        1,
        0
      ],
      "top10_pct_pnl_contribution": 0.9604636125086753,
      "trades_per_day": 0.05036726128016789
    },
    "gross": {
      "mae_proxy_median": -0.002628868699622644,
      "median_hold_return": 0.0006753157330469106,
      "return_histogram_bins": [
        "(-inf,-1%)",
        "[-1%,-0.5%)",
        "[-0.5%,-0.2%)",
        "[-0.2%,0%)",
        "[0%,0.2%)",
        "[0.2%,0.5%)",
        "[0.5%,1%)",
        "[1%,inf)"
      ],
      "return_histogram_counts": [
        0,
        0,
        0,
        2,
        2,
        0,
        2,
        0
      ],
      "top10_pct_pnl_contribution": 0.6080319883351776,
      "trades_per_day": 0.05036726128016789
    }
  },
  "family": "cross_asset_divergence",
  "hypothesis_id": "H110",
  "timestamp_utc": "2026-02-23T06:28:22+00:00",
  "wf_by_mode": {
    "bps10": {
      "aggregate": {
        "mean": 0.0018838701289341517,
        "mean_ci_high": 0.005573584010639455,
        "mean_ci_low": -0.0018058437527711515,
        "n": 2,
        "p_mean_gt_0": 0.743
      },
      "folds": [
        {
          "fold_id": 1,
          "mean": 0.0,
          "n": 0,
          "test_end": "2025-12-17T00:00:00+00:00",
          "test_start": "2025-12-02T00:00:00+00:00"
        },
        {
          "fold_id": 2,
          "mean": 0.0,
          "n": 0,
          "test_end": "2026-01-01T00:00:00+00:00",
          "test_start": "2025-12-17T00:00:00+00:00"
        },
        {
          "fold_id": 3,
          "mean": 0.0018838701289341517,
          "n": 2,
          "test_end": "2026-01-16T00:00:00+00:00",
          "test_start": "2026-01-01T00:00:00+00:00"
        }
      ],
      "positive_folds": {
        "count": 1,
        "pct": 33.333333333333336,
        "total": 3
      },
      "split": {
        "step_days": 15,
        "test_days": 15,
        "train_days": 60
      }
    },
    "bps8": {
      "aggregate": {
        "mean": 0.0020838701289341514,
        "mean_ci_high": 0.005773584010639455,
        "mean_ci_low": -0.0016058437527711514,
        "n": 2,
        "p_mean_gt_0": 0.743
      },
      "folds": [
        {
          "fold_id": 1,
          "mean": 0.0,
          "n": 0,
          "test_end": "2025-12-17T00:00:00+00:00",
          "test_start": "2025-12-02T00:00:00+00:00"
        },
        {
          "fold_id": 2,
          "mean": 0.0,
          "n": 0,
          "test_end": "2026-01-01T00:00:00+00:00",
          "test_start": "2025-12-17T00:00:00+00:00"
        },
        {
          "fold_id": 3,
          "mean": 0.0020838701289341514,
          "n": 2,
          "test_end": "2026-01-16T00:00:00+00:00",
          "test_start": "2026-01-01T00:00:00+00:00"
        }
      ],
      "positive_folds": {
        "count": 1,
        "pct": 33.333333333333336,
        "total": 3
      },
      "split": {
        "step_days": 15,
        "test_days": 15,
        "train_days": 60
      }
    },
    "gross": {
      "aggregate": {
        "mean": 0.0028838701289341517,
        "mean_ci_high": 0.006573584010639455,
        "mean_ci_low": -0.0008058437527711515,
        "n": 2,
        "p_mean_gt_0": 0.743
      },
      "folds": [
        {
          "fold_id": 1,
          "mean": 0.0,
          "n": 0,
          "test_end": "2025-12-17T00:00:00+00:00",
          "test_start": "2025-12-02T00:00:00+00:00"
        },
        {
          "fold_id": 2,
          "mean": 0.0,
          "n": 0,
          "test_end": "2026-01-01T00:00:00+00:00",
          "test_start": "2025-12-17T00:00:00+00:00"
        },
        {
          "fold_id": 3,
          "mean": 0.0028838701289341517,
          "n": 2,
          "test_end": "2026-01-16T00:00:00+00:00",
          "test_start": "2026-01-01T00:00:00+00:00"
        }
      ],
      "positive_folds": {
        "count": 1,
        "pct": 33.333333333333336,
        "total": 3
      },
      "split": {
        "step_days": 15,
        "test_days": 15,
        "train_days": 60
      }
    }
  }
}