{
  "baseline": {
    "bps10": {
      "mean": -0.0011018262899065983,
      "mean_ci_high": -0.0003277244812340534,
      "mean_ci_low": -0.0019340532058572206,
      "n": 56,
      "p_mean_gt_0": 0.003,
      "std": 0.0030760498709569693,
      "win_rate": 0.32142857142857145
    },
    "bps8": {
      "mean": -0.0009018262899065982,
      "mean_ci_high": -0.00012772448123405357,
      "mean_ci_low": -0.0017340532058572205,
      "n": 56,
      "p_mean_gt_0": 0.011,
      "std": 0.0030760498709569693,
      "win_rate": 0.3392857142857143
    },
    "gross": {
      "mean": -0.00010182628990659803,
      "mean_ci_high": 0.0006722755187659466,
      "mean_ci_low": -0.0009340532058572204,
      "n": 56,
      "p_mean_gt_0": 0.4003333333333333,
      "std": 0.0030760498709569693,
      "win_rate": 0.44642857142857145
    }
  },
  "config": {
    "bootstrap_iters": 3000,
    "cost_mode": "all",
    "days": 365,
    "horizon": 8,
    "timeframe": "5m",
    "wf": {
      "step_days": 15,
      "test_days": 15,
      "train_days": 60
    }
  },
  "diagnostics_by_mode": {
    "bps10": {
      "mae_proxy_median": -0.001597399658347931,
      "median_hold_return": -0.0012179496645972057,
      "return_histogram_bins": [
        "(-inf,-1%)",
        "[-1%,-0.5%)",
        "[-0.5%,-0.2%)",
        "[-0.2%,0%)",
        "[0%,0.2%)",
        "[0.2%,0.5%)",
        "[0.5%,1%)",
        "[1%,inf)"
      ],
      "return_histogram_counts": [
        1,
        3,
        13,
        21,
        8,
        9,
        1,
        0
      ],
      "top10_pct_pnl_contribution": -0.37202418295378864,
      "trades_per_day": 0.2099016086209589
    },
    "bps8": {
      "mae_proxy_median": -0.001597399658347931,
      "median_hold_return": -0.0010179496645972056,
      "return_histogram_bins": [
        "(-inf,-1%)",
        "[-1%,-0.5%)",
        "[-0.5%,-0.2%)",
        "[-0.2%,0%)",
        "[0%,0.2%)",
        "[0.2%,0.5%)",
        "[0.5%,1%)",
        "[1%,inf)"
      ],
      "return_histogram_counts": [
        1,
        2,
        13,
        21,
        8,
        10,
        1,
        0
      ],
      "top10_pct_pnl_contribution": -0.4782901114279459,
      "trades_per_day": 0.2099016086209589
    },
    "gross": {
      "mae_proxy_median": -0.001597399658347931,
      "median_hold_return": -0.00021794966459720566,
      "return_histogram_bins": [
        "(-inf,-1%)",
        "[-1%,-0.5%)",
        "[-0.5%,-0.2%)",
        "[-0.2%,0%)",
        "[0%,0.2%)",
        "[0.2%,0.5%)",
        "[0.5%,1%)",
        "[1%,inf)"
      ],
      "return_histogram_counts": [
        1,
        1,
        8,
        21,
        13,
        10,
        2,
        0
      ],
      "top10_pct_pnl_contribution": -5.077754309585823,
      "trades_per_day": 0.2099016086209589
    }
  },
  "family": "cross_asset_divergence",
  "hypothesis_id": "H110",
  "timestamp_utc": "2026-02-23T06:53:39+00:00",
  "wf_by_mode": {
    "bps10": {
      "aggregate": {
        "mean": -0.001494363393902766,
        "mean_ci_high": -0.0004690168579728125,
        "mean_ci_low": -0.002493169693720739,
        "n": 41,
        "p_mean_gt_0": 0.002
      },
      "folds": [
        {
          "fold_id": 1,
          "mean": -0.0013724569479774233,
          "n": 20,
          "test_end": "2025-07-23T00:00:00+00:00",
          "test_start": "2025-07-08T00:00:00+00:00"
        },
        {
          "fold_id": 2,
          "mean": -0.004464925080079451,
          "n": 2,
          "test_end": "2025-08-07T00:00:00+00:00",
          "test_start": "2025-07-23T00:00:00+00:00"
        },
        {
          "fold_id": 3,
          "mean": -0.002096657121676417,
          "n": 9,
          "test_end": "2025-08-22T00:00:00+00:00",
          "test_start": "2025-08-07T00:00:00+00:00"
        },
        {
          "fold_id": 4,
          "mean": -0.002455144577502232,
          "n": 4,
          "test_end": "2025-09-06T00:00:00+00:00",
          "test_start": "2025-08-22T00:00:00+00:00"
        },
        {
          "fold_id": 5,
          "mean": -0.0008391312293675171,
          "n": 1,
          "test_end": "2025-09-21T00:00:00+00:00",
          "test_start": "2025-09-06T00:00:00+00:00"
        },
        {
          "fold_id": 6,
          "mean": 0.0018999957301435453,
          "n": 2,
          "test_end": "2025-10-06T00:00:00+00:00",
          "test_start": "2025-09-21T00:00:00+00:00"
        },
        {
          "fold_id": 7,
          "mean": -0.002928018113997232,
          "n": 1,
          "test_end": "2025-10-21T00:00:00+00:00",
          "test_start": "2025-10-06T00:00:00+00:00"
        },
        {
          "fold_id": 8,
          "mean": 0.0,
          "n": 0,
          "test_end": "2025-11-05T00:00:00+00:00",
          "test_start": "2025-10-21T00:00:00+00:00"
        },
        {
          "fold_id": 9,
          "mean": 0.0,
          "n": 0,
          "test_end": "2025-11-20T00:00:00+00:00",
          "test_start": "2025-11-05T00:00:00+00:00"
        },
        {
          "fold_id": 10,
          "mean": 0.0,
          "n": 0,
          "test_end": "2025-12-05T00:00:00+00:00",
          "test_start": "2025-11-20T00:00:00+00:00"
        },
        {
          "fold_id": 11,
          "mean": 0.0,
          "n": 0,
          "test_end": "2025-12-20T00:00:00+00:00",
          "test_start": "2025-12-05T00:00:00+00:00"
        },
        {
          "fold_id": 12,
          "mean": 0.0,
          "n": 0,
          "test_end": "2026-01-04T00:00:00+00:00",
          "test_start": "2025-12-20T00:00:00+00:00"
        },
        {
          "fold_id": 13,
          "mean": 0.0018838701289341517,
          "n": 2,
          "test_end": "2026-01-19T00:00:00+00:00",
          "test_start": "2026-01-04T00:00:00+00:00"
        }
      ],
      "positive_folds": {
        "count": 2,
        "pct": 15.384615384615385,
        "total": 13
      },
      "split": {
        "step_days": 15,
        "test_days": 15,
        "train_days": 60
      }
    },
    "bps8": {
      "aggregate": {
        "mean": -0.0012943633939027659,
        "mean_ci_high": -0.0002690168579728125,
        "mean_ci_low": -0.0022931696937207387,
        "n": 41,
        "p_mean_gt_0": 0.006666666666666667
      },
      "folds": [
        {
          "fold_id": 1,
          "mean": -0.0011724569479774232,
          "n": 20,
          "test_end": "2025-07-23T00:00:00+00:00",
          "test_start": "2025-07-08T00:00:00+00:00"
        },
        {
          "fold_id": 2,
          "mean": -0.004264925080079451,
          "n": 2,
          "test_end": "2025-08-07T00:00:00+00:00",
          "test_start": "2025-07-23T00:00:00+00:00"
        },
        {
          "fold_id": 3,
          "mean": -0.0018966571216764165,
          "n": 9,
          "test_end": "2025-08-22T00:00:00+00:00",
          "test_start": "2025-08-07T00:00:00+00:00"
        },
        {
          "fold_id": 4,
          "mean": -0.0022551445775022324,
          "n": 4,
          "test_end": "2025-09-06T00:00:00+00:00",
          "test_start": "2025-08-22T00:00:00+00:00"
        },
        {
          "fold_id": 5,
          "mean": -0.0006391312293675171,
          "n": 1,
          "test_end": "2025-09-21T00:00:00+00:00",
          "test_start": "2025-09-06T00:00:00+00:00"
        },
        {
          "fold_id": 6,
          "mean": 0.002099995730143545,
          "n": 2,
          "test_end": "2025-10-06T00:00:00+00:00",
          "test_start": "2025-09-21T00:00:00+00:00"
        },
        {
          "fold_id": 7,
          "mean": -0.002728018113997232,
          "n": 1,
          "test_end": "2025-10-21T00:00:00+00:00",
          "test_start": "2025-10-06T00:00:00+00:00"
        },
        {
          "fold_id": 8,
          "mean": 0.0,
          "n": 0,
          "test_end": "2025-11-05T00:00:00+00:00",
          "test_start": "2025-10-21T00:00:00+00:00"
        },
        {
          "fold_id": 9,
          "mean": 0.0,
          "n": 0,