{
  "baseline": {
    "bps10": {
      "mean": -0.0006800590627860052,
      "mean_ci_high": 0.00018794025989132793,
      "mean_ci_low": -0.0015844456693566268,
      "n": 70,
      "p_mean_gt_0": 0.056666666666666664,
      "std": 0.0036861259150088857,
      "win_rate": 0.37142857142857144
    },
    "bps8": {
      "mean": -0.0004800590627860055,
      "mean_ci_high": 0.0003879402598913278,
      "mean_ci_low": -0.0013844456693566265,
      "n": 70,
      "p_mean_gt_0": 0.12866666666666668,
      "std": 0.0036861259150088857,
      "win_rate": 0.4142857142857143
    },
    "gross": {
      "mean": 0.00031994093721399484,
      "mean_ci_high": 0.001187940259891328,
      "mean_ci_low": -0.0005844456693566265,
      "n": 70,
      "p_mean_gt_0": 0.771,
      "std": 0.0036861259150088857,
      "win_rate": 0.5714285714285714
    }
  },
  "config": {
    "bootstrap_iters": 3000,
    "cost_mode": "all",
    "days": 365,
    "horizon": 6,
    "timeframe": "5m",
    "wf": {
      "step_days": 15,
      "test_days": 15,
      "train_days": 60
    }
  },
  "diagnostics_by_mode": {
    "bps10": {
      "mae_proxy_median": -0.0006846023157673908,
      "median_hold_return": -0.0007225767770290817,
      "return_histogram_bins": [
        "(-inf,-1%)",
        "[-1%,-0.5%)",
        "[-0.5%,-0.2%)",
        "[-0.2%,0%)",
        "[0%,0.2%)",
        "[0.2%,0.5%)",
        "[0.5%,1%)",
        "[1%,inf)"
      ],
      "return_histogram_counts": [
        1,
        5,
        14,
        24,
        15,
        7,
        3,
        1
      ],
      "top10_pct_pnl_contribution": -0.9172218300945976,
      "trades_per_day": 0.3030029759220849
    },
    "bps8": {
      "mae_proxy_median": -0.0006846023157673908,
      "median_hold_return": -0.0005225767770290817,
      "return_histogram_bins": [
        "(-inf,-1%)",
        "[-1%,-0.5%)",
        "[-0.5%,-0.2%)",
        "[-0.2%,0%)",
        "[0%,0.2%)",
        "[0.2%,0.5%)",
        "[0.5%,1%)",
        "[1%,inf)"
      ],
      "return_histogram_counts": [
        1,
        5,
        13,
        22,
        17,
        8,
        3,
        1
      ],
      "top10_pct_pnl_contribution": -1.341012112978202,
      "trades_per_day": 0.3030029759220849
    },
    "gross": {
      "mae_proxy_median": -0.0006846023157673908,
      "median_hold_return": 0.00027742322297091837,
      "return_histogram_bins": [
        "(-inf,-1%)",
        "[-1%,-0.5%)",
        "[-0.5%,-0.2%)",
        "[-0.2%,0%)",
        "[0%,0.2%)",
        "[0.2%,0.5%)",
        "[0.5%,1%)",
        "[1%,inf)"
      ],
      "return_histogram_counts": [
        1,
        2,
        11,
        16,
        24,
        11,
        4,
        1
      ],
      "top10_pct_pnl_contribution": 2.2621832155755084,
      "trades_per_day": 0.3030029759220849
    }
  },
  "family": "funding_regime",
  "hypothesis_id": "H121",
  "timestamp_utc": "2026-02-22T20:50:08+00:00",
  "wf_by_mode": {
    "bps10": {
      "aggregate": {
        "mean": -0.0006403755715100612,
        "mean_ci_high": 0.0002970100359997426,
        "mean_ci_low": -0.0015910089516122268,
        "n": 30,
        "p_mean_gt_0": 0.09
      },
      "folds": [
        {
          "fold_id": 1,
          "mean": -0.0009447105137533876,
          "n": 8,
          "test_end": "2025-08-04T00:00:00+00:00",
          "test_start": "2025-07-20T00:00:00+00:00"
        },
        {
          "fold_id": 2,
          "mean": -0.0015748990209951677,
          "n": 2,
          "test_end": "2025-08-19T00:00:00+00:00",
          "test_start": "2025-08-04T00:00:00+00:00"
        },
        {
          "fold_id": 3,
          "mean": -0.00030273120730969685,
          "n": 8,
          "test_end": "2025-09-03T00:00:00+00:00",
          "test_start": "2025-08-19T00:00:00+00:00"
        },
        {
          "fold_id": 4,
          "mean": 0.0,
          "n": 0,
          "test_end": "2025-09-18T00:00:00+00:00",
          "test_start": "2025-09-03T00:00:00+00:00"
        },
        {
          "fold_id": 5,
          "mean": 0.0,
          "n": 0,
          "test_end": "2025-10-03T00:00:00+00:00",
          "test_start": "2025-09-18T00:00:00+00:00"
        },
        {
          "fold_id": 6,
          "mean": -2.8364710232034115e-06,
          "n": 10,
          "test_end": "2025-10-18T00:00:00+00:00",
          "test_start": "2025-10-03T00:00:00+00:00"
        },
        {
          "fold_id": 7,
          "mean": 0.0,
          "n": 0,
          "test_end": "2025-11-02T00:00:00+00:00",
          "test_start": "2025-10-18T00:00:00+00:00"
        },
        {
          "fold_id": 8,
          "mean": 0.0,
          "n": 0,
          "test_end": "2025-11-17T00:00:00+00:00",
          "test_start": "2025-11-02T00:00:00+00:00"
        },
        {
          "fold_id": 9,
          "mean": -0.0030267853122873936,
          "n": 2,
          "test_end": "2025-12-02T00:00:00+00:00",
          "test_start": "2025-11-17T00:00:00+00:00"
        },
        {
          "fold_id": 10,
          "mean": 0.0,
          "n": 0,
          "test_end": "2025-12-17T00:00:00+00:00",
          "test_start": "2025-12-02T00:00:00+00:00"
        },
        {
          "fold_id": 11,
          "mean": 0.0,
          "n": 0,
          "test_end": "2026-01-01T00:00:00+00:00",
          "test_start": "2025-12-17T00:00:00+00:00"
        }
      ],
      "positive_folds": {
        "count": 0,
        "pct": 0.0,
        "total": 11
      },
      "split": {
        "step_days": 15,
        "test_days": 15,
        "train_days": 60
      }
    },
    "bps8": {
      "aggregate": {
        "mean": -0.00044037557151006113,
        "mean_ci_high": 0.0004970100359997426,
        "mean_ci_low": -0.0013910089516122276,
        "n": 30,
        "p_mean_gt_0": 0.18033333333333335
      },
      "folds": [
        {
          "fold_id": 1,
          "mean": -0.0007447105137533877,
          "n": 8,
          "test_end": "2025-08-04T00:00:00+00:00",
          "test_start": "2025-07-20T00:00:00+00:00"
        },
        {
          "fold_id": 2,
          "mean": -0.0013748990209951678,
          "n": 2,
          "test_end": "2025-08-19T00:00:00+00:00",
          "test_start": "2025-08-04T00:00:00+00:00"
        },
        {
          "fold_id": 3,
          "mean": -0.00010273120730969686,
          "n": 8,
          "test_end": "2025-09-03T00:00:00+00:00",
          "test_start": "2025-08-19T00:00:00+00:00"
        },
        {
          "fold_id": 4,
          "mean": 0.0,
          "n": 0,
          "test_end": "2025-09-18T00:00:00+00:00",
          "test_start": "2025-09-03T00:00:00+00:00"
        },
        {
          "fold_id": 5,
          "mean": 0.0,
          "n": 0,
          "test_end": "2025-10-03T00:00:00+00:00",
          "test_start": "2025-09-18T00:00:00+00:00"
        },
        {
          "fold_id": 6,
          "mean": 0.00019716352897679646,
          "n": 10,
          "test_end": "2025-10-18T00:00:00+00:00",
          "test_start": "2025-10-03T00:00:00+00:00"
        },
        {
          "fold_id": 7,
          "mean": 0.0,
          "n": 0,
          "test_end": "2025-11-02T00:00:00+00:00",
          "test_start": "2025-10-18T00:00:00+00:00"
        },
        {
          "fold_id": 8,
          "mean": 0.0,
          "n": 0,
          "test_end": "2025-11-17T00:00:00+00:00",
          "test_start": "2025-11-02T00:00:00+00:00"
        },
        {
          "fold_id": 9,
          "mean": -0.002826785312287394,
          "n": 2,
          "test_end": "2025-12-02T00:00:00+00:00",
          "test_start": "2025-11-17T00:00:00+00:00"
        },
        {
          "fold_id": 10,
          "mean": 0.0,
          "n": 0,
          "test_end": "2025-12-17T00:00:00+00:00",
          "test_start": "2025-12-02T00:00:00+00:00"
        },
        {
          "fold_id": 11,
          "mean": 0.0,
          "n": 0,
          "test_end": "2026-01-01T00:00:00+00:00",