{
  "baseline": {
    "bps10": {
      "mean": -0.0009232766217555912,
      "mean_ci_high": 0.0011303340451397246,
      "mean_ci_low": -0.0028997655403040744,
      "n": 8,
      "p_mean_gt_0": 0.18766666666666668,
      "std": 0.002920744008022257,
      "win_rate": 0.375
    },
    "bps8": {
      "mean": -0.0007232766217555914,
      "mean_ci_high": 0.0013303340451397243,
      "mean_ci_low": -0.0026997655403040747,
      "n": 8,
      "p_mean_gt_0": 0.242,
      "std": 0.002920744008022257,
      "win_rate": 0.375
    },
    "gross": {
      "mean": 7.672337824440878e-05,
      "mean_ci_high": 0.0021303340451397246,
      "mean_ci_low": -0.0018997655403040746,
      "n": 8,
      "p_mean_gt_0": 0.531,
      "std": 0.002920744008022257,
      "win_rate": 0.625
    }
  },
  "config": {
    "bootstrap_iters": 3000,
    "cost_mode": "all",
    "days": 365,
    "horizon": 6,
    "timeframe": "5m",
    "wf": {
      "step_days": 15,
      "test_days": 15,
      "train_days": 60
    }
  },
  "diagnostics_by_mode": {
    "bps10": {
      "mae_proxy_median": -0.00223393252859605,
      "median_hold_return": -0.0006257046763930565,
      "return_histogram_bins": [
        "(-inf,-1%)",
        "[-1%,-0.5%)",
        "[-0.5%,-0.2%)",
        "[-0.2%,0%)",
        "[0%,0.2%)",
        "[0.2%,0.5%)",
        "[0.5%,1%)",
        "[1%,inf)"
      ],
      "return_histogram_counts": [
        0,
        1,
        1,
        3,
        2,
        1,
        0,
        0
      ],
      "top10_pct_pnl_contribution": -0.5573829161707329,
      "trades_per_day": 0.15744157441574416
    },
    "bps8": {
      "mae_proxy_median": -0.00223393252859605,
      "median_hold_return": -0.00042570467639305653,
      "return_histogram_bins": [
        "(-inf,-1%)",
        "[-1%,-0.5%)",
        "[-0.5%,-0.2%)",
        "[-0.2%,0%)",
        "[0%,0.2%)",
        "[0.2%,0.5%)",
        "[0.5%,1%)",
        "[1%,inf)"
      ],
      "return_histogram_counts": [
        0,
        1,
        1,
        3,
        2,
        1,
        0,
        0
      ],
      "top10_pct_pnl_contribution": -0.746075014227048,
      "trades_per_day": 0.15744157441574416
    },
    "gross": {
      "mae_proxy_median": -0.00223393252859605,
      "median_hold_return": 0.0003742953236069435,
      "return_histogram_bins": [
        "(-inf,-1%)",
        "[-1%,-0.5%)",
        "[-0.5%,-0.2%)",
        "[-0.2%,0%)",
        "[0%,0.2%)",
        "[0.2%,0.5%)",
        "[0.5%,1%)",
        "[1%,inf)"
      ],
      "return_histogram_counts": [
        0,
        0,
        2,
        1,
        4,
        0,
        1,
        0
      ],
      "top10_pct_pnl_contribution": 8.336684730289576,
      "trades_per_day": 0.15744157441574416
    }
  },
  "family": "funding_regime",
  "hypothesis_id": "H121",
  "timestamp_utc": "2026-02-22T20:37:27+00:00",
  "wf_by_mode": {
    "bps10": {
      "aggregate": {
        "mean": 0.0,
        "mean_ci_high": 0.0,
        "mean_ci_low": 0.0,
        "n": 0,
        "p_mean_gt_0": 0.0
      },
      "folds": [],
      "positive_folds": {
        "count": 0,
        "pct": 0.0,
        "total": 0
      },
      "split": {
        "step_days": 15,
        "test_days": 15,
        "train_days": 60
      }
    },
    "bps8": {
      "aggregate": {
        "mean": 0.0,
        "mean_ci_high": 0.0,
        "mean_ci_low": 0.0,
        "n": 0,
        "p_mean_gt_0": 0.0
      },
      "folds": [],
      "positive_folds": {
        "count": 0,
        "pct": 0.0,
        "total": 0
      },
      "split": {
        "step_days": 15,
        "test_days": 15,
        "train_days": 60
      }
    },
    "gross": {
      "aggregate": {
        "mean": 0.0,
        "mean_ci_high": 0.0,
        "mean_ci_low": 0.0,
        "n": 0,
        "p_mean_gt_0": 0.0
      },
      "folds": [],
      "positive_folds": {
        "count": 0,
        "pct": 0.0,
        "total": 0
      },
      "split": {
        "step_days": 15,
        "test_days": 15,
        "train_days": 60
      }
    }
  }
}