{
  "baseline": {
    "bps10": {
      "mean": -0.00014703703959778751,
      "mean_ci_high": 0.00023350037780409523,
      "mean_ci_low": -0.0005359628008251739,
      "n": 706,
      "p_mean_gt_0": 0.24833333333333332,
      "std": 0.005201153530846595,
      "win_rate": 0.4376770538243626
    },
    "bps8": {
      "mean": 5.296296040221277e-05,
      "mean_ci_high": 0.0004335003778040955,
      "mean_ci_low": -0.0003359628008251737,
      "n": 706,
      "p_mean_gt_0": 0.6233333333333333,
      "std": 0.005201153530846595,
      "win_rate": 0.46742209631728043
    },
    "gross": {
      "mean": 0.0008529629604022128,
      "mean_ci_high": 0.0012335003778040957,
      "mean_ci_low": 0.0004640371991748264,
      "n": 706,
      "p_mean_gt_0": 1.0,
      "std": 0.005201153530846595,
      "win_rate": 0.5524079320113314
    }
  },
  "config": {
    "bootstrap_iters": 3000,
    "cost_mode": "all",
    "days": 365,
    "horizon": 6,
    "timeframe": "5m",
    "wf": {
      "step_days": 15,
      "test_days": 15,
      "train_days": 60
    }
  },
  "diagnostics_by_mode": {
    "bps10": {
      "mae_proxy_median": -0.0013019771336110209,
      "median_hold_return": -0.0005711882898772882,
      "return_histogram_bins": [
        "(-inf,-1%)",
        "[-1%,-0.5%)",
        "[-0.5%,-0.2%)",
        "[-0.2%,0%)",
        "[0%,0.2%)",
        "[0.2%,0.5%)",
        "[0.5%,1%)",
        "[1%,inf)"
      ],
      "return_histogram_counts": [
        17,
        55,
        158,
        167,
        128,
        107,
        48,
        26
      ],
      "top10_pct_pnl_contribution": -6.912414308041413,
      "trades_per_day": 7.443004612343509
    },
    "bps8": {
      "mae_proxy_median": -0.0013019771336110209,
      "median_hold_return": -0.00037118828987728824,
      "return_histogram_bins": [
        "(-inf,-1%)",
        "[-1%,-0.5%)",
        "[-0.5%,-0.2%)",
        "[-0.2%,0%)",
        "[0%,0.2%)",
        "[0.2%,0.5%)",
        "[0.5%,1%)",
        "[1%,inf)"
      ],
      "return_histogram_counts": [
        15,
        51,
        149,
        161,
        139,
        113,
        51,
        27
      ],
      "top10_pct_pnl_contribution": 19.570172114700856,
      "trades_per_day": 7.443004612343509
    },
    "gross": {
      "mae_proxy_median": -0.0013019771336110209,
      "median_hold_return": 0.0004288117101227118,
      "return_histogram_bins": [
        "(-inf,-1%)",
        "[-1%,-0.5%)",
        "[-0.5%,-0.2%)",
        "[-0.2%,0%)",
        "[0%,0.2%)",
        "[0.2%,0.5%)",
        "[0.5%,1%)",
        "[1%,inf)"
      ],
      "return_histogram_counts": [
        11,
        36,
        114,
        155,
        149,
        141,
        65,
        35
      ],
      "top10_pct_pnl_contribution": 1.3094912210948344,
      "trades_per_day": 7.443004612343509
    }
  },
  "family": "funding_regime",
  "hypothesis_id": "H123",
  "timestamp_utc": "2026-02-22T20:37:34+00:00",
  "wf_by_mode": {
    "bps10": {
      "aggregate": {
        "mean": -0.00010321254327694959,
        "mean_ci_high": 0.0005455803095458741,
        "mean_ci_low": -0.0007287126149077041,
        "n": 312,
        "p_mean_gt_0": 0.36966666666666664
      },
      "folds": [
        {
          "fold_id": 1,
          "mean": -0.00034090046737848465,
          "n": 106,
          "test_end": "2026-01-29T00:00:00+00:00",
          "test_start": "2026-01-14T00:00:00+00:00"
        },
        {
          "fold_id": 2,
          "mean": 1.9092893396655774e-05,
          "n": 206,
          "test_end": "2026-02-13T00:00:00+00:00",
          "test_start": "2026-01-29T00:00:00+00:00"
        }
      ],
      "positive_folds": {
        "count": 1,
        "pct": 50.0,
        "total": 2
      },
      "split": {
        "step_days": 15,
        "test_days": 15,
        "train_days": 60
      }
    },
    "bps8": {
      "aggregate": {
        "mean": 9.678745672305072e-05,
        "mean_ci_high": 0.0007455803095458745,
        "mean_ci_low": -0.0005287126149077039,
        "n": 312,
        "p_mean_gt_0": 0.6193333333333333
      },
      "folds": [
        {
          "fold_id": 1,
          "mean": -0.0001409004673784845,
          "n": 106,
          "test_end": "2026-01-29T00:00:00+00:00",
          "test_start": "2026-01-14T00:00:00+00:00"
        },
        {
          "fold_id": 2,
          "mean": 0.00021909289339665624,
          "n": 206,
          "test_end": "2026-02-13T00:00:00+00:00",
          "test_start": "2026-01-29T00:00:00+00:00"
        }
      ],
      "positive_folds": {
        "count": 1,
        "pct": 50.0,
        "total": 2
      },
      "split": {
        "step_days": 15,
        "test_days": 15,
        "train_days": 60
      }
    },
    "gross": {
      "aggregate": {
        "mean": 0.0008967874567230508,
        "mean_ci_high": 0.0015455803095458748,
        "mean_ci_low": 0.00027128738509229626,
        "n": 312,
        "p_mean_gt_0": 0.996
      },
      "folds": [
        {
          "fold_id": 1,
          "mean": 0.0006590995326215156,
          "n": 106,
          "test_end": "2026-01-29T00:00:00+00:00",
          "test_start": "2026-01-14T00:00:00+00:00"
        },
        {
          "fold_id": 2,
          "mean": 0.0010190928933966562,
          "n": 206,
          "test_end": "2026-02-13T00:00:00+00:00",
          "test_start": "2026-01-29T00:00:00+00:00"
        }
      ],
      "positive_folds": {
        "count": 2,
        "pct": 100.0,
        "total": 2
      },
      "split": {
        "step_days": 15,
        "test_days": 15,
        "train_days": 60
      }
    }
  }
}