{
  "baseline": {
    "bps10": {
      "mean": -0.0008441392062507574,
      "mean_ci_high": -0.0005445299136408012,
      "mean_ci_low": -0.0011518743803889168,
      "n": 636,
      "p_mean_gt_0": 0.0,
      "std": 0.003904593643270235,
      "win_rate": 0.3380503144654088
    },
    "bps8": {
      "mean": -0.0006441392062507573,
      "mean_ci_high": -0.000344529913640801,
      "mean_ci_low": -0.0009518743803889163,
      "n": 636,
      "p_mean_gt_0": 0.0,
      "std": 0.0039045936432702353,
      "win_rate": 0.3694968553459119
    },
    "gross": {
      "mean": 0.00015586079374924275,
      "mean_ci_high": 0.00045547008635919906,
      "mean_ci_low": -0.0001518743803889165,
      "n": 636,
      "p_mean_gt_0": 0.8383333333333334,
      "std": 0.0039045936432702353,
      "win_rate": 0.5031446540880503
    }
  },
  "config": {
    "bootstrap_iters": 3000,
    "cost_mode": "all",
    "days": 365,
    "horizon": 12,
    "timeframe": "5m",
    "wf": {
      "step_days": 15,
      "test_days": 15,
      "train_days": 60
    }
  },
  "diagnostics_by_mode": {
    "bps10": {
      "mae_proxy_median": -0.0014447026198854407,
      "median_hold_return": -0.000989974951486893,
      "return_histogram_bins": [
        "(-inf,-1%)",
        "[-1%,-0.5%)",
        "[-0.5%,-0.2%)",
        "[-0.2%,0%)",
        "[0%,0.2%)",
        "[0.2%,0.5%)",
        "[0.5%,1%)",
        "[1%,inf)"
      ],
      "return_histogram_counts": [
        7,
        51,
        159,
        204,
        117,
        61,
        23,
        14
      ],
      "top10_pct_pnl_contribution": -0.8172835367584291,
      "trades_per_day": 2.6914305865757613
    },
    "bps8": {
      "mae_proxy_median": -0.0014447026198854407,
      "median_hold_return": -0.000789974951486893,
      "return_histogram_bins": [
        "(-inf,-1%)",
        "[-1%,-0.5%)",
        "[-0.5%,-0.2%)",
        "[-0.2%,0%)",
        "[0%,0.2%)",
        "[0.2%,0.5%)",
        "[0.5%,1%)",
        "[1%,inf)"
      ],
      "return_histogram_counts": [
        7,
        42,
        151,
        201,
        134,
        62,
        25,
        14
      ],
      "top10_pct_pnl_contribution": -1.102287914280733,
      "trades_per_day": 2.6914305865757613
    },
    "gross": {
      "mae_proxy_median": -0.0014447026198854407,
      "median_hold_return": 1.0025048513107038e-05,
      "return_histogram_bins": [
        "(-inf,-1%)",
        "[-1%,-0.5%)",
        "[-0.5%,-0.2%)",
        "[-0.2%,0%)",
        "[0%,0.2%)",
        "[0.2%,0.5%)",
        "[0.5%,1%)",
        "[1%,inf)"
      ],
      "return_histogram_counts": [
        6,
        29,
        104,
        177,
        176,
        96,
        32,
        16
      ],
      "top10_pct_pnl_contribution": 5.072026054804581,
      "trades_per_day": 2.6914305865757613
    }
  },
  "family": "momentum",
  "hypothesis_id": "H125",
  "timestamp_utc": "2026-02-23T17:08:22+00:00",
  "wf_by_mode": {
    "bps10": {
      "aggregate": {
        "mean": -0.0006643795831383154,
        "mean_ci_high": -0.00031905129688005,
        "mean_ci_low": -0.0010008069029839566,
        "n": 484,
        "p_mean_gt_0": 0.0
      },
      "folds": [
        {
          "fold_id": 1,
          "mean": 0.004668325486403058,
          "n": 4,
          "test_end": "2025-08-20T00:00:00+00:00",
          "test_start": "2025-08-05T00:00:00+00:00"
        },
        {
          "fold_id": 2,
          "mean": -0.0007844078852642173,
          "n": 39,
          "test_end": "2025-09-04T00:00:00+00:00",
          "test_start": "2025-08-20T00:00:00+00:00"
        },
        {
          "fold_id": 3,
          "mean": -0.0010934639913857686,
          "n": 102,
          "test_end": "2025-09-19T00:00:00+00:00",
          "test_start": "2025-09-04T00:00:00+00:00"
        },
        {
          "fold_id": 4,
          "mean": -0.00019958565574541671,
          "n": 69,
          "test_end": "2025-10-04T00:00:00+00:00",
          "test_start": "2025-09-19T00:00:00+00:00"
        },
        {
          "fold_id": 5,
          "mean": -0.0020910486830769044,
          "n": 28,
          "test_end": "2025-10-19T00:00:00+00:00",
          "test_start": "2025-10-04T00:00:00+00:00"
        },
        {
          "fold_id": 6,
          "mean": -0.0008123090350424564,
          "n": 117,
          "test_end": "2025-11-03T00:00:00+00:00",
          "test_start": "2025-10-19T00:00:00+00:00"
        },
        {
          "fold_id": 7,
          "mean": -0.0002609073209459915,
          "n": 19,
          "test_end": "2025-11-18T00:00:00+00:00",
          "test_start": "2025-11-03T00:00:00+00:00"
        },
        {
          "fold_id": 8,
          "mean": 0.00040552507433467595,
          "n": 14,
          "test_end": "2025-12-03T00:00:00+00:00",
          "test_start": "2025-11-18T00:00:00+00:00"
        },
        {
          "fold_id": 9,
          "mean": 0.0,
          "n": 0,
          "test_end": "2025-12-18T00:00:00+00:00",
          "test_start": "2025-12-03T00:00:00+00:00"
        },
        {
          "fold_id": 10,
          "mean": -0.001629462275724106,
          "n": 15,
          "test_end": "2026-01-02T00:00:00+00:00",
          "test_start": "2025-12-18T00:00:00+00:00"
        },
        {
          "fold_id": 11,
          "mean": -9.123419314544853e-05,
          "n": 77,
          "test_end": "2026-01-17T00:00:00+00:00",
          "test_start": "2026-01-02T00:00:00+00:00"
        }
      ],
      "positive_folds": {
        "count": 2,
        "pct": 18.181818181818183,
        "total": 11
      },
      "split": {
        "step_days": 15,
        "test_days": 15,
        "train_days": 60
      }
    },
    "bps8": {
      "aggregate": {
        "mean": -0.00046437958313831515,
        "mean_ci_high": -0.0001190512968800497,
        "mean_ci_low": -0.0008008069029839562,
        "n": 484,
        "p_mean_gt_0": 0.004
      },
      "folds": [
        {
          "fold_id": 1,
          "mean": 0.004868325486403058,
          "n": 4,
          "test_end": "2025-08-20T00:00:00+00:00",
          "test_start": "2025-08-05T00:00:00+00:00"
        },
        {
          "fold_id": 2,
          "mean": -0.000584407885264217,
          "n": 39,
          "test_end": "2025-09-04T00:00:00+00:00",
          "test_start": "2025-08-20T00:00:00+00:00"
        },
        {
          "fold_id": 3,
          "mean": -0.0008934639913857678,
          "n": 102,
          "test_end": "2025-09-19T00:00:00+00:00",
          "test_start": "2025-09-04T00:00:00+00:00"
        },
        {
          "fold_id": 4,
          "mean": 4.1434425458343493e-07,
          "n": 69,
          "test_end": "2025-10-04T00:00:00+00:00",
          "test_start": "2025-09-19T00:00:00+00:00"
        },
        {
          "fold_id": 5,
          "mean": -0.0018910486830769038,
          "n": 28,
          "test_end": "2025-10-19T00:00:00+00:00",
          "test_start": "2025-10-04T00:00:00+00:00"
        },
        {
          "fold_id": 6,
          "mean": -0.0006123090350424566,
          "n": 117,
          "test_end": "2025-11-03T00:00:00+00:00",
          "test_start": "2025-10-19T00:00:00+00:00"
        },
        {
          "fold_id": 7,
          "mean": -6.0907320945991644e-05,
          "n": 19,
          "test_end": "2025-11-18T00:00:00+00:00",
          "test_start": "2025-11-03T00:00:00+00:00"
        },
        {
          "fold_id": 8,
          "mean": 0.0006055250743346757,
          "n": 14,
          "test_end": "2025-12-03T00:00:00+00:00",
          "test_start": "2025-11-18T00:00:00+00:00"
        },
        {
          "fold_id": 9,
          "mean": 0.0,
          "n": 0,
          "test_end": "2025-12-18T00:00:00+00:00",
          "test_start": "2025-12-03T00:00:00+00:00"
        },
        {
          "fold_id": 10,
          "mean": -0.0014294622757241053,
          "n": 15,
          "test_end": "2026-01-02T00:00:00+00:00",