{
  "baseline": {
    "bps10": {
      "mean": -0.0010075364295919658,
      "mean_ci_high": -0.0007256988800578419,
      "mean_ci_low": -0.0012872881538939054,
      "n": 828,
      "p_mean_gt_0": 0.0,
      "std": 0.004142047358372376,
      "win_rate": 0.3321256038647343
    },
    "bps8": {
      "mean": -0.0008075364295919655,
      "mean_ci_high": -0.0005256988800578417,
      "mean_ci_low": -0.0010872881538939046,
      "n": 828,
      "p_mean_gt_0": 0.0,
      "std": 0.004142047358372376,
      "win_rate": 0.3635265700483092
    },
    "gross": {
      "mean": -7.536429591965345e-06,
      "mean_ci_high": 0.00027430111994215843,
      "mean_ci_low": -0.0002872881538939048,
      "n": 828,
      "p_mean_gt_0": 0.484,
      "std": 0.004142047358372376,
      "win_rate": 0.47946859903381644
    }
  },
  "config": {
    "bootstrap_iters": 3000,
    "cost_mode": "all",
    "days": 365,
    "horizon": 12,
    "timeframe": "5m",
    "wf": {
      "step_days": 15,
      "test_days": 15,
      "train_days": 60
    }
  },
  "diagnostics_by_mode": {
    "bps10": {
      "mae_proxy_median": -0.0014111635484556073,
      "median_hold_return": -0.0011182737662291933,
      "return_histogram_bins": [
        "(-inf,-1%)",
        "[-1%,-0.5%)",
        "[-0.5%,-0.2%)",
        "[-0.2%,0%)",
        "[0%,0.2%)",
        "[0.2%,0.5%)",
        "[0.5%,1%)",
        "[1%,inf)"
      ],
      "return_histogram_counts": [
        16,
        69,
        217,
        251,
        131,
        91,
        42,
        11
      ],
      "top10_pct_pnl_contribution": -0.6693670582305776,
      "trades_per_day": 3.450399351776826
    },
    "bps8": {
      "mae_proxy_median": -0.0014111635484556073,
      "median_hold_return": -0.0009182737662291933,
      "return_histogram_bins": [
        "(-inf,-1%)",
        "[-1%,-0.5%)",
        "[-0.5%,-0.2%)",
        "[-0.2%,0%)",
        "[0%,0.2%)",
        "[0.2%,0.5%)",
        "[0.5%,1%)",
        "[1%,inf)"
      ],
      "return_histogram_counts": [
        16,
        66,
        196,
        249,
        151,
        94,
        44,
        12
      ],
      "top10_pct_pnl_contribution": -0.8599735933470598,
      "trades_per_day": 3.450399351776826
    },
    "gross": {
      "mae_proxy_median": -0.0014111635484556073,
      "median_hold_return": -0.00011827376622919328,
      "return_histogram_bins": [
        "(-inf,-1%)",
        "[-1%,-0.5%)",
        "[-0.5%,-0.2%)",
        "[-0.2%,0%)",
        "[0%,0.2%)",
        "[0.2%,0.5%)",
        "[0.5%,1%)",
        "[1%,inf)"
      ],
      "return_histogram_counts": [
        11,
        46,
        149,
        225,
        211,
        113,
        58,
        15
      ],
      "top10_pct_pnl_contribution": -102.78782975106651,
      "trades_per_day": 3.450399351776826
    }
  },
  "family": "cross_asset",
  "hypothesis_id": "H126",
  "timestamp_utc": "2026-02-23T17:09:09+00:00",
  "wf_by_mode": {
    "bps10": {
      "aggregate": {
        "mean": -0.0009314382520917403,
        "mean_ci_high": -0.0005947910505015847,
        "mean_ci_low": -0.001270116719639734,
        "n": 660,
        "p_mean_gt_0": 0.0
      },
      "folds": [
        {
          "fold_id": 1,
          "mean": 0.0088730432821336,
          "n": 3,
          "test_end": "2025-08-16T00:00:00+00:00",
          "test_start": "2025-08-01T00:00:00+00:00"
        },
        {
          "fold_id": 2,
          "mean": -0.00038216966858595127,
          "n": 2,
          "test_end": "2025-08-31T00:00:00+00:00",
          "test_start": "2025-08-16T00:00:00+00:00"
        },
        {
          "fold_id": 3,
          "mean": -0.0004367429697669312,
          "n": 78,
          "test_end": "2025-09-15T00:00:00+00:00",
          "test_start": "2025-08-31T00:00:00+00:00"
        },
        {
          "fold_id": 4,
          "mean": -0.000989229795382522,
          "n": 95,
          "test_end": "2025-09-30T00:00:00+00:00",
          "test_start": "2025-09-15T00:00:00+00:00"
        },
        {
          "fold_id": 5,
          "mean": -0.0011459778162734922,
          "n": 76,
          "test_end": "2025-10-15T00:00:00+00:00",
          "test_start": "2025-09-30T00:00:00+00:00"
        },
        {
          "fold_id": 6,
          "mean": -0.0008834994023202113,
          "n": 91,
          "test_end": "2025-10-30T00:00:00+00:00",
          "test_start": "2025-10-15T00:00:00+00:00"
        },
        {
          "fold_id": 7,
          "mean": -0.0009533616029223494,
          "n": 53,
          "test_end": "2025-11-14T00:00:00+00:00",
          "test_start": "2025-10-30T00:00:00+00:00"
        },
        {
          "fold_id": 8,
          "mean": -0.0013158535375468565,
          "n": 55,
          "test_end": "2025-11-29T00:00:00+00:00",
          "test_start": "2025-11-14T00:00:00+00:00"
        },
        {
          "fold_id": 9,
          "mean": 0.0,
          "n": 0,
          "test_end": "2025-12-14T00:00:00+00:00",
          "test_start": "2025-11-29T00:00:00+00:00"
        },
        {
          "fold_id": 10,
          "mean": 0.0,
          "n": 0,
          "test_end": "2025-12-29T00:00:00+00:00",
          "test_start": "2025-12-14T00:00:00+00:00"
        },
        {
          "fold_id": 11,
          "mean": -0.0010457430611476527,
          "n": 112,
          "test_end": "2026-01-13T00:00:00+00:00",
          "test_start": "2025-12-29T00:00:00+00:00"
        },
        {
          "fold_id": 12,
          "mean": -0.0011057385544230944,
          "n": 95,
          "test_end": "2026-01-28T00:00:00+00:00",
          "test_start": "2026-01-13T00:00:00+00:00"
        }
      ],
      "positive_folds": {
        "count": 1,
        "pct": 8.333333333333334,
        "total": 12
      },
      "split": {
        "step_days": 15,
        "test_days": 15,
        "train_days": 60
      }
    },
    "bps8": {
      "aggregate": {
        "mean": -0.0007314382520917401,
        "mean_ci_high": -0.00039479105050158444,
        "mean_ci_low": -0.0010701167196397337,
        "n": 660,
        "p_mean_gt_0": 0.0
      },
      "folds": [
        {
          "fold_id": 1,
          "mean": 0.009073043282133602,
          "n": 3,
          "test_end": "2025-08-16T00:00:00+00:00",
          "test_start": "2025-08-01T00:00:00+00:00"
        },
        {
          "fold_id": 2,
          "mean": -0.00018216966858595118,
          "n": 2,
          "test_end": "2025-08-31T00:00:00+00:00",
          "test_start": "2025-08-16T00:00:00+00:00"
        },
        {
          "fold_id": 3,
          "mean": -0.00023674296976693125,
          "n": 78,
          "test_end": "2025-09-15T00:00:00+00:00",
          "test_start": "2025-08-31T00:00:00+00:00"
        },
        {
          "fold_id": 4,
          "mean": -0.0007892297953825216,
          "n": 95,
          "test_end": "2025-09-30T00:00:00+00:00",
          "test_start": "2025-09-15T00:00:00+00:00"
        },
        {
          "fold_id": 5,
          "mean": -0.000945977816273492,
          "n": 76,
          "test_end": "2025-10-15T00:00:00+00:00",
          "test_start": "2025-09-30T00:00:00+00:00"
        },
        {
          "fold_id": 6,
          "mean": -0.0006834994023202112,
          "n": 91,
          "test_end": "2025-10-30T00:00:00+00:00",
          "test_start": "2025-10-15T00:00:00+00:00"
        },
        {
          "fold_id": 7,
          "mean": -0.0007533616029223493,
          "n": 53,
          "test_end": "2025-11-14T00:00:00+00:00",
          "test_start": "2025-10-30T00:00:00+00:00"
        },
        {
          "fold_id": 8,
          "mean": -0.0011158535375468555,
          "n": 55,
          "test_end": "2025-11-29T00:00:00+00:00",
          "test_start": "2025-11-14T00:00:00+00:00"
        },
        {
          "fold_id": 9,
          "mean": 0.0,
          "n": 0,
          "test_end": "2025-12-14T00:00:00+00:00",