{
  "baseline": {
    "bps10": {
      "mean": -0.0009154305552826956,
      "mean_ci_high": -0.00047234896603475597,
      "mean_ci_low": -0.0013566503556405882,
      "n": 168,
      "p_mean_gt_0": 0.0,
      "std": 0.0029524908664488726,
      "win_rate": 0.34523809523809523
    },
    "bps8": {
      "mean": -0.0007154305552826953,
      "mean_ci_high": -0.0002723489660347558,
      "mean_ci_low": -0.001156650355640588,
      "n": 168,
      "p_mean_gt_0": 0.001,
      "std": 0.0029524908664488726,
      "win_rate": 0.35714285714285715
    },
    "gross": {
      "mean": 8.456944471730459e-05,
      "mean_ci_high": 0.0005276510339652442,
      "mean_ci_low": -0.000356650355640588,
      "n": 168,
      "p_mean_gt_0": 0.648,
      "std": 0.0029524908664488726,
      "win_rate": 0.4880952380952381
    }
  },
  "config": {
    "bootstrap_iters": 3000,
    "cost_mode": "all",
    "days": 365,
    "horizon": 12,
    "timeframe": "5m",
    "wf": {
      "step_days": 15,
      "test_days": 15,
      "train_days": 60
    }
  },
  "diagnostics_by_mode": {
    "bps10": {
      "mae_proxy_median": -0.0011662380081965407,
      "median_hold_return": -0.001052602863121476,
      "return_histogram_bins": [
        "(-inf,-1%)",
        "[-1%,-0.5%)",
        "[-0.5%,-0.2%)",
        "[-0.2%,0%)",
        "[0%,0.2%)",
        "[0.2%,0.5%)",
        "[0.5%,1%)",
        "[1%,inf)"
      ],
      "return_histogram_counts": [
        1,
        10,
        47,
        52,
        33,
        19,
        5,
        1
      ],
      "top10_pct_pnl_contribution": -0.5029707826016264,
      "trades_per_day": 0.7946393378005518
    },
    "bps8": {
      "mae_proxy_median": -0.0011662380081965407,
      "median_hold_return": -0.0008526028631214759,
      "return_histogram_bins": [
        "(-inf,-1%)",
        "[-1%,-0.5%)",
        "[-0.5%,-0.2%)",
        "[-0.2%,0%)",
        "[0%,0.2%)",
        "[0.2%,0.5%)",
        "[0.5%,1%)",
        "[1%,inf)"
      ],
      "return_histogram_counts": [
        1,
        9,
        40,
        58,
        34,
        20,
        5,
        1
      ],
      "top10_pct_pnl_contribution": -0.6718652348530753,
      "trades_per_day": 0.7946393378005518
    },
    "gross": {
      "mae_proxy_median": -0.0011662380081965407,
      "median_hold_return": -5.2602863121475885e-05,
      "return_histogram_bins": [
        "(-inf,-1%)",
        "[-1%,-0.5%)",
        "[-0.5%,-0.2%)",
        "[-0.2%,0%)",
        "[0%,0.2%)",
        "[0.2%,0.5%)",
        "[0.5%,1%)",
        "[1%,inf)"
      ],
      "return_histogram_counts": [
        1,
        4,
        28,
        53,
        48,
        25,
        8,
        1
      ],
      "top10_pct_pnl_contribution": 6.640995466812322,
      "trades_per_day": 0.7946393378005518
    }
  },
  "family": "funding_regime",
  "hypothesis_id": "H127",
  "timestamp_utc": "2026-02-23T17:09:10+00:00",
  "wf_by_mode": {
    "bps10": {
      "aggregate": {
        "mean": -0.0005572386656168798,
        "mean_ci_high": 2.8850235875645604e-05,
        "mean_ci_low": -0.0011169660342131714,
        "n": 91,
        "p_mean_gt_0": 0.03166666666666667
      },
      "folds": [
        {
          "fold_id": 1,
          "mean": 0.011909495821093352,
          "n": 1,
          "test_end": "2025-08-24T00:00:00+00:00",
          "test_start": "2025-08-09T00:00:00+00:00"
        },
        {
          "fold_id": 2,
          "mean": 0.0,
          "n": 0,
          "test_end": "2025-09-08T00:00:00+00:00",
          "test_start": "2025-08-24T00:00:00+00:00"
        },
        {
          "fold_id": 3,
          "mean": 0.0,
          "n": 0,
          "test_end": "2025-09-23T00:00:00+00:00",
          "test_start": "2025-09-08T00:00:00+00:00"
        },
        {
          "fold_id": 4,
          "mean": -0.00032669316538372996,
          "n": 19,
          "test_end": "2025-10-08T00:00:00+00:00",
          "test_start": "2025-09-23T00:00:00+00:00"
        },
        {
          "fold_id": 5,
          "mean": -0.0011798509947446754,
          "n": 3,
          "test_end": "2025-10-23T00:00:00+00:00",
          "test_start": "2025-10-08T00:00:00+00:00"
        },
        {
          "fold_id": 6,
          "mean": -0.0007291135231144618,
          "n": 6,
          "test_end": "2025-11-07T00:00:00+00:00",
          "test_start": "2025-10-23T00:00:00+00:00"
        },
        {
          "fold_id": 7,
          "mean": -0.0003071564395370847,
          "n": 3,
          "test_end": "2025-11-22T00:00:00+00:00",
          "test_start": "2025-11-07T00:00:00+00:00"
        },
        {
          "fold_id": 8,
          "mean": 0.0,
          "n": 0,
          "test_end": "2025-12-07T00:00:00+00:00",
          "test_start": "2025-11-22T00:00:00+00:00"
        },
        {
          "fold_id": 9,
          "mean": 0.0,
          "n": 0,
          "test_end": "2025-12-22T00:00:00+00:00",
          "test_start": "2025-12-07T00:00:00+00:00"
        },
        {
          "fold_id": 10,
          "mean": -0.0008063617086170591,
          "n": 59,
          "test_end": "2026-01-06T00:00:00+00:00",
          "test_start": "2025-12-22T00:00:00+00:00"
        }
      ],
      "positive_folds": {
        "count": 1,
        "pct": 10.0,
        "total": 10
      },
      "split": {
        "step_days": 15,
        "test_days": 15,
        "train_days": 60
      }
    },
    "bps8": {
      "aggregate": {
        "mean": -0.00035723866561687977,
        "mean_ci_high": 0.00022885023587564593,
        "mean_ci_low": -0.000916966034213171,
        "n": 91,
        "p_mean_gt_0": 0.116
      },
      "folds": [
        {
          "fold_id": 1,
          "mean": 0.012109495821093353,
          "n": 1,
          "test_end": "2025-08-24T00:00:00+00:00",
          "test_start": "2025-08-09T00:00:00+00:00"
        },
        {
          "fold_id": 2,
          "mean": 0.0,
          "n": 0,
          "test_end": "2025-09-08T00:00:00+00:00",
          "test_start": "2025-08-24T00:00:00+00:00"
        },
        {
          "fold_id": 3,
          "mean": 0.0,
          "n": 0,
          "test_end": "2025-09-23T00:00:00+00:00",
          "test_start": "2025-09-08T00:00:00+00:00"
        },
        {
          "fold_id": 4,
          "mean": -0.0001266931653837299,
          "n": 19,
          "test_end": "2025-10-08T00:00:00+00:00",
          "test_start": "2025-09-23T00:00:00+00:00"
        },
        {
          "fold_id": 5,
          "mean": -0.0009798509947446753,
          "n": 3,
          "test_end": "2025-10-23T00:00:00+00:00",
          "test_start": "2025-10-08T00:00:00+00:00"
        },
        {
          "fold_id": 6,
          "mean": -0.0005291135231144618,
          "n": 6,
          "test_end": "2025-11-07T00:00:00+00:00",
          "test_start": "2025-10-23T00:00:00+00:00"
        },
        {
          "fold_id": 7,
          "mean": -0.00010715643953708457,
          "n": 3,
          "test_end": "2025-11-22T00:00:00+00:00",
          "test_start": "2025-11-07T00:00:00+00:00"
        },
        {
          "fold_id": 8,
          "mean": 0.0,
          "n": 0,
          "test_end": "2025-12-07T00:00:00+00:00",
          "test_start": "2025-11-22T00:00:00+00:00"
        },
        {
          "fold_id": 9,
          "mean": 0.0,
          "n": 0,
          "test_end": "2025-12-22T00:00:00+00:00",
          "test_start": "2025-12-07T00:00:00+00:00"
        },
        {
          "fold_id": 10,
          "mean": -0.0006063617086170592,
          "n": 59,
          "test_end": "2026-01-06T00:00:00+00:00",
          "test_start": "2025-12-22T00:00:00+00:00"
        }
      ],
      "positive_folds": {
        "count": 1,
        "pct": 10.0,
        "total": 10
      },
      "split": {
        "step_days": 15,
        "test_days": 15,
        "train_days": 60
      }
    },
    "gross": {
      "aggregate": {
        "mean": 0.0004427613343831204,
        "mean_ci_high": 0.0010288502358756458,