{
  "baseline": {
    "bps10": {
      "mean": -0.0004833678283743888,
      "mean_ci_high": 0.00022225611833033638,
      "mean_ci_low": -0.0011905093293131809,
      "n": 448,
      "p_mean_gt_0": 0.08633333333333333,
      "std": 0.007534405991432076,
      "win_rate": 0.47544642857142855
    },
    "bps8": {
      "mean": -0.0002833678283743886,
      "mean_ci_high": 0.0004222561183303368,
      "mean_ci_low": -0.0009905093293131803,
      "n": 448,
      "p_mean_gt_0": 0.208,
      "std": 0.007534405991432076,
      "win_rate": 0.4888392857142857
    },
    "gross": {
      "mean": 0.0005166321716256118,
      "mean_ci_high": 0.001222256118330337,
      "mean_ci_low": -0.0001905093293131801,
      "n": 448,
      "p_mean_gt_0": 0.9233333333333333,
      "std": 0.007534405991432076,
      "win_rate": 0.5401785714285714
    }
  },
  "config": {
    "bootstrap_iters": 3000,
    "cost_mode": "all",
    "days": 365,
    "horizon": 24,
    "timeframe": "5m",
    "wf": {
      "step_days": 15,
      "test_days": 15,
      "train_days": 60
    }
  },
  "diagnostics_by_mode": {
    "bps10": {
      "mae_proxy_median": -0.003041507328563786,
      "median_hold_return": -0.00040914180817130854,
      "return_histogram_bins": [
        "(-inf,-1%)",
        "[-1%,-0.5%)",
        "[-0.5%,-0.2%)",
        "[-0.2%,0%)",
        "[0%,0.2%)",
        "[0.2%,0.5%)",
        "[0.5%,1%)",
        "[1%,inf)"
      ],
      "return_histogram_counts": [
        41,
        56,
        69,
        69,
        56,
        74,
        54,
        29
      ],
      "top10_pct_pnl_contribution": -2.669282817079168,
      "trades_per_day": 1.8899630866584638
    },
    "bps8": {
      "mae_proxy_median": -0.003041507328563786,
      "median_hold_return": -0.00020914180817130856,
      "return_histogram_bins": [
        "(-inf,-1%)",
        "[-1%,-0.5%)",
        "[-0.5%,-0.2%)",
        "[-0.2%,0%)",
        "[0%,0.2%)",
        "[0.2%,0.5%)",
        "[0.5%,1%)",
        "[1%,inf)"
      ],
      "return_histogram_counts": [
        38,
        57,
        65,
        69,
        53,
        80,
        56,
        30
      ],
      "top10_pct_pnl_contribution": -4.624147814661887,
      "trades_per_day": 1.8899630866584638
    },
    "gross": {
      "mae_proxy_median": -0.003041507328563786,
      "median_hold_return": 0.0005908581918286915,
      "return_histogram_bins": [
        "(-inf,-1%)",
        "[-1%,-0.5%)",
        "[-0.5%,-0.2%)",
        "[-0.2%,0%)",
        "[0%,0.2%)",
        "[0.2%,0.5%)",
        "[0.5%,1%)",
        "[1%,inf)"
      ],
      "return_histogram_counts": [
        34,
        46,
        61,
        65,
        54,
        83,
        68,
        37
      ],
      "top10_pct_pnl_contribution": 2.691841398115351,
      "trades_per_day": 1.8899630866584638
    }
  },
  "family": "volatility_state",
  "hypothesis_id": "H128",
  "timestamp_utc": "2026-02-23T17:09:11+00:00",
  "wf_by_mode": {
    "bps10": {
      "aggregate": {
        "mean": -0.0006792639985945129,
        "mean_ci_high": 0.0001666538501278864,
        "mean_ci_low": -0.001527399913949355,
        "n": 308,
        "p_mean_gt_0": 0.063
      },
      "folds": [
        {
          "fold_id": 1,
          "mean": 0.005874389082793763,
          "n": 5,
          "test_end": "2025-08-19T00:00:00+00:00",
          "test_start": "2025-08-04T00:00:00+00:00"
        },
        {
          "fold_id": 2,
          "mean": 0.0039008487628874656,
          "n": 10,
          "test_end": "2025-09-03T00:00:00+00:00",
          "test_start": "2025-08-19T00:00:00+00:00"
        },
        {
          "fold_id": 3,
          "mean": -0.0009431011720689511,
          "n": 22,
          "test_end": "2025-09-18T00:00:00+00:00",
          "test_start": "2025-09-03T00:00:00+00:00"
        },
        {
          "fold_id": 4,
          "mean": -0.0008749473891370585,
          "n": 47,
          "test_end": "2025-10-03T00:00:00+00:00",
          "test_start": "2025-09-18T00:00:00+00:00"
        },
        {
          "fold_id": 5,
          "mean": -0.0007725295792911797,
          "n": 45,
          "test_end": "2025-10-18T00:00:00+00:00",
          "test_start": "2025-10-03T00:00:00+00:00"
        },
        {
          "fold_id": 6,
          "mean": -0.0007246183381220658,
          "n": 34,
          "test_end": "2025-11-02T00:00:00+00:00",
          "test_start": "2025-10-18T00:00:00+00:00"
        },
        {
          "fold_id": 7,
          "mean": -0.0026693453721358808,
          "n": 45,
          "test_end": "2025-11-17T00:00:00+00:00",
          "test_start": "2025-11-02T00:00:00+00:00"
        },
        {
          "fold_id": 8,
          "mean": -0.0006446543348758694,
          "n": 29,
          "test_end": "2025-12-02T00:00:00+00:00",
          "test_start": "2025-11-17T00:00:00+00:00"
        },
        {
          "fold_id": 9,
          "mean": 0.0,
          "n": 0,
          "test_end": "2025-12-17T00:00:00+00:00",
          "test_start": "2025-12-02T00:00:00+00:00"
        },
        {
          "fold_id": 10,
          "mean": -0.004475111102991546,
          "n": 5,
          "test_end": "2026-01-01T00:00:00+00:00",
          "test_start": "2025-12-17T00:00:00+00:00"
        },
        {
          "fold_id": 11,
          "mean": 7.377175760198695e-05,
          "n": 66,
          "test_end": "2026-01-16T00:00:00+00:00",
          "test_start": "2026-01-01T00:00:00+00:00"
        }
      ],
      "positive_folds": {
        "count": 3,
        "pct": 27.272727272727273,
        "total": 11
      },
      "split": {
        "step_days": 15,
        "test_days": 15,
        "train_days": 60
      }
    },
    "bps8": {
      "aggregate": {
        "mean": -0.00047926399859451254,
        "mean_ci_high": 0.0003666538501278866,
        "mean_ci_low": -0.0013273999139493547,
        "n": 308,
        "p_mean_gt_0": 0.14133333333333334
      },
      "folds": [
        {
          "fold_id": 1,
          "mean": 0.0060743890827937635,
          "n": 5,
          "test_end": "2025-08-19T00:00:00+00:00",
          "test_start": "2025-08-04T00:00:00+00:00"
        },
        {
          "fold_id": 2,
          "mean": 0.0041008487628874666,
          "n": 10,
          "test_end": "2025-09-03T00:00:00+00:00",
          "test_start": "2025-08-19T00:00:00+00:00"
        },
        {
          "fold_id": 3,
          "mean": -0.0007431011720689506,
          "n": 22,
          "test_end": "2025-09-18T00:00:00+00:00",
          "test_start": "2025-09-03T00:00:00+00:00"
        },
        {
          "fold_id": 4,
          "mean": -0.0006749473891370581,
          "n": 47,
          "test_end": "2025-10-03T00:00:00+00:00",
          "test_start": "2025-09-18T00:00:00+00:00"
        },
        {
          "fold_id": 5,
          "mean": -0.000572529579291179,
          "n": 45,
          "test_end": "2025-10-18T00:00:00+00:00",
          "test_start": "2025-10-03T00:00:00+00:00"
        },
        {
          "fold_id": 6,
          "mean": -0.0005246183381220661,
          "n": 34,
          "test_end": "2025-11-02T00:00:00+00:00",
          "test_start": "2025-10-18T00:00:00+00:00"
        },
        {
          "fold_id": 7,
          "mean": -0.0024693453721358794,
          "n": 45,
          "test_end": "2025-11-17T00:00:00+00:00",
          "test_start": "2025-11-02T00:00:00+00:00"
        },
        {
          "fold_id": 8,
          "mean": -0.0004446543348758685,
          "n": 29,
          "test_end": "2025-12-02T00:00:00+00:00",
          "test_start": "2025-11-17T00:00:00+00:00"
        },
        {
          "fold_id": 9,
          "mean": 0.0,
          "n": 0,
          "test_end": "2025-12-17T00:00:00+00:00",
          "test_start": "2025-12-02T00:00:00+00:00"
        },
        {
          "fold_id": 10,
          "mean": -0.004275111102991546,
          "n": 5,
          "test_end": "2026-01-01T00:00:00+00:00",