{
  "baseline": {
    "bps10": {
      "mean": -0.0011303243320162496,
      "mean_ci_high": -0.0007318581225232543,
      "mean_ci_low": -0.0015315797588989265,
      "n": 691,
      "p_mean_gt_0": 0.0,
      "std": 0.005437049988052783,
      "win_rate": 0.37337192474674386
    },
    "bps8": {
      "mean": -0.0009303243320162493,
      "mean_ci_high": -0.0005318581225232539,
      "mean_ci_low": -0.0013315797588989264,
      "n": 691,
      "p_mean_gt_0": 0.0,
      "std": 0.005437049988052783,
      "win_rate": 0.4037626628075253
    },
    "gross": {
      "mean": -0.00013032433201624923,
      "mean_ci_high": 0.0002681418774767462,
      "mean_ci_low": -0.0005315797588989262,
      "n": 691,
      "p_mean_gt_0": 0.25666666666666665,
      "std": 0.005437049988052783,
      "win_rate": 0.48914616497829233
    }
  },
  "config": {
    "bootstrap_iters": 3000,
    "cost_mode": "all",
    "days": 365,
    "horizon": 12,
    "timeframe": "5m",
    "wf": {
      "step_days": 15,
      "test_days": 15,
      "train_days": 60
    }
  },
  "diagnostics_by_mode": {
    "bps10": {
      "mae_proxy_median": -0.0021463825919557644,
      "median_hold_return": -0.0011483318387291988,
      "return_histogram_bins": [
        "(-inf,-1%)",
        "[-1%,-0.5%)",
        "[-0.5%,-0.2%)",
        "[-0.2%,0%)",
        "[0%,0.2%)",
        "[0.2%,0.5%)",
        "[0.5%,1%)",
        "[1%,inf)"
      ],
      "return_histogram_counts": [
        38,
        83,
        161,
        151,
        103,
        90,
        47,
        18
      ],
      "top10_pct_pnl_contribution": -0.7736957363705896,
      "trades_per_day": 2.9150993144665143
    },
    "bps8": {
      "mae_proxy_median": -0.0021463825919557644,
      "median_hold_return": -0.0009483318387291988,
      "return_histogram_bins": [
        "(-inf,-1%)",
        "[-1%,-0.5%)",
        "[-0.5%,-0.2%)",
        "[-0.2%,0%)",
        "[0%,0.2%)",
        "[0.2%,0.5%)",
        "[0.5%,1%)",
        "[1%,inf)"
      ],
      "return_histogram_counts": [
        35,
        74,
        157,
        146,
        111,
        98,
        50,
        20
      ],
      "top10_pct_pnl_contribution": -0.9618017906703522,
      "trades_per_day": 2.9150993144665143
    },
    "gross": {
      "mae_proxy_median": -0.0021463825919557644,
      "median_hold_return": -0.00014833183872919875,
      "return_histogram_bins": [
        "(-inf,-1%)",
        "[-1%,-0.5%)",
        "[-0.5%,-0.2%)",
        "[-0.2%,0%)",
        "[0%,0.2%)",
        "[0.2%,0.5%)",
        "[0.5%,1%)",
        "[1%,inf)"
      ],
      "return_histogram_counts": [
        22,
        69,
        119,
        143,
        133,
        121,
        61,
        23
      ],
      "top10_pct_pnl_contribution": -7.487700581329991,
      "trades_per_day": 2.9150993144665143
    }
  },
  "family": "volatility_state",
  "hypothesis_id": "H129",
  "timestamp_utc": "2026-02-23T17:09:13+00:00",
  "wf_by_mode": {
    "bps10": {
      "aggregate": {
        "mean": -0.00121723574151631,
        "mean_ci_high": -0.0006837578379733224,
        "mean_ci_low": -0.0017518058969858523,
        "n": 481,
        "p_mean_gt_0": 0.0
      },
      "folds": [
        {
          "fold_id": 1,
          "mean": 0.008786424816019841,
          "n": 3,
          "test_end": "2025-08-19T00:00:00+00:00",
          "test_start": "2025-08-04T00:00:00+00:00"
        },
        {
          "fold_id": 2,
          "mean": 0.0006883526943149184,
          "n": 7,
          "test_end": "2025-09-03T00:00:00+00:00",
          "test_start": "2025-08-19T00:00:00+00:00"
        },
        {
          "fold_id": 3,
          "mean": -0.0019255067674920764,
          "n": 32,
          "test_end": "2025-09-18T00:00:00+00:00",
          "test_start": "2025-09-03T00:00:00+00:00"
        },
        {
          "fold_id": 4,
          "mean": -0.0006714330254934534,
          "n": 85,
          "test_end": "2025-10-03T00:00:00+00:00",
          "test_start": "2025-09-18T00:00:00+00:00"
        },
        {
          "fold_id": 5,
          "mean": -0.0015765670001168224,
          "n": 94,
          "test_end": "2025-10-18T00:00:00+00:00",
          "test_start": "2025-10-03T00:00:00+00:00"
        },
        {
          "fold_id": 6,
          "mean": -0.0008445224672313512,
          "n": 59,
          "test_end": "2025-11-02T00:00:00+00:00",
          "test_start": "2025-10-18T00:00:00+00:00"
        },
        {
          "fold_id": 7,
          "mean": -0.0018964915370332763,
          "n": 80,
          "test_end": "2025-11-17T00:00:00+00:00",
          "test_start": "2025-11-02T00:00:00+00:00"
        },
        {
          "fold_id": 8,
          "mean": -0.0021564738943876836,
          "n": 33,
          "test_end": "2025-12-02T00:00:00+00:00",
          "test_start": "2025-11-17T00:00:00+00:00"
        },
        {
          "fold_id": 9,
          "mean": 0.0,
          "n": 0,
          "test_end": "2025-12-17T00:00:00+00:00",
          "test_start": "2025-12-02T00:00:00+00:00"
        },
        {
          "fold_id": 10,
          "mean": -0.002948538796665056,
          "n": 5,
          "test_end": "2026-01-01T00:00:00+00:00",
          "test_start": "2025-12-17T00:00:00+00:00"
        },
        {
          "fold_id": 11,
          "mean": -0.0007509678579820121,
          "n": 83,
          "test_end": "2026-01-16T00:00:00+00:00",
          "test_start": "2026-01-01T00:00:00+00:00"
        }
      ],
      "positive_folds": {
        "count": 2,
        "pct": 18.181818181818183,
        "total": 11
      },
      "split": {
        "step_days": 15,
        "test_days": 15,
        "train_days": 60
      }
    },
    "bps8": {
      "aggregate": {
        "mean": -0.0010172357415163095,
        "mean_ci_high": -0.0004837578379733221,
        "mean_ci_low": -0.0015518058969858518,
        "n": 481,
        "p_mean_gt_0": 0.0
      },
      "folds": [
        {
          "fold_id": 1,
          "mean": 0.008986424816019842,
          "n": 3,
          "test_end": "2025-08-19T00:00:00+00:00",
          "test_start": "2025-08-04T00:00:00+00:00"
        },
        {
          "fold_id": 2,
          "mean": 0.0008883526943149188,
          "n": 7,
          "test_end": "2025-09-03T00:00:00+00:00",
          "test_start": "2025-08-19T00:00:00+00:00"
        },
        {
          "fold_id": 3,
          "mean": -0.0017255067674920763,
          "n": 32,
          "test_end": "2025-09-18T00:00:00+00:00",
          "test_start": "2025-09-03T00:00:00+00:00"
        },
        {
          "fold_id": 4,
          "mean": -0.00047143302549345354,
          "n": 85,
          "test_end": "2025-10-03T00:00:00+00:00",
          "test_start": "2025-09-18T00:00:00+00:00"
        },
        {
          "fold_id": 5,
          "mean": -0.001376567000116822,
          "n": 94,
          "test_end": "2025-10-18T00:00:00+00:00",
          "test_start": "2025-10-03T00:00:00+00:00"
        },
        {
          "fold_id": 6,
          "mean": -0.0006445224672313509,
          "n": 59,
          "test_end": "2025-11-02T00:00:00+00:00",
          "test_start": "2025-10-18T00:00:00+00:00"
        },
        {
          "fold_id": 7,
          "mean": -0.0016964915370332755,
          "n": 80,
          "test_end": "2025-11-17T00:00:00+00:00",
          "test_start": "2025-11-02T00:00:00+00:00"
        },
        {
          "fold_id": 8,
          "mean": -0.001956473894387683,
          "n": 33,
          "test_end": "2025-12-02T00:00:00+00:00",
          "test_start": "2025-11-17T00:00:00+00:00"
        },
        {
          "fold_id": 9,
          "mean": 0.0,
          "n": 0,
          "test_end": "2025-12-17T00:00:00+00:00",
          "test_start": "2025-12-02T00:00:00+00:00"
        },
        {
          "fold_id": 10,
          "mean": -0.002748538796665056,
          "n": 5,
          "test_end": "2026-01-01T00:00:00+00:00",