{
  "baseline": {
    "bps10": {
      "mean": -0.0010805211642782326,
      "mean_ci_high": -0.0009117878868497136,
      "mean_ci_low": -0.0012393966858329605,
      "n": 1838,
      "p_mean_gt_0": 0.0,
      "std": 0.0035940779031291238,
      "win_rate": 0.30957562568008706
    },
    "bps8": {
      "mean": -0.0008805211642782322,
      "mean_ci_high": -0.0007117878868497132,
      "mean_ci_low": -0.0010393966858329602,
      "n": 1838,
      "p_mean_gt_0": 0.0,
      "std": 0.0035940779031291238,
      "win_rate": 0.3373231773667029
    },
    "gross": {
      "mean": -8.052116427823218e-05,
      "mean_ci_high": 8.821211315028676e-05,
      "mean_ci_low": -0.00023939668583296018,
      "n": 1838,
      "p_mean_gt_0": 0.166,
      "std": 0.0035940779031291238,
      "win_rate": 0.46789989118607184
    }
  },
  "config": {
    "bootstrap_iters": 3000,
    "cost_mode": "all",
    "days": 365,
    "horizon": 12,
    "timeframe": "5m",
    "wf": {
      "step_days": 15,
      "test_days": 15,
      "train_days": 60
    }
  },
  "diagnostics_by_mode": {
    "bps10": {
      "mae_proxy_median": -0.001411976633048484,
      "median_hold_return": -0.0011790589872293636,
      "return_histogram_bins": [
        "(-inf,-1%)",
        "[-1%,-0.5%)",
        "[-0.5%,-0.2%)",
        "[-0.2%,0%)",
        "[0%,0.2%)",
        "[0.2%,0.5%)",
        "[0.5%,1%)",
        "[1%,inf)"
      ],
      "return_histogram_counts": [
        29,
        130,
        498,
        612,
        308,
        184,
        62,
        15
      ],
      "top10_pct_pnl_contribution": -0.5179895502331164,
      "trades_per_day": 6.928677076925091
    },
    "bps8": {
      "mae_proxy_median": -0.001411976633048484,
      "median_hold_return": -0.0009790589872293635,
      "return_histogram_bins": [
        "(-inf,-1%)",
        "[-1%,-0.5%)",
        "[-0.5%,-0.2%)",
        "[-0.2%,0%)",
        "[0%,0.2%)",
        "[0.2%,0.5%)",
        "[0.5%,1%)",
        "[1%,inf)"
      ],
      "return_histogram_counts": [
        26,
        120,
        456,
        616,
        341,
        195,
        68,
        16
      ],
      "top10_pct_pnl_contribution": -0.6583833054855432,
      "trades_per_day": 6.928677076925091
    },
    "gross": {
      "mae_proxy_median": -0.001411976633048484,
      "median_hold_return": -0.00017905898722936353,
      "return_histogram_bins": [
        "(-inf,-1%)",
        "[-1%,-0.5%)",
        "[-0.5%,-0.2%)",
        "[-0.2%,0%)",
        "[0%,0.2%)",
        "[0.2%,0.5%)",
        "[0.5%,1%)",
        "[1%,inf)"
      ],
      "return_histogram_counts": [
        20,
        81,
        307,
        570,
        494,
        257,
        88,
        21
      ],
      "top10_pct_pnl_contribution": -8.194211940976592,
      "trades_per_day": 6.928677076925091
    }
  },
  "family": "mean_reversion",
  "hypothesis_id": "H131",
  "timestamp_utc": "2026-02-23T17:32:05+00:00",
  "wf_by_mode": {
    "bps10": {
      "aggregate": {
        "mean": -0.001054221452026365,
        "mean_ci_high": -0.000839432080063399,
        "mean_ci_low": -0.0012538538648515167,
        "n": 1236,
        "p_mean_gt_0": 0.0
      },
      "folds": [
        {
          "fold_id": 1,
          "mean": -0.0010341423397057599,
          "n": 155,
          "test_end": "2025-08-16T00:00:00+00:00",
          "test_start": "2025-08-01T00:00:00+00:00"
        },
        {
          "fold_id": 2,
          "mean": -0.001032208076535103,
          "n": 178,
          "test_end": "2025-08-31T00:00:00+00:00",
          "test_start": "2025-08-16T00:00:00+00:00"
        },
        {
          "fold_id": 3,
          "mean": -0.0009547209561766644,
          "n": 125,
          "test_end": "2025-09-15T00:00:00+00:00",
          "test_start": "2025-08-31T00:00:00+00:00"
        },
        {
          "fold_id": 4,
          "mean": -0.0008346428754495644,
          "n": 100,
          "test_end": "2025-09-30T00:00:00+00:00",
          "test_start": "2025-09-15T00:00:00+00:00"
        },
        {
          "fold_id": 5,
          "mean": -0.001149988795098806,
          "n": 13,
          "test_end": "2025-10-15T00:00:00+00:00",
          "test_start": "2025-09-30T00:00:00+00:00"
        },
        {
          "fold_id": 6,
          "mean": -0.0004393706136611045,
          "n": 25,
          "test_end": "2025-10-30T00:00:00+00:00",
          "test_start": "2025-10-15T00:00:00+00:00"
        },
        {
          "fold_id": 7,
          "mean": -0.0008552488814454274,
          "n": 135,
          "test_end": "2025-11-14T00:00:00+00:00",
          "test_start": "2025-10-30T00:00:00+00:00"
        },
        {
          "fold_id": 8,
          "mean": -0.001595264717214689,
          "n": 161,
          "test_end": "2025-11-29T00:00:00+00:00",
          "test_start": "2025-11-14T00:00:00+00:00"
        },
        {
          "fold_id": 9,
          "mean": -0.0015174576486528656,
          "n": 17,
          "test_end": "2025-12-14T00:00:00+00:00",
          "test_start": "2025-11-29T00:00:00+00:00"
        },
        {
          "fold_id": 10,
          "mean": 0.0,
          "n": 0,
          "test_end": "2025-12-29T00:00:00+00:00",
          "test_start": "2025-12-14T00:00:00+00:00"
        },
        {
          "fold_id": 11,
          "mean": -0.0012377745955238033,
          "n": 132,
          "test_end": "2026-01-13T00:00:00+00:00",
          "test_start": "2025-12-29T00:00:00+00:00"
        },
        {
          "fold_id": 12,
          "mean": -0.0011501221755476684,
          "n": 150,
          "test_end": "2026-01-28T00:00:00+00:00",
          "test_start": "2026-01-13T00:00:00+00:00"
        },
        {
          "fold_id": 13,
          "mean": 8.318852784431264e-05,
          "n": 45,
          "test_end": "2026-02-12T00:00:00+00:00",
          "test_start": "2026-01-28T00:00:00+00:00"
        }
      ],
      "positive_folds": {
        "count": 1,
        "pct": 7.6923076923076925,
        "total": 13
      },
      "split": {
        "step_days": 15,
        "test_days": 15,
        "train_days": 60
      }
    },
    "bps8": {
      "aggregate": {
        "mean": -0.000854221452026365,
        "mean_ci_high": -0.0006394320800633988,
        "mean_ci_low": -0.0010538538648515166,
        "n": 1236,
        "p_mean_gt_0": 0.0
      },
      "folds": [
        {
          "fold_id": 1,
          "mean": -0.0008341423397057597,
          "n": 155,
          "test_end": "2025-08-16T00:00:00+00:00",
          "test_start": "2025-08-01T00:00:00+00:00"
        },
        {
          "fold_id": 2,
          "mean": -0.0008322080765351029,
          "n": 178,
          "test_end": "2025-08-31T00:00:00+00:00",
          "test_start": "2025-08-16T00:00:00+00:00"
        },
        {
          "fold_id": 3,
          "mean": -0.000754720956176664,
          "n": 125,
          "test_end": "2025-09-15T00:00:00+00:00",
          "test_start": "2025-08-31T00:00:00+00:00"
        },
        {
          "fold_id": 4,
          "mean": -0.0006346428754495641,
          "n": 100,
          "test_end": "2025-09-30T00:00:00+00:00",
          "test_start": "2025-09-15T00:00:00+00:00"
        },
        {
          "fold_id": 5,
          "mean": -0.0009499887950988057,
          "n": 13,
          "test_end": "2025-10-15T00:00:00+00:00",
          "test_start": "2025-09-30T00:00:00+00:00"
        },
        {
          "fold_id": 6,
          "mean": -0.00023937061366110428,
          "n": 25,
          "test_end": "2025-10-30T00:00:00+00:00",
          "test_start": "2025-10-15T00:00:00+00:00"
        },
        {
          "fold_id": 7,
          "mean": -0.0006552488814454272,
          "n": 135,
          "test_end": "2025-11-14T00:00:00+00:00",
          "test_start": "2025-10-30T00:00:00+00:00"
        },
        {
          "fold_id": 8,
          "mean": -0.0013952647172146887,
          "n": 161,
          "test_end": "2025-11-29T00:00:00+00:00",