{
  "baseline": {
    "bps10": {
      "mean": -0.0011906007394244177,
      "mean_ci_high": -0.0008379090912885586,
      "mean_ci_low": -0.0015808470924962472,
      "n": 613,
      "p_mean_gt_0": 0.0,
      "std": 0.004752513260348677,
      "win_rate": 0.34910277324632955
    },
    "bps8": {
      "mean": -0.0009906007394244172,
      "mean_ci_high": -0.0006379090912885581,
      "mean_ci_low": -0.0013808470924962467,
      "n": 613,
      "p_mean_gt_0": 0.0,
      "std": 0.004752513260348677,
      "win_rate": 0.37520391517128876
    },
    "gross": {
      "mean": -0.00019060073942441728,
      "mean_ci_high": 0.00016209090871144183,
      "mean_ci_low": -0.0005808470924962468,
      "n": 613,
      "p_mean_gt_0": 0.15633333333333332,
      "std": 0.004752513260348677,
      "win_rate": 0.5236541598694943
    }
  },
  "config": {
    "bootstrap_iters": 3000,
    "cost_mode": "all",
    "days": 365,
    "horizon": 12,
    "timeframe": "5m",
    "wf": {
      "step_days": 15,
      "test_days": 15,
      "train_days": 60
    }
  },
  "diagnostics_by_mode": {
    "bps10": {
      "mae_proxy_median": -0.0014797329626250466,
      "median_hold_return": -0.0008612446209711458,
      "return_histogram_bins": [
        "(-inf,-1%)",
        "[-1%,-0.5%)",
        "[-0.5%,-0.2%)",
        "[-0.2%,0%)",
        "[0%,0.2%)",
        "[0.2%,0.5%)",
        "[0.5%,1%)",
        "[1%,inf)"
      ],
      "return_histogram_counts": [
        21,
        63,
        125,
        190,
        111,
        73,
        19,
        11
      ],
      "top10_pct_pnl_contribution": -0.5742607178466458,
      "trades_per_day": 2.396871945259042
    },
    "bps8": {
      "mae_proxy_median": -0.0014797329626250466,
      "median_hold_return": -0.0006612446209711458,
      "return_histogram_bins": [
        "(-inf,-1%)",
        "[-1%,-0.5%)",
        "[-0.5%,-0.2%)",
        "[-0.2%,0%)",
        "[0%,0.2%)",
        "[0.2%,0.5%)",
        "[0.5%,1%)",
        "[1%,inf)"
      ],
      "return_histogram_counts": [
        20,
        61,
        114,
        188,
        118,
        77,
        23,
        12
      ],
      "top10_pct_pnl_contribution": -0.7106229505658141,
      "trades_per_day": 2.396871945259042
    },
    "gross": {
      "mae_proxy_median": -0.0014797329626250466,
      "median_hold_return": 0.00013875537902885426,
      "return_histogram_bins": [
        "(-inf,-1%)",
        "[-1%,-0.5%)",
        "[-0.5%,-0.2%)",
        "[-0.2%,0%)",
        "[0%,0.2%)",
        "[0.2%,0.5%)",
        "[0.5%,1%)",
        "[1%,inf)"
      ],
      "return_histogram_counts": [
        16,
        49,
        86,
        141,
        175,
        98,
        34,
        14
      ],
      "top10_pct_pnl_contribution": -4.1178075311773155,
      "trades_per_day": 2.396871945259042
    }
  },
  "family": "funding_regime",
  "hypothesis_id": "H132",
  "timestamp_utc": "2026-02-23T17:32:06+00:00",
  "wf_by_mode": {
    "bps10": {
      "aggregate": {
        "mean": -0.0012327490435361632,
        "mean_ci_high": -0.0007169626353397011,
        "mean_ci_low": -0.0017267316338921775,
        "n": 397,
        "p_mean_gt_0": 0.0
      },
      "folds": [
        {
          "fold_id": 1,
          "mean": -0.0014048456055572396,
          "n": 30,
          "test_end": "2025-08-24T00:00:00+00:00",
          "test_start": "2025-08-09T00:00:00+00:00"
        },
        {
          "fold_id": 2,
          "mean": -0.002844635202740697,
          "n": 12,
          "test_end": "2025-09-08T00:00:00+00:00",
          "test_start": "2025-08-24T00:00:00+00:00"
        },
        {
          "fold_id": 3,
          "mean": 0.0,
          "n": 0,
          "test_end": "2025-09-23T00:00:00+00:00",
          "test_start": "2025-09-08T00:00:00+00:00"
        },
        {
          "fold_id": 4,
          "mean": -0.002063727906050027,
          "n": 27,
          "test_end": "2025-10-08T00:00:00+00:00",
          "test_start": "2025-09-23T00:00:00+00:00"
        },
        {
          "fold_id": 5,
          "mean": -0.002371069086030297,
          "n": 6,
          "test_end": "2025-10-23T00:00:00+00:00",
          "test_start": "2025-10-08T00:00:00+00:00"
        },
        {
          "fold_id": 6,
          "mean": -0.009408598442765684,
          "n": 3,
          "test_end": "2025-11-07T00:00:00+00:00",
          "test_start": "2025-10-23T00:00:00+00:00"
        },
        {
          "fold_id": 7,
          "mean": -0.002347504224256113,
          "n": 1,
          "test_end": "2025-11-22T00:00:00+00:00",
          "test_start": "2025-11-07T00:00:00+00:00"
        },
        {
          "fold_id": 8,
          "mean": 0.0,
          "n": 0,
          "test_end": "2025-12-07T00:00:00+00:00",
          "test_start": "2025-11-22T00:00:00+00:00"
        },
        {
          "fold_id": 9,
          "mean": -0.0006975958733463023,
          "n": 143,
          "test_end": "2025-12-22T00:00:00+00:00",
          "test_start": "2025-12-07T00:00:00+00:00"
        },
        {
          "fold_id": 10,
          "mean": -0.0007449691146139458,
          "n": 136,
          "test_end": "2026-01-06T00:00:00+00:00",
          "test_start": "2025-12-22T00:00:00+00:00"
        },
        {
          "fold_id": 11,
          "mean": 0.0,
          "n": 0,
          "test_end": "2026-01-21T00:00:00+00:00",
          "test_start": "2026-01-06T00:00:00+00:00"
        },
        {
          "fold_id": 12,
          "mean": -0.006705715508246501,
          "n": 10,
          "test_end": "2026-02-05T00:00:00+00:00",
          "test_start": "2026-01-21T00:00:00+00:00"
        },
        {
          "fold_id": 13,
          "mean": -0.0015334775032304372,
          "n": 29,
          "test_end": "2026-02-20T00:00:00+00:00",
          "test_start": "2026-02-05T00:00:00+00:00"
        }
      ],
      "positive_folds": {
        "count": 0,
        "pct": 0.0,
        "total": 13
      },
      "split": {
        "step_days": 15,
        "test_days": 15,
        "train_days": 60
      }
    },
    "bps8": {
      "aggregate": {
        "mean": -0.0010327490435361629,
        "mean_ci_high": -0.0005169626353397009,
        "mean_ci_low": -0.001526731633892177,
        "n": 397,
        "p_mean_gt_0": 0.0
      },
      "folds": [
        {
          "fold_id": 1,
          "mean": -0.0012048456055572395,
          "n": 30,
          "test_end": "2025-08-24T00:00:00+00:00",
          "test_start": "2025-08-09T00:00:00+00:00"
        },
        {
          "fold_id": 2,
          "mean": -0.0026446352027406964,
          "n": 12,
          "test_end": "2025-09-08T00:00:00+00:00",
          "test_start": "2025-08-24T00:00:00+00:00"
        },
        {
          "fold_id": 3,
          "mean": 0.0,
          "n": 0,
          "test_end": "2025-09-23T00:00:00+00:00",
          "test_start": "2025-09-08T00:00:00+00:00"
        },
        {
          "fold_id": 4,
          "mean": -0.0018637279060500272,
          "n": 27,
          "test_end": "2025-10-08T00:00:00+00:00",
          "test_start": "2025-09-23T00:00:00+00:00"
        },
        {
          "fold_id": 5,
          "mean": -0.002171069086030297,
          "n": 6,
          "test_end": "2025-10-23T00:00:00+00:00",
          "test_start": "2025-10-08T00:00:00+00:00"
        },
        {
          "fold_id": 6,
          "mean": -0.009208598442765684,
          "n": 3,
          "test_end": "2025-11-07T00:00:00+00:00",
          "test_start": "2025-10-23T00:00:00+00:00"
        },
        {
          "fold_id": 7,
          "mean": -0.002147504224256113,
          "n": 1,
          "test_end": "2025-11-22T00:00:00+00:00",
          "test_start": "2025-11-07T00:00:00+00:00"
        },
        {
          "fold_id": 8,
          "mean": 0.0,
          "n": 0,
          "test_end": "2025-12-07T00:00:00+00:00",
          "test_start": "2025-11-22T00:00:00+00:00"
        },
        {
          "fold_id": 9,
          "mean": -0.000497595873346302,