{
  "baseline": {
    "bps10": {
      "mean": -0.00045193592847017747,
      "mean_ci_high": -4.9389383146880153e-05,
      "mean_ci_low": -0.0008486694343609738,
      "n": 550,
      "p_mean_gt_0": 0.015666666666666666,
      "std": 0.004813505951144639,
      "win_rate": 0.4509090909090909
    },
    "bps8": {
      "mean": -0.00025193592847017743,
      "mean_ci_high": 0.0001506106168531202,
      "mean_ci_low": -0.0006486694343609735,
      "n": 550,
      "p_mean_gt_0": 0.10833333333333334,
      "std": 0.00481350595114464,
      "win_rate": 0.4781818181818182
    },
    "gross": {
      "mean": 0.0005480640715298227,
      "mean_ci_high": 0.0009506106168531202,
      "mean_ci_low": 0.00015133056563902653,
      "n": 550,
      "p_mean_gt_0": 0.9956666666666667,
      "std": 0.00481350595114464,
      "win_rate": 0.5727272727272728
    }
  },
  "config": {
    "bootstrap_iters": 3000,
    "cost_mode": "all",
    "days": 365,
    "horizon": 12,
    "timeframe": "5m",
    "wf": {
      "step_days": 15,
      "test_days": 15,
      "train_days": 60
    }
  },
  "diagnostics_by_mode": {
    "bps10": {
      "mae_proxy_median": -0.001228052188301576,
      "median_hold_return": -0.0004383386762650812,
      "return_histogram_bins": [
        "(-inf,-1%)",
        "[-1%,-0.5%)",
        "[-0.5%,-0.2%)",
        "[-0.2%,0%)",
        "[0%,0.2%)",
        "[0.2%,0.5%)",
        "[0.5%,1%)",
        "[1%,inf)"
      ],
      "return_histogram_counts": [
        20,
        39,
        96,
        147,
        117,
        81,
        38,
        12
      ],
      "top10_pct_pnl_contribution": -1.7615177073042516,
      "trades_per_day": 1.9725781746179996
    },
    "bps8": {
      "mae_proxy_median": -0.001228052188301576,
      "median_hold_return": -0.0002383386762650812,
      "return_histogram_bins": [
        "(-inf,-1%)",
        "[-1%,-0.5%)",
        "[-0.5%,-0.2%)",
        "[-0.2%,0%)",
        "[0%,0.2%)",
        "[0.2%,0.5%)",
        "[0.5%,1%)",
        "[1%,inf)"
      ],
      "return_histogram_counts": [
        20,
        38,
        82,
        147,
        126,
        83,
        41,
        13
      ],
      "top10_pct_pnl_contribution": -3.2392884394168853,
      "trades_per_day": 1.9725781746179996
    },
    "gross": {
      "mae_proxy_median": -0.001228052188301576,
      "median_hold_return": 0.0005616613237349188,
      "return_histogram_bins": [
        "(-inf,-1%)",
        "[-1%,-0.5%)",
        "[-0.5%,-0.2%)",
        "[-0.2%,0%)",
        "[0%,0.2%)",
        "[0.2%,0.5%)",
        "[0.5%,1%)",
        "[1%,inf)"
      ],
      "return_histogram_counts": [
        15,
        30,
        58,
        132,
        135,
        111,
        52,
        17
      ],
      "top10_pct_pnl_contribution": 1.6350152967807612,
      "trades_per_day": 1.9725781746179996
    }
  },
  "family": "cross_asset_regime",
  "hypothesis_id": "H135",
  "timestamp_utc": "2026-02-23T18:40:59+00:00",
  "wf_by_mode": {
    "bps10": {
      "aggregate": {
        "mean": -0.0005393621259651164,
        "mean_ci_high": -3.8946818877386665e-05,
        "mean_ci_low": -0.0010487010840146615,
        "n": 397,
        "p_mean_gt_0": 0.017
      },
      "folds": [
        {
          "fold_id": 1,
          "mean": 1.128480178906683e-05,
          "n": 32,
          "test_end": "2025-08-02T00:00:00+00:00",
          "test_start": "2025-07-18T00:00:00+00:00"
        },
        {
          "fold_id": 2,
          "mean": -0.00019433711401019413,
          "n": 49,
          "test_end": "2025-08-17T00:00:00+00:00",
          "test_start": "2025-08-02T00:00:00+00:00"
        },
        {
          "fold_id": 3,
          "mean": -0.0011965092443096679,
          "n": 49,
          "test_end": "2025-09-01T00:00:00+00:00",
          "test_start": "2025-08-17T00:00:00+00:00"
        },
        {
          "fold_id": 4,
          "mean": -0.0006016571919589533,
          "n": 4,
          "test_end": "2025-09-16T00:00:00+00:00",
          "test_start": "2025-09-01T00:00:00+00:00"
        },
        {
          "fold_id": 5,
          "mean": -0.0011753775954574744,
          "n": 24,
          "test_end": "2025-10-01T00:00:00+00:00",
          "test_start": "2025-09-16T00:00:00+00:00"
        },
        {
          "fold_id": 6,
          "mean": -0.00030275279389399123,
          "n": 21,
          "test_end": "2025-10-16T00:00:00+00:00",
          "test_start": "2025-10-01T00:00:00+00:00"
        },
        {
          "fold_id": 7,
          "mean": -0.00038405301774666544,
          "n": 20,
          "test_end": "2025-10-31T00:00:00+00:00",
          "test_start": "2025-10-16T00:00:00+00:00"
        },
        {
          "fold_id": 8,
          "mean": -0.0013723782997257215,
          "n": 30,
          "test_end": "2025-11-15T00:00:00+00:00",
          "test_start": "2025-10-31T00:00:00+00:00"
        },
        {
          "fold_id": 9,
          "mean": 0.0013374569598374395,
          "n": 30,
          "test_end": "2025-11-30T00:00:00+00:00",
          "test_start": "2025-11-15T00:00:00+00:00"
        },
        {
          "fold_id": 10,
          "mean": -8.978195462090861e-05,
          "n": 31,
          "test_end": "2025-12-15T00:00:00+00:00",
          "test_start": "2025-11-30T00:00:00+00:00"
        },
        {
          "fold_id": 11,
          "mean": -8.571277977483357e-05,
          "n": 18,
          "test_end": "2025-12-30T00:00:00+00:00",
          "test_start": "2025-12-15T00:00:00+00:00"
        },
        {
          "fold_id": 12,
          "mean": -0.000817205888131188,
          "n": 26,
          "test_end": "2026-01-14T00:00:00+00:00",
          "test_start": "2025-12-30T00:00:00+00:00"
        },
        {
          "fold_id": 13,
          "mean": 0.0002966445497903844,
          "n": 25,
          "test_end": "2026-01-29T00:00:00+00:00",
          "test_start": "2026-01-14T00:00:00+00:00"
        },
        {
          "fold_id": 14,
          "mean": -0.00217044462762397,
          "n": 38,
          "test_end": "2026-02-13T00:00:00+00:00",
          "test_start": "2026-01-29T00:00:00+00:00"
        }
      ],
      "positive_folds": {
        "count": 3,
        "pct": 21.428571428571427,
        "total": 14
      },
      "split": {
        "step_days": 15,
        "test_days": 15,
        "train_days": 60
      }
    },
    "bps8": {
      "aggregate": {
        "mean": -0.0003393621259651161,
        "mean_ci_high": 0.00016105318112261368,
        "mean_ci_low": -0.0008487010840146609,
        "n": 397,
        "p_mean_gt_0": 0.087
      },
      "folds": [
        {
          "fold_id": 1,
          "mean": 0.0002112848017890669,
          "n": 32,
          "test_end": "2025-08-02T00:00:00+00:00",
          "test_start": "2025-07-18T00:00:00+00:00"
        },
        {
          "fold_id": 2,
          "mean": 5.662885989805899e-06,
          "n": 49,
          "test_end": "2025-08-17T00:00:00+00:00",
          "test_start": "2025-08-02T00:00:00+00:00"
        },
        {
          "fold_id": 3,
          "mean": -0.0009965092443096678,
          "n": 49,
          "test_end": "2025-09-01T00:00:00+00:00",
          "test_start": "2025-08-17T00:00:00+00:00"
        },
        {
          "fold_id": 4,
          "mean": -0.0004016571919589532,
          "n": 4,
          "test_end": "2025-09-16T00:00:00+00:00",
          "test_start": "2025-09-01T00:00:00+00:00"
        },
        {
          "fold_id": 5,
          "mean": -0.0009753775954574746,
          "n": 24,
          "test_end": "2025-10-01T00:00:00+00:00",
          "test_start": "2025-09-16T00:00:00+00:00"
        },
        {
          "fold_id": 6,
          "mean": -0.00010275279389399099,
          "n": 21,
          "test_end": "2025-10-16T00:00:00+00:00",
          "test_start": "2025-10-01T00:00:00+00:00"
        },
        {
          "fold_id": 7,
          "mean": -0.00018405301774666524,
          "n": 20,