{
  "baseline": {
    "bps10": {
      "mean": -0.000609515204220886,
      "mean_ci_high": 0.0004597798920689836,
      "mean_ci_low": -0.0017662321212656537,
      "n": 101,
      "p_mean_gt_0": 0.13666666666666666,
      "std": 0.00570195004222846,
      "win_rate": 0.5148514851485149
    },
    "bps8": {
      "mean": -0.0004095152042208858,
      "mean_ci_high": 0.0006597798920689837,
      "mean_ci_low": -0.001566232121265653,
      "n": 101,
      "p_mean_gt_0": 0.233,
      "std": 0.00570195004222846,
      "win_rate": 0.5346534653465347
    },
    "gross": {
      "mean": 0.0003904847957791143,
      "mean_ci_high": 0.001459779892068984,
      "mean_ci_low": -0.0007662321212656527,
      "n": 101,
      "p_mean_gt_0": 0.7603333333333333,
      "std": 0.00570195004222846,
      "win_rate": 0.594059405940594
    }
  },
  "config": {
    "bootstrap_iters": 3000,
    "cost_mode": "all",
    "days": 365,
    "horizon": 12,
    "timeframe": "5m",
    "wf": {
      "step_days": 15,
      "test_days": 15,
      "train_days": 60
    }
  },
  "diagnostics_by_mode": {
    "bps10": {
      "mae_proxy_median": -0.0016724052210951301,
      "median_hold_return": 0.00016973939105391442,
      "return_histogram_bins": [
        "(-inf,-1%)",
        "[-1%,-0.5%)",
        "[-0.5%,-0.2%)",
        "[-0.2%,0%)",
        "[0%,0.2%)",
        "[0.2%,0.5%)",
        "[0.5%,1%)",
        "[1%,inf)"
      ],
      "return_histogram_counts": [
        8,
        10,
        14,
        17,
        18,
        24,
        8,
        2
      ],
      "top10_pct_pnl_contribution": -1.4310687014739294,
      "trades_per_day": 0.36830043429266
    },
    "bps8": {
      "mae_proxy_median": -0.0016724052210951301,
      "median_hold_return": 0.0003697393910539144,
      "return_histogram_bins": [
        "(-inf,-1%)",
        "[-1%,-0.5%)",
        "[-0.5%,-0.2%)",
        "[-0.2%,0%)",
        "[0%,0.2%)",
        "[0.2%,0.5%)",
        "[0.5%,1%)",
        "[1%,inf)"
      ],
      "return_histogram_counts": [
        8,
        10,
        13,
        16,
        20,
        22,
        10,
        2
      ],
      "top10_pct_pnl_contribution": -2.183167562122044,
      "trades_per_day": 0.36830043429266
    },
    "gross": {
      "mae_proxy_median": -0.0016724052210951301,
      "median_hold_return": 0.0011697393910539144,
      "return_histogram_bins": [
        "(-inf,-1%)",
        "[-1%,-0.5%)",
        "[-0.5%,-0.2%)",
        "[-0.2%,0%)",
        "[0%,0.2%)",
        "[0.2%,0.5%)",
        "[0.5%,1%)",
        "[1%,inf)"
      ],
      "return_histogram_counts": [
        7,
        5,
        16,
        13,
        20,
        22,
        14,
        4
      ],
      "top10_pct_pnl_contribution": 2.512694562062098,
      "trades_per_day": 0.36830043429266
    }
  },
  "family": "cross_asset_regime",
  "hypothesis_id": "H136",
  "timestamp_utc": "2026-02-23T18:46:51+00:00",
  "wf_by_mode": {
    "bps10": {
      "aggregate": {
        "mean": -0.000916707601165402,
        "mean_ci_high": 0.0003278358270141494,
        "mean_ci_low": -0.0023320425670623284,
        "n": 77,
        "p_mean_gt_0": 0.08066666666666666
      },
      "folds": [
        {
          "fold_id": 1,
          "mean": -0.0012675176590158925,
          "n": 4,
          "test_end": "2025-08-02T00:00:00+00:00",
          "test_start": "2025-07-18T00:00:00+00:00"
        },
        {
          "fold_id": 2,
          "mean": 0.002027885969847662,
          "n": 7,
          "test_end": "2025-08-17T00:00:00+00:00",
          "test_start": "2025-08-02T00:00:00+00:00"
        },
        {
          "fold_id": 3,
          "mean": -0.001133745480814935,
          "n": 12,
          "test_end": "2025-09-01T00:00:00+00:00",
          "test_start": "2025-08-17T00:00:00+00:00"
        },
        {
          "fold_id": 4,
          "mean": 0.0,
          "n": 0,
          "test_end": "2025-09-16T00:00:00+00:00",
          "test_start": "2025-09-01T00:00:00+00:00"
        },
        {
          "fold_id": 5,
          "mean": -0.0017621123176894489,
          "n": 3,
          "test_end": "2025-10-01T00:00:00+00:00",
          "test_start": "2025-09-16T00:00:00+00:00"
        },
        {
          "fold_id": 6,
          "mean": 0.00020755584364386977,
          "n": 5,
          "test_end": "2025-10-16T00:00:00+00:00",
          "test_start": "2025-10-01T00:00:00+00:00"
        },
        {
          "fold_id": 7,
          "mean": 0.0016765601297640273,
          "n": 1,
          "test_end": "2025-10-31T00:00:00+00:00",
          "test_start": "2025-10-16T00:00:00+00:00"
        },
        {
          "fold_id": 8,
          "mean": -0.0009990114553860216,
          "n": 13,
          "test_end": "2025-11-15T00:00:00+00:00",
          "test_start": "2025-10-31T00:00:00+00:00"
        },
        {
          "fold_id": 9,
          "mean": 0.001017135487843787,
          "n": 6,
          "test_end": "2025-11-30T00:00:00+00:00",
          "test_start": "2025-11-15T00:00:00+00:00"
        },
        {
          "fold_id": 10,
          "mean": -0.0009821829478494073,
          "n": 2,
          "test_end": "2025-12-15T00:00:00+00:00",
          "test_start": "2025-11-30T00:00:00+00:00"
        },
        {
          "fold_id": 11,
          "mean": 0.0,
          "n": 0,
          "test_end": "2025-12-30T00:00:00+00:00",
          "test_start": "2025-12-15T00:00:00+00:00"
        },
        {
          "fold_id": 12,
          "mean": -0.00331908034897452,
          "n": 9,
          "test_end": "2026-01-14T00:00:00+00:00",
          "test_start": "2025-12-30T00:00:00+00:00"
        },
        {
          "fold_id": 13,
          "mean": 0.0007645248976303485,
          "n": 4,
          "test_end": "2026-01-29T00:00:00+00:00",
          "test_start": "2026-01-14T00:00:00+00:00"
        },
        {
          "fold_id": 14,
          "mean": -0.0025338497844398333,
          "n": 11,
          "test_end": "2026-02-13T00:00:00+00:00",
          "test_start": "2026-01-29T00:00:00+00:00"
        }
      ],
      "positive_folds": {
        "count": 5,
        "pct": 35.714285714285715,
        "total": 14
      },
      "split": {
        "step_days": 15,
        "test_days": 15,
        "train_days": 60
      }
    },
    "bps8": {
      "aggregate": {
        "mean": -0.0007167076011654016,
        "mean_ci_high": 0.0005278358270141495,
        "mean_ci_low": -0.0021320425670623274,
        "n": 77,
        "p_mean_gt_0": 0.13866666666666666
      },
      "folds": [
        {
          "fold_id": 1,
          "mean": -0.0010675176590158927,
          "n": 4,
          "test_end": "2025-08-02T00:00:00+00:00",
          "test_start": "2025-07-18T00:00:00+00:00"
        },
        {
          "fold_id": 2,
          "mean": 0.0022278859698476624,
          "n": 7,
          "test_end": "2025-08-17T00:00:00+00:00",
          "test_start": "2025-08-02T00:00:00+00:00"
        },
        {
          "fold_id": 3,
          "mean": -0.000933745480814934,
          "n": 12,
          "test_end": "2025-09-01T00:00:00+00:00",
          "test_start": "2025-08-17T00:00:00+00:00"
        },
        {
          "fold_id": 4,
          "mean": 0.0,
          "n": 0,
          "test_end": "2025-09-16T00:00:00+00:00",
          "test_start": "2025-09-01T00:00:00+00:00"
        },
        {
          "fold_id": 5,
          "mean": -0.0015621123176894486,
          "n": 3,
          "test_end": "2025-10-01T00:00:00+00:00",
          "test_start": "2025-09-16T00:00:00+00:00"
        },
        {
          "fold_id": 6,
          "mean": 0.00040755584364387013,
          "n": 5,
          "test_end": "2025-10-16T00:00:00+00:00",
          "test_start": "2025-10-01T00:00:00+00:00"
        },
        {
          "fold_id": 7,
          "mean": 0.0018765601297640274,
          "n": 1,
          "test_end": "2025-10-31T00:00:00+00:00",