{
  "baseline": {
    "bps10": {
      "mean": -0.0005935981846721558,
      "mean_ci_high": 0.00029041656198597224,
      "mean_ci_low": -0.0013972942149946988,
      "n": 158,
      "p_mean_gt_0": 0.08633333333333333,
      "std": 0.0053237289245625,
      "win_rate": 0.4177215189873418
    },
    "bps8": {
      "mean": -0.00039359818467215544,
      "mean_ci_high": 0.0004904165619859727,
      "mean_ci_low": -0.0011972942149946985,
      "n": 158,
      "p_mean_gt_0": 0.18133333333333335,
      "std": 0.0053237289245625,
      "win_rate": 0.43670886075949367
    },
    "gross": {
      "mean": 0.0004064018153278446,
      "mean_ci_high": 0.0012904165619859727,
      "mean_ci_low": -0.0003972942149946985,
      "n": 158,
      "p_mean_gt_0": 0.8346666666666667,
      "std": 0.0053237289245625,
      "win_rate": 0.5189873417721519
    }
  },
  "config": {
    "bootstrap_iters": 3000,
    "cost_mode": "all",
    "days": 365,
    "horizon": 12,
    "timeframe": "5m",
    "wf": {
      "step_days": 15,
      "test_days": 15,
      "train_days": 60
    }
  },
  "diagnostics_by_mode": {
    "bps10": {
      "mae_proxy_median": -0.0018561722924939072,
      "median_hold_return": -0.0008918183769350821,
      "return_histogram_bins": [
        "(-inf,-1%)",
        "[-1%,-0.5%)",
        "[-0.5%,-0.2%)",
        "[-0.2%,0%)",
        "[0%,0.2%)",
        "[0.2%,0.5%)",
        "[0.5%,1%)",
        "[1%,inf)"
      ],
      "return_histogram_counts": [
        8,
        18,
        33,
        33,
        22,
        24,
        13,
        7
      ],
      "top10_pct_pnl_contribution": -1.613686720138797,
      "trades_per_day": 0.6007208015947406
    },
    "bps8": {
      "mae_proxy_median": -0.0018561722924939072,
      "median_hold_return": -0.0006918183769350821,
      "return_histogram_bins": [
        "(-inf,-1%)",
        "[-1%,-0.5%)",
        "[-0.5%,-0.2%)",
        "[-0.2%,0%)",
        "[0%,0.2%)",
        "[0.2%,0.5%)",
        "[0.5%,1%)",
        "[1%,inf)"
      ],
      "return_histogram_counts": [
        7,
        16,
        28,
        38,
        24,
        25,
        13,
        7
      ],
      "top10_pct_pnl_contribution": -2.4851097143032987,
      "trades_per_day": 0.6007208015947406
    },
    "gross": {
      "mae_proxy_median": -0.0018561722924939072,
      "median_hold_return": 0.00010818162306491796,
      "return_histogram_bins": [
        "(-inf,-1%)",
        "[-1%,-0.5%)",
        "[-0.5%,-0.2%)",
        "[-0.2%,0%)",
        "[0%,0.2%)",
        "[0.2%,0.5%)",
        "[0.5%,1%)",
        "[1%,inf)"
      ],
      "return_histogram_counts": [
        6,
        16,
        18,
        36,
        29,
        29,
        16,
        8
      ],
      "top10_pct_pnl_contribution": 2.60615797110638,
      "trades_per_day": 0.6007208015947406
    }
  },
  "family": "cross_asset_regime",
  "hypothesis_id": "H137",
  "timestamp_utc": "2026-02-23T18:52:39+00:00",
  "wf_by_mode": {
    "bps10": {
      "aggregate": {
        "mean": -0.0007380106689559961,
        "mean_ci_high": 0.00026031756285494053,
        "mean_ci_low": -0.0017940412037781657,
        "n": 119,
        "p_mean_gt_0": 0.08133333333333333
      },
      "folds": [
        {
          "fold_id": 1,
          "mean": -0.0015445714039343241,
          "n": 18,
          "test_end": "2025-08-16T00:00:00+00:00",
          "test_start": "2025-08-01T00:00:00+00:00"
        },
        {
          "fold_id": 2,
          "mean": -0.001348551053933774,
          "n": 19,
          "test_end": "2025-08-31T00:00:00+00:00",
          "test_start": "2025-08-16T00:00:00+00:00"
        },
        {
          "fold_id": 3,
          "mean": 0.0004420593609202707,
          "n": 3,
          "test_end": "2025-09-15T00:00:00+00:00",
          "test_start": "2025-08-31T00:00:00+00:00"
        },
        {
          "fold_id": 4,
          "mean": -0.002192203146046844,
          "n": 1,
          "test_end": "2025-09-30T00:00:00+00:00",
          "test_start": "2025-09-15T00:00:00+00:00"
        },
        {
          "fold_id": 5,
          "mean": 0.0,
          "n": 0,
          "test_end": "2025-10-15T00:00:00+00:00",
          "test_start": "2025-09-30T00:00:00+00:00"
        },
        {
          "fold_id": 6,
          "mean": 0.0,
          "n": 0,
          "test_end": "2025-10-30T00:00:00+00:00",
          "test_start": "2025-10-15T00:00:00+00:00"
        },
        {
          "fold_id": 7,
          "mean": -0.0009030795029950027,
          "n": 24,
          "test_end": "2025-11-14T00:00:00+00:00",
          "test_start": "2025-10-30T00:00:00+00:00"
        },
        {
          "fold_id": 8,
          "mean": 0.0017953012767546947,
          "n": 16,
          "test_end": "2025-11-29T00:00:00+00:00",
          "test_start": "2025-11-14T00:00:00+00:00"
        },
        {
          "fold_id": 9,
          "mean": 0.0,
          "n": 0,
          "test_end": "2025-12-14T00:00:00+00:00",
          "test_start": "2025-11-29T00:00:00+00:00"
        },
        {
          "fold_id": 10,
          "mean": 0.0,
          "n": 0,
          "test_end": "2025-12-29T00:00:00+00:00",
          "test_start": "2025-12-14T00:00:00+00:00"
        },
        {
          "fold_id": 11,
          "mean": -0.001446236826529195,
          "n": 16,
          "test_end": "2026-01-13T00:00:00+00:00",
          "test_start": "2025-12-29T00:00:00+00:00"
        },
        {
          "fold_id": 12,
          "mean": -0.0013231589862077965,
          "n": 21,
          "test_end": "2026-01-28T00:00:00+00:00",
          "test_start": "2026-01-13T00:00:00+00:00"
        },
        {
          "fold_id": 13,
          "mean": 0.010342726331717844,
          "n": 1,
          "test_end": "2026-02-12T00:00:00+00:00",
          "test_start": "2026-01-28T00:00:00+00:00"
        }
      ],
      "positive_folds": {
        "count": 3,
        "pct": 23.076923076923077,
        "total": 13
      },
      "split": {
        "step_days": 15,
        "test_days": 15,
        "train_days": 60
      }
    },
    "bps8": {
      "aggregate": {
        "mean": -0.0005380106689559956,
        "mean_ci_high": 0.0004603175628549407,
        "mean_ci_low": -0.001594041203778165,
        "n": 119,
        "p_mean_gt_0": 0.15566666666666668
      },
      "folds": [
        {
          "fold_id": 1,
          "mean": -0.0013445714039343245,
          "n": 18,
          "test_end": "2025-08-16T00:00:00+00:00",
          "test_start": "2025-08-01T00:00:00+00:00"
        },
        {
          "fold_id": 2,
          "mean": -0.0011485510539337737,
          "n": 19,
          "test_end": "2025-08-31T00:00:00+00:00",
          "test_start": "2025-08-16T00:00:00+00:00"
        },
        {
          "fold_id": 3,
          "mean": 0.0006420593609202707,
          "n": 3,
          "test_end": "2025-09-15T00:00:00+00:00",
          "test_start": "2025-08-31T00:00:00+00:00"
        },
        {
          "fold_id": 4,
          "mean": -0.001992203146046844,
          "n": 1,
          "test_end": "2025-09-30T00:00:00+00:00",
          "test_start": "2025-09-15T00:00:00+00:00"
        },
        {
          "fold_id": 5,
          "mean": 0.0,
          "n": 0,
          "test_end": "2025-10-15T00:00:00+00:00",
          "test_start": "2025-09-30T00:00:00+00:00"
        },
        {
          "fold_id": 6,
          "mean": 0.0,
          "n": 0,
          "test_end": "2025-10-30T00:00:00+00:00",
          "test_start": "2025-10-15T00:00:00+00:00"
        },
        {
          "fold_id": 7,
          "mean": -0.0007030795029950025,
          "n": 24,
          "test_end": "2025-11-14T00:00:00+00:00",
          "test_start": "2025-10-30T00:00:00+00:00"
        },
        {
          "fold_id": 8,
          "mean": 0.0019953012767546952,
          "n": 16,
          "test_end": "2025-11-29T00:00:00+00:00",
          "test_start": "2025-11-14T00:00:00+00:00"
        },
        {
          "fold_id": 9,