{
  "baseline": {
    "bps10": {
      "mean": -0.00047612690794289817,
      "mean_ci_high": -8.939374348612477e-05,
      "mean_ci_low": -0.000856533110279732,
      "n": 970,
      "p_mean_gt_0": 0.009,
      "std": 0.00601196138933296,
      "win_rate": 0.4309278350515464
    },
    "bps8": {
      "mean": -0.00027612690794289797,
      "mean_ci_high": 0.00011060625651387555,
      "mean_ci_low": -0.0006565331102797316,
      "n": 970,
      "p_mean_gt_0": 0.085,
      "std": 0.00601196138933296,
      "win_rate": 0.4505154639175258
    },
    "gross": {
      "mean": 0.0005238730920571023,
      "mean_ci_high": 0.0009106062565138757,
      "mean_ci_low": 0.00014346688972026851,
      "n": 970,
      "p_mean_gt_0": 0.9953333333333333,
      "std": 0.00601196138933296,
      "win_rate": 0.51340206185567
    }
  },
  "config": {
    "bootstrap_iters": 3000,
    "cost_mode": "all",
    "days": 365,
    "horizon": 12,
    "timeframe": "5m",
    "wf": {
      "step_days": 15,
      "test_days": 15,
      "train_days": 60
    }
  },
  "diagnostics_by_mode": {
    "bps10": {
      "mae_proxy_median": -0.0019736550298317113,
      "median_hold_return": -0.000841554684552436,
      "return_histogram_bins": [
        "(-inf,-1%)",
        "[-1%,-0.5%)",
        "[-0.5%,-0.2%)",
        "[-0.2%,0%)",
        "[0%,0.2%)",
        "[0.2%,0.5%)",
        "[0.5%,1%)",
        "[1%,inf)"
      ],
      "return_histogram_counts": [
        36,
        132,
        214,
        170,
        157,
        137,
        77,
        47
      ],
      "top10_pct_pnl_contribution": -2.4008537672410717,
      "trades_per_day": 3.501146745873595
    },
    "bps8": {
      "mae_proxy_median": -0.0019736550298317113,
      "median_hold_return": -0.000641554684552436,
      "return_histogram_bins": [
        "(-inf,-1%)",
        "[-1%,-0.5%)",
        "[-0.5%,-0.2%)",
        "[-0.2%,0%)",
        "[0%,0.2%)",
        "[0.2%,0.5%)",
        "[0.5%,1%)",
        "[1%,inf)"
      ],
      "return_histogram_counts": [
        35,
        124,
        204,
        170,
        167,
        135,
        86,
        49
      ],
      "top10_pct_pnl_contribution": -4.212233748911125,
      "trades_per_day": 3.501146745873595
    },
    "gross": {
      "mae_proxy_median": -0.0019736550298317113,
      "median_hold_return": 0.00015844531544756402,
      "return_histogram_bins": [
        "(-inf,-1%)",
        "[-1%,-0.5%)",
        "[-0.5%,-0.2%)",
        "[-0.2%,0%)",
        "[0%,0.2%)",
        "[0.2%,0.5%)",
        "[0.5%,1%)",
        "[1%,inf)"
      ],
      "return_histogram_counts": [
        30,
        93,
        166,
        183,
        160,
        180,
        103,
        55
      ],
      "top10_pct_pnl_contribution": 2.3729240907148,
      "trades_per_day": 3.501146745873595
    }
  },
  "family": "cross_asset_regime",
  "hypothesis_id": "H139",
  "timestamp_utc": "2026-02-23T18:59:20+00:00",
  "wf_by_mode": {
    "bps10": {
      "aggregate": {
        "mean": -0.00038804246985392395,
        "mean_ci_high": 3.0782781221435115e-05,
        "mean_ci_low": -0.0007889082030729214,
        "n": 798,
        "p_mean_gt_0": 0.034333333333333334
      },
      "folds": [
        {
          "fold_id": 1,
          "mean": -0.0019317638993263907,
          "n": 59,
          "test_end": "2025-08-01T00:00:00+00:00",
          "test_start": "2025-07-17T00:00:00+00:00"
        },
        {
          "fold_id": 2,
          "mean": -0.0012866631678768272,
          "n": 59,
          "test_end": "2025-08-16T00:00:00+00:00",
          "test_start": "2025-08-01T00:00:00+00:00"
        },
        {
          "fold_id": 3,
          "mean": -0.00020300940511359277,
          "n": 63,
          "test_end": "2025-08-31T00:00:00+00:00",
          "test_start": "2025-08-16T00:00:00+00:00"
        },
        {
          "fold_id": 4,
          "mean": -0.0015022764560938108,
          "n": 34,
          "test_end": "2025-09-15T00:00:00+00:00",
          "test_start": "2025-08-31T00:00:00+00:00"
        },
        {
          "fold_id": 5,
          "mean": -0.00040031984320831415,
          "n": 55,
          "test_end": "2025-09-30T00:00:00+00:00",
          "test_start": "2025-09-15T00:00:00+00:00"
        },
        {
          "fold_id": 6,
          "mean": 0.0009671043552639423,
          "n": 70,
          "test_end": "2025-10-15T00:00:00+00:00",
          "test_start": "2025-09-30T00:00:00+00:00"
        },
        {
          "fold_id": 7,
          "mean": -0.0002057970171328054,
          "n": 51,
          "test_end": "2025-10-30T00:00:00+00:00",
          "test_start": "2025-10-15T00:00:00+00:00"
        },
        {
          "fold_id": 8,
          "mean": 0.0005142295130570029,
          "n": 70,
          "test_end": "2025-11-14T00:00:00+00:00",
          "test_start": "2025-10-30T00:00:00+00:00"
        },
        {
          "fold_id": 9,
          "mean": 0.0004705288007510366,
          "n": 43,
          "test_end": "2025-11-29T00:00:00+00:00",
          "test_start": "2025-11-14T00:00:00+00:00"
        },
        {
          "fold_id": 10,
          "mean": -0.0012071903883620545,
          "n": 42,
          "test_end": "2025-12-14T00:00:00+00:00",
          "test_start": "2025-11-29T00:00:00+00:00"
        },
        {
          "fold_id": 11,
          "mean": 0.00036864415478664455,
          "n": 34,
          "test_end": "2025-12-29T00:00:00+00:00",
          "test_start": "2025-12-14T00:00:00+00:00"
        },
        {
          "fold_id": 12,
          "mean": -0.0013117734044779943,
          "n": 48,
          "test_end": "2026-01-13T00:00:00+00:00",
          "test_start": "2025-12-29T00:00:00+00:00"
        },
        {
          "fold_id": 13,
          "mean": -0.0007699471521747176,
          "n": 57,
          "test_end": "2026-01-28T00:00:00+00:00",
          "test_start": "2026-01-13T00:00:00+00:00"
        },
        {
          "fold_id": 14,
          "mean": -2.0321821028875055e-05,
          "n": 113,
          "test_end": "2026-02-12T00:00:00+00:00",
          "test_start": "2026-01-28T00:00:00+00:00"
        }
      ],
      "positive_folds": {
        "count": 4,
        "pct": 28.571428571428573,
        "total": 14
      },
      "split": {
        "step_days": 15,
        "test_days": 15,
        "train_days": 60
      }
    },
    "bps8": {
      "aggregate": {
        "mean": -0.0001880424698539236,
        "mean_ci_high": 0.00023078278122143548,
        "mean_ci_low": -0.000588908203072921,
        "n": 798,
        "p_mean_gt_0": 0.19066666666666668
      },
      "folds": [
        {
          "fold_id": 1,
          "mean": -0.00173176389932639,
          "n": 59,
          "test_end": "2025-08-01T00:00:00+00:00",
          "test_start": "2025-07-17T00:00:00+00:00"
        },
        {
          "fold_id": 2,
          "mean": -0.0010866631678768269,
          "n": 59,
          "test_end": "2025-08-16T00:00:00+00:00",
          "test_start": "2025-08-01T00:00:00+00:00"
        },
        {
          "fold_id": 3,
          "mean": -3.0094051135927466e-06,
          "n": 63,
          "test_end": "2025-08-31T00:00:00+00:00",
          "test_start": "2025-08-16T00:00:00+00:00"
        },
        {
          "fold_id": 4,
          "mean": -0.0013022764560938107,
          "n": 34,
          "test_end": "2025-09-15T00:00:00+00:00",
          "test_start": "2025-08-31T00:00:00+00:00"
        },
        {
          "fold_id": 5,
          "mean": -0.00020031984320831412,
          "n": 55,
          "test_end": "2025-09-30T00:00:00+00:00",
          "test_start": "2025-09-15T00:00:00+00:00"
        },
        {
          "fold_id": 6,
          "mean": 0.0011671043552639426,
          "n": 70,
          "test_end": "2025-10-15T00:00:00+00:00",
          "test_start": "2025-09-30T00:00:00+00:00"
        },
        {
          "fold_id": 7,
          "mean": -5.797017132805072e-06,
          "n": 51,