{
  "baseline": {
    "bps10": {
      "mean": -0.0009062020685250991,
      "mean_ci_high": -0.0006913898640620202,
      "mean_ci_low": -0.0011188776151453371,
      "n": 1461,
      "p_mean_gt_0": 0.0,
      "std": 0.004238870021228472,
      "win_rate": 0.33401779603011633
    },
    "bps8": {
      "mean": -0.0007062020685250987,
      "mean_ci_high": -0.00049138986406202,
      "mean_ci_low": -0.000918877615145337,
      "n": 1461,
      "p_mean_gt_0": 0.0,
      "std": 0.004238870021228471,
      "win_rate": 0.3661875427789186
    },
    "gross": {
      "mean": 9.37979314749012e-05,
      "mean_ci_high": 0.00030861013593798,
      "mean_ci_low": -0.0001188776151453369,
      "n": 1461,
      "p_mean_gt_0": 0.801,
      "std": 0.004238870021228472,
      "win_rate": 0.5044490075290896
    }
  },
  "config": {
    "bootstrap_iters": 3000,
    "cost_mode": "all",
    "days": 365,
    "horizon": 8,
    "timeframe": "5m",
    "wf": {
      "step_days": 15,
      "test_days": 15,
      "train_days": 60
    }
  },
  "diagnostics_by_mode": {
    "bps10": {
      "mae_proxy_median": -0.0010455933223174618,
      "median_hold_return": -0.0009485356434569816,
      "return_histogram_bins": [
        "(-inf,-1%)",
        "[-1%,-0.5%)",
        "[-0.5%,-0.2%)",
        "[-0.2%,0%)",
        "[0%,0.2%)",
        "[0.2%,0.5%)",
        "[0.5%,1%)",
        "[1%,inf)"
      ],
      "return_histogram_counts": [
        20,
        94,
        315,
        544,
        306,
        123,
        41,
        18
      ],
      "top10_pct_pnl_contribution": -0.6589831497800125,
      "trades_per_day": 4.384964098502454
    },
    "bps8": {
      "mae_proxy_median": -0.0010455933223174618,
      "median_hold_return": -0.0007485356434569816,
      "return_histogram_bins": [
        "(-inf,-1%)",
        "[-1%,-0.5%)",
        "[-0.5%,-0.2%)",
        "[-0.2%,0%)",
        "[0%,0.2%)",
        "[0.2%,0.5%)",
        "[0.5%,1%)",
        "[1%,inf)"
      ],
      "return_histogram_counts": [
        20,
        90,
        284,
        532,
        330,
        142,
        45,
        18
      ],
      "top10_pct_pnl_contribution": -0.8741054780942127,
      "trades_per_day": 4.384964098502454
    },
    "gross": {
      "mae_proxy_median": -0.0010455933223174618,
      "median_hold_return": 5.14643565430184e-05,
      "return_histogram_bins": [
        "(-inf,-1%)",
        "[-1%,-0.5%)",
        "[-0.5%,-0.2%)",
        "[-0.2%,0%)",
        "[0%,0.2%)",
        "[0.2%,0.5%)",
        "[0.5%,1%)",
        "[1%,inf)"
      ],
      "return_histogram_counts": [
        17,
        61,
        182,
        464,
        425,
        219,
        72,
        21
      ],
      "top10_pct_pnl_contribution": 7.43926757134995,
      "trades_per_day": 4.384964098502454
    }
  },
  "family": "funding_regime",
  "hypothesis_id": "H140",
  "timestamp_utc": "2026-02-23T23:39:00+00:00",
  "wf_by_mode": {
    "bps10": {
      "aggregate": {
        "mean": -0.0008903670328192095,
        "mean_ci_high": -0.0006506291747714619,
        "mean_ci_low": -0.0011362962477584585,
        "n": 1290,
        "p_mean_gt_0": 0.0
      },
      "folds": [
        {
          "fold_id": 1,
          "mean": -0.0007935749354032109,
          "n": 95,
          "test_end": "2025-06-08T00:00:00+00:00",
          "test_start": "2025-05-24T00:00:00+00:00"
        },
        {
          "fold_id": 2,
          "mean": -0.0013358575141700858,
          "n": 94,
          "test_end": "2025-06-23T00:00:00+00:00",
          "test_start": "2025-06-08T00:00:00+00:00"
        },
        {
          "fold_id": 3,
          "mean": -0.0007874693853293845,
          "n": 65,
          "test_end": "2025-07-08T00:00:00+00:00",
          "test_start": "2025-06-23T00:00:00+00:00"
        },
        {
          "fold_id": 4,
          "mean": 0.0,
          "n": 0,
          "test_end": "2025-07-23T00:00:00+00:00",
          "test_start": "2025-07-08T00:00:00+00:00"
        },
        {
          "fold_id": 5,
          "mean": -0.0008064742523231743,
          "n": 110,
          "test_end": "2025-08-07T00:00:00+00:00",
          "test_start": "2025-07-23T00:00:00+00:00"
        },
        {
          "fold_id": 6,
          "mean": -0.0010346735113296215,
          "n": 43,
          "test_end": "2025-08-22T00:00:00+00:00",
          "test_start": "2025-08-07T00:00:00+00:00"
        },
        {
          "fold_id": 7,
          "mean": -0.00042817142918864245,
          "n": 12,
          "test_end": "2025-09-06T00:00:00+00:00",
          "test_start": "2025-08-22T00:00:00+00:00"
        },
        {
          "fold_id": 8,
          "mean": -0.0006670531374162839,
          "n": 45,
          "test_end": "2025-09-21T00:00:00+00:00",
          "test_start": "2025-09-06T00:00:00+00:00"
        },
        {
          "fold_id": 9,
          "mean": -0.0007084261321401397,
          "n": 109,
          "test_end": "2025-10-06T00:00:00+00:00",
          "test_start": "2025-09-21T00:00:00+00:00"
        },
        {
          "fold_id": 10,
          "mean": -0.0008102884197927114,
          "n": 88,
          "test_end": "2025-10-21T00:00:00+00:00",
          "test_start": "2025-10-06T00:00:00+00:00"
        },
        {
          "fold_id": 11,
          "mean": -0.0018505564092382834,
          "n": 34,
          "test_end": "2025-11-05T00:00:00+00:00",
          "test_start": "2025-10-21T00:00:00+00:00"
        },
        {
          "fold_id": 12,
          "mean": -0.0011735726351344293,
          "n": 31,
          "test_end": "2025-11-20T00:00:00+00:00",
          "test_start": "2025-11-05T00:00:00+00:00"
        },
        {
          "fold_id": 13,
          "mean": -0.000973338872432493,
          "n": 188,
          "test_end": "2025-12-05T00:00:00+00:00",
          "test_start": "2025-11-20T00:00:00+00:00"
        },
        {
          "fold_id": 14,
          "mean": -0.0012825274568587248,
          "n": 83,
          "test_end": "2025-12-20T00:00:00+00:00",
          "test_start": "2025-12-05T00:00:00+00:00"
        },
        {
          "fold_id": 15,
          "mean": -0.0008775726599268971,
          "n": 32,
          "test_end": "2026-01-04T00:00:00+00:00",
          "test_start": "2025-12-20T00:00:00+00:00"
        },
        {
          "fold_id": 16,
          "mean": -0.0004902796040959277,
          "n": 18,
          "test_end": "2026-01-19T00:00:00+00:00",
          "test_start": "2026-01-04T00:00:00+00:00"
        },
        {
          "fold_id": 17,
          "mean": -0.0009290200814713,
          "n": 175,
          "test_end": "2026-02-03T00:00:00+00:00",
          "test_start": "2026-01-19T00:00:00+00:00"
        },
        {
          "fold_id": 18,
          "mean": 0.00012761320757930737,
          "n": 68,
          "test_end": "2026-02-18T00:00:00+00:00",
          "test_start": "2026-02-03T00:00:00+00:00"
        }
      ],
      "positive_folds": {
        "count": 1,
        "pct": 5.555555555555555,
        "total": 18
      },
      "split": {
        "step_days": 15,
        "test_days": 15,
        "train_days": 60
      }
    },
    "bps8": {
      "aggregate": {
        "mean": -0.0006903670328192092,
        "mean_ci_high": -0.00045062917477146165,
        "mean_ci_low": -0.0009362962477584584,
        "n": 1290,
        "p_mean_gt_0": 0.0
      },
      "folds": [
        {
          "fold_id": 1,
          "mean": -0.0005935749354032108,
          "n": 95,
          "test_end": "2025-06-08T00:00:00+00:00",
          "test_start": "2025-05-24T00:00:00+00:00"
        },
        {
          "fold_id": 2,
          "mean": -0.0011358575141700855,
          "n": 94,
          "test_end": "2025-06-23T00:00:00+00:00",
          "test_start": "2025-06-08T00:00:00+00:00"
        },
        {
          "fold_id": 3,
          "mean": -0.0005874693853293844,
          "n": 65,
          "test_end": "2025-07-08T00:00:00+00:00",