{
  "baseline": {
    "bps10": {
      "mean": 0.0007636988059735942,
      "mean_ci_high": 0.004405222795002949,
      "mean_ci_low": -0.0018229641437960621,
      "n": 16,
      "p_mean_gt_0": 0.6543333333333333,
      "std": 0.006613130893047651,
      "win_rate": 0.375
    },
    "bps8": {
      "mean": 0.0009636988059735945,
      "mean_ci_high": 0.004605222795002951,
      "mean_ci_low": -0.0016229641437960625,
      "n": 16,
      "p_mean_gt_0": 0.702,
      "std": 0.006613130893047651,
      "win_rate": 0.375
    },
    "gross": {
      "mean": 0.0017636988059735945,
      "mean_ci_high": 0.00540522279500295,
      "mean_ci_low": -0.0008229641437960621,
      "n": 16,
      "p_mean_gt_0": 0.8626666666666667,
      "std": 0.006613130893047651,
      "win_rate": 0.4375
    }
  },
  "config": {
    "bootstrap_iters": 3000,
    "cost_mode": "all",
    "days": 365,
    "horizon": 8,
    "timeframe": "5m",
    "wf": {
      "step_days": 15,
      "test_days": 15,
      "train_days": 60
    }
  },
  "diagnostics_by_mode": {
    "bps10": {
      "mae_proxy_median": -0.0016439253069447934,
      "median_hold_return": -0.0015028705164886738,
      "return_histogram_bins": [
        "(-inf,-1%)",
        "[-1%,-0.5%)",
        "[-0.5%,-0.2%)",
        "[-0.2%,0%)",
        "[0%,0.2%)",
        "[0.2%,0.5%)",
        "[0.5%,1%)",
        "[1%,inf)"
      ],
      "return_histogram_counts": [
        0,
        1,
        5,
        4,
        3,
        1,
        1,
        1
      ],
      "top10_pct_pnl_contribution": 2.4706934481822778,
      "trades_per_day": 0.10717276025676808
    },
    "bps8": {
      "mae_proxy_median": -0.0016439253069447934,
      "median_hold_return": -0.0013028705164886737,
      "return_histogram_bins": [
        "(-inf,-1%)",
        "[-1%,-0.5%)",
        "[-0.5%,-0.2%)",
        "[-0.2%,0%)",
        "[0%,0.2%)",
        "[0.2%,0.5%)",
        "[0.5%,1%)",
        "[1%,inf)"
      ],
      "return_histogram_counts": [
        0,
        1,
        5,
        4,
        2,
        2,
        1,
        1
      ],
      "top10_pct_pnl_contribution": 1.9838829564306562,
      "trades_per_day": 0.10717276025676808
    },
    "gross": {
      "mae_proxy_median": -0.0016439253069447934,
      "median_hold_return": -0.0005028705164886738,
      "return_histogram_bins": [
        "(-inf,-1%)",
        "[-1%,-0.5%)",
        "[-0.5%,-0.2%)",
        "[-0.2%,0%)",
        "[0%,0.2%)",
        "[0.2%,0.5%)",
        "[0.5%,1%)",
        "[1%,inf)"
      ],
      "return_histogram_counts": [
        0,
        0,
        3,
        6,
        3,
        1,
        2,
        1
      ],
      "top10_pct_pnl_contribution": 1.1407081693821302,
      "trades_per_day": 0.10717276025676808
    }
  },
  "family": "funding_regime",
  "hypothesis_id": "H141",
  "timestamp_utc": "2026-02-23T23:39:08+00:00",
  "wf_by_mode": {
    "bps10": {
      "aggregate": {
        "mean": -0.001106227791128217,
        "mean_ci_high": 0.0005841603626400127,
        "mean_ci_low": -0.0031080501169264284,
        "n": 7,
        "p_mean_gt_0": 0.11733333333333333
      },
      "folds": [
        {
          "fold_id": 1,
          "mean": -0.0003384330288154945,
          "n": 6,
          "test_end": "2025-07-25T00:00:00+00:00",
          "test_start": "2025-07-10T00:00:00+00:00"
        },
        {
          "fold_id": 2,
          "mean": 0.0,
          "n": 0,
          "test_end": "2025-08-09T00:00:00+00:00",
          "test_start": "2025-07-25T00:00:00+00:00"
        },
        {
          "fold_id": 3,
          "mean": 0.0,
          "n": 0,
          "test_end": "2025-08-24T00:00:00+00:00",
          "test_start": "2025-08-09T00:00:00+00:00"
        },
        {
          "fold_id": 4,
          "mean": -0.0057129963650045515,
          "n": 1,
          "test_end": "2025-09-08T00:00:00+00:00",
          "test_start": "2025-08-24T00:00:00+00:00"
        },
        {
          "fold_id": 5,
          "mean": 0.0,
          "n": 0,
          "test_end": "2025-09-23T00:00:00+00:00",
          "test_start": "2025-09-08T00:00:00+00:00"
        }
      ],
      "positive_folds": {
        "count": 0,
        "pct": 0.0,
        "total": 5
      },
      "split": {
        "step_days": 15,
        "test_days": 15,
        "train_days": 60
      }
    },
    "bps8": {
      "aggregate": {
        "mean": -0.0009062277911282169,
        "mean_ci_high": 0.0007841603626400126,
        "mean_ci_low": -0.0029080501169264283,
        "n": 7,
        "p_mean_gt_0": 0.17066666666666666
      },
      "folds": [
        {
          "fold_id": 1,
          "mean": -0.00013843302881549443,
          "n": 6,
          "test_end": "2025-07-25T00:00:00+00:00",
          "test_start": "2025-07-10T00:00:00+00:00"
        },
        {
          "fold_id": 2,
          "mean": 0.0,
          "n": 0,
          "test_end": "2025-08-09T00:00:00+00:00",
          "test_start": "2025-07-25T00:00:00+00:00"
        },
        {
          "fold_id": 3,
          "mean": 0.0,
          "n": 0,
          "test_end": "2025-08-24T00:00:00+00:00",
          "test_start": "2025-08-09T00:00:00+00:00"
        },
        {
          "fold_id": 4,
          "mean": -0.005512996365004552,
          "n": 1,
          "test_end": "2025-09-08T00:00:00+00:00",
          "test_start": "2025-08-24T00:00:00+00:00"
        },
        {
          "fold_id": 5,
          "mean": 0.0,
          "n": 0,
          "test_end": "2025-09-23T00:00:00+00:00",
          "test_start": "2025-09-08T00:00:00+00:00"
        }
      ],
      "positive_folds": {
        "count": 0,
        "pct": 0.0,
        "total": 5
      },
      "split": {
        "step_days": 15,
        "test_days": 15,
        "train_days": 60
      }
    },
    "gross": {
      "aggregate": {
        "mean": -0.00010622779112821692,
        "mean_ci_high": 0.0015841603626400127,
        "mean_ci_low": -0.002108050116926428,
        "n": 7,
        "p_mean_gt_0": 0.4706666666666667
      },
      "folds": [
        {
          "fold_id": 1,
          "mean": 0.0006615669711845055,
          "n": 6,
          "test_end": "2025-07-25T00:00:00+00:00",
          "test_start": "2025-07-10T00:00:00+00:00"
        },
        {
          "fold_id": 2,
          "mean": 0.0,
          "n": 0,
          "test_end": "2025-08-09T00:00:00+00:00",
          "test_start": "2025-07-25T00:00:00+00:00"
        },
        {
          "fold_id": 3,
          "mean": 0.0,
          "n": 0,
          "test_end": "2025-08-24T00:00:00+00:00",
          "test_start": "2025-08-09T00:00:00+00:00"
        },
        {
          "fold_id": 4,
          "mean": -0.0047129963650045514,
          "n": 1,
          "test_end": "2025-09-08T00:00:00+00:00",
          "test_start": "2025-08-24T00:00:00+00:00"
        },
        {
          "fold_id": 5,
          "mean": 0.0,
          "n": 0,
          "test_end": "2025-09-23T00:00:00+00:00",
          "test_start": "2025-09-08T00:00:00+00:00"
        }
      ],
      "positive_folds": {
        "count": 1,
        "pct": 20.0,
        "total": 5
      },
      "split": {
        "step_days": 15,
        "test_days": 15,
        "train_days": 60
      }
    }
  }
}