{
  "baseline": {
    "bps10": {
      "mean": -0.00101049854083744,
      "mean_ci_high": -0.0008692421290801452,
      "mean_ci_low": -0.0011485789429870425,
      "n": 2400,
      "p_mean_gt_0": 0.0,
      "std": 0.0036095804717254766,
      "win_rate": 0.3275
    },
    "bps8": {
      "mean": -0.0008104985408374398,
      "mean_ci_high": -0.000669242129080145,
      "mean_ci_low": -0.0009485789429870425,
      "n": 2400,
      "p_mean_gt_0": 0.0,
      "std": 0.0036095804717254766,
      "win_rate": 0.36
    },
    "gross": {
      "mean": -1.0498540837439776e-05,
      "mean_ci_high": 0.00013075787091985501,
      "mean_ci_low": -0.00014857894298704252,
      "n": 2400,
      "p_mean_gt_0": 0.443,
      "std": 0.0036095804717254766,
      "win_rate": 0.50375
    }
  },
  "config": {
    "bootstrap_iters": 3000,
    "cost_mode": "all",
    "days": 365,
    "horizon": 8,
    "timeframe": "5m",
    "wf": {
      "step_days": 15,
      "test_days": 15,
      "train_days": 60
    }
  },
  "diagnostics_by_mode": {
    "bps10": {
      "mae_proxy_median": -0.0011296089530012932,
      "median_hold_return": -0.0009847058128008004,
      "return_histogram_bins": [
        "(-inf,-1%)",
        "[-1%,-0.5%)",
        "[-0.5%,-0.2%)",
        "[-0.2%,0%)",
        "[0%,0.2%)",
        "[0.2%,0.5%)",
        "[0.5%,1%)",
        "[1%,inf)"
      ],
      "return_histogram_counts": [
        40,
        162,
        582,
        830,
        458,
        240,
        67,
        21
      ],
      "top10_pct_pnl_contribution": -0.5345418997249194,
      "trades_per_day": 7.190337983334894
    },
    "bps8": {
      "mae_proxy_median": -0.0011296089530012932,
      "median_hold_return": -0.0007847058128008004,
      "return_histogram_bins": [
        "(-inf,-1%)",
        "[-1%,-0.5%)",
        "[-0.5%,-0.2%)",
        "[-0.2%,0%)",
        "[0%,0.2%)",
        "[0.2%,0.5%)",
        "[0.5%,1%)",
        "[1%,inf)"
      ],
      "return_histogram_counts": [
        35,
        153,
        527,
        821,
        506,
        264,
        71,
        23
      ],
      "top10_pct_pnl_contribution": -0.6911225393567407,
      "trades_per_day": 7.190337983334894
    },
    "gross": {
      "mae_proxy_median": -0.0011296089530012932,
      "median_hold_return": 1.5294187199199616e-05,
      "return_histogram_bins": [
        "(-inf,-1%)",
        "[-1%,-0.5%)",
        "[-0.5%,-0.2%)",
        "[-0.2%,0%)",
        "[0%,0.2%)",
        "[0.2%,0.5%)",
        "[0.5%,1%)",
        "[1%,inf)"
      ],
      "return_histogram_counts": [
        25,
        118,
        360,
        687,
        704,
        369,
        111,
        26
      ],
      "top10_pct_pnl_contribution": -60.97550312950112,
      "trades_per_day": 7.190337983334894
    }
  },
  "family": "funding_regime",
  "hypothesis_id": "H142",
  "timestamp_utc": "2026-02-23T23:39:17+00:00",
  "wf_by_mode": {
    "bps10": {
      "aggregate": {
        "mean": -0.001068470372558149,
        "mean_ci_high": -0.0009071671869893251,
        "mean_ci_low": -0.001227728188445063,
        "n": 1961,
        "p_mean_gt_0": 0.0
      },
      "folds": [
        {
          "fold_id": 1,
          "mean": -0.001000342915713796,
          "n": 158,
          "test_end": "2025-06-08T00:00:00+00:00",
          "test_start": "2025-05-24T00:00:00+00:00"
        },
        {
          "fold_id": 2,
          "mean": -0.0008050723132334065,
          "n": 76,
          "test_end": "2025-06-23T00:00:00+00:00",
          "test_start": "2025-06-08T00:00:00+00:00"
        },
        {
          "fold_id": 3,
          "mean": -0.0010103407792948487,
          "n": 89,
          "test_end": "2025-07-08T00:00:00+00:00",
          "test_start": "2025-06-23T00:00:00+00:00"
        },
        {
          "fold_id": 4,
          "mean": -0.0012654303145670548,
          "n": 202,
          "test_end": "2025-07-23T00:00:00+00:00",
          "test_start": "2025-07-08T00:00:00+00:00"
        },
        {
          "fold_id": 5,
          "mean": -0.0012166460318335508,
          "n": 96,
          "test_end": "2025-08-07T00:00:00+00:00",
          "test_start": "2025-07-23T00:00:00+00:00"
        },
        {
          "fold_id": 6,
          "mean": -0.0012941825030393325,
          "n": 73,
          "test_end": "2025-08-22T00:00:00+00:00",
          "test_start": "2025-08-07T00:00:00+00:00"
        },
        {
          "fold_id": 7,
          "mean": -0.0012283276900543596,
          "n": 73,
          "test_end": "2025-09-06T00:00:00+00:00",
          "test_start": "2025-08-22T00:00:00+00:00"
        },
        {
          "fold_id": 8,
          "mean": -0.0011543255631007029,
          "n": 60,
          "test_end": "2025-09-21T00:00:00+00:00",
          "test_start": "2025-09-06T00:00:00+00:00"
        },
        {
          "fold_id": 9,
          "mean": -0.0012518646811967887,
          "n": 89,
          "test_end": "2025-10-06T00:00:00+00:00",
          "test_start": "2025-09-21T00:00:00+00:00"
        },
        {
          "fold_id": 10,
          "mean": -0.001287103273776204,
          "n": 100,
          "test_end": "2025-10-21T00:00:00+00:00",
          "test_start": "2025-10-06T00:00:00+00:00"
        },
        {
          "fold_id": 11,
          "mean": 0.00019344100892267283,
          "n": 36,
          "test_end": "2025-11-05T00:00:00+00:00",
          "test_start": "2025-10-21T00:00:00+00:00"
        },
        {
          "fold_id": 12,
          "mean": -0.0012501484448853334,
          "n": 58,
          "test_end": "2025-11-20T00:00:00+00:00",
          "test_start": "2025-11-05T00:00:00+00:00"
        },
        {
          "fold_id": 13,
          "mean": -0.0011429675700124653,
          "n": 255,
          "test_end": "2025-12-05T00:00:00+00:00",
          "test_start": "2025-11-20T00:00:00+00:00"
        },
        {
          "fold_id": 14,
          "mean": -0.0007511327916192977,
          "n": 178,
          "test_end": "2025-12-20T00:00:00+00:00",
          "test_start": "2025-12-05T00:00:00+00:00"
        },
        {
          "fold_id": 15,
          "mean": -0.0009198893176453503,
          "n": 37,
          "test_end": "2026-01-04T00:00:00+00:00",
          "test_start": "2025-12-20T00:00:00+00:00"
        },
        {
          "fold_id": 16,
          "mean": -0.0013271827326665961,
          "n": 38,
          "test_end": "2026-01-19T00:00:00+00:00",
          "test_start": "2026-01-04T00:00:00+00:00"
        },
        {
          "fold_id": 17,
          "mean": -0.0008680101955618353,
          "n": 193,
          "test_end": "2026-02-03T00:00:00+00:00",
          "test_start": "2026-01-19T00:00:00+00:00"
        },
        {
          "fold_id": 18,
          "mean": -0.0011831231544999871,
          "n": 150,
          "test_end": "2026-02-18T00:00:00+00:00",
          "test_start": "2026-02-03T00:00:00+00:00"
        }
      ],
      "positive_folds": {
        "count": 1,
        "pct": 5.555555555555555,
        "total": 18
      },
      "split": {
        "step_days": 15,
        "test_days": 15,
        "train_days": 60
      }
    },
    "bps8": {
      "aggregate": {
        "mean": -0.0008684703725581487,
        "mean_ci_high": -0.0007071671869893247,
        "mean_ci_low": -0.0010277281884450626,
        "n": 1961,
        "p_mean_gt_0": 0.0
      },
      "folds": [
        {
          "fold_id": 1,
          "mean": -0.0008003429157137959,
          "n": 158,
          "test_end": "2025-06-08T00:00:00+00:00",
          "test_start": "2025-05-24T00:00:00+00:00"
        },
        {
          "fold_id": 2,
          "mean": -0.0006050723132334066,
          "n": 76,
          "test_end": "2025-06-23T00:00:00+00:00",
          "test_start": "2025-06-08T00:00:00+00:00"
        },
        {
          "fold_id": 3,
          "mean": -0.0008103407792948483,
          "n": 89,
          "test_end": "2025-07-08T00:00:00+00:00",