{
  "baseline": {
    "bps10": {
      "mean": -0.0005059962037863189,
      "mean_ci_high": 0.004362708508637083,
      "mean_ci_low": -0.003818376083987022,
      "n": 11,
      "p_mean_gt_0": 0.35633333333333334,
      "std": 0.007169455002074206,
      "win_rate": 0.2727272727272727
    },
    "bps8": {
      "mean": -0.0003059962037863186,
      "mean_ci_high": 0.004562708508637084,
      "mean_ci_low": -0.0036183760839870217,
      "n": 11,
      "p_mean_gt_0": 0.387,
      "std": 0.007169455002074206,
      "win_rate": 0.2727272727272727
    },
    "gross": {
      "mean": 0.0004940037962136813,
      "mean_ci_high": 0.005362708508637084,
      "mean_ci_low": -0.0028183760839870214,
      "n": 11,
      "p_mean_gt_0": 0.5426666666666666,
      "std": 0.007169455002074206,
      "win_rate": 0.36363636363636365
    }
  },
  "config": {
    "bootstrap_iters": 3000,
    "cost_mode": "all",
    "days": 365,
    "horizon": 12,
    "timeframe": "5m",
    "wf": {
      "step_days": 15,
      "test_days": 15,
      "train_days": 60
    }
  },
  "diagnostics_by_mode": {
    "bps10": {
      "mae_proxy_median": -0.0021471138046216254,
      "median_hold_return": -0.002842185534026042,
      "return_histogram_bins": [
        "(-inf,-1%)",
        "[-1%,-0.5%)",
        "[-0.5%,-0.2%)",
        "[-0.2%,0%)",
        "[0%,0.2%)",
        "[0.2%,0.5%)",
        "[0.5%,1%)",
        "[1%,inf)"
      ],
      "return_histogram_counts": [
        0,
        2,
        4,
        2,
        1,
        1,
        0,
        1
      ],
      "top10_pct_pnl_contribution": -4.120516050939549,
      "trades_per_day": 0.0746606334841629
    },
    "bps8": {
      "mae_proxy_median": -0.0021471138046216254,
      "median_hold_return": -0.0026421855340260417,
      "return_histogram_bins": [
        "(-inf,-1%)",
        "[-1%,-0.5%)",
        "[-0.5%,-0.2%)",
        "[-0.2%,0%)",
        "[0%,0.2%)",
        "[0.2%,0.5%)",
        "[0.5%,1%)",
        "[1%,inf)"
      ],
      "return_histogram_counts": [
        0,
        2,
        4,
        2,
        1,
        1,
        0,
        1
      ],
      "top10_pct_pnl_contribution": -6.932534095295497,
      "trades_per_day": 0.0746606334841629
    },
    "gross": {
      "mae_proxy_median": -0.0021471138046216254,
      "median_hold_return": -0.0018421855340260418,
      "return_histogram_bins": [
        "(-inf,-1%)",
        "[-1%,-0.5%)",
        "[-0.5%,-0.2%)",
        "[-0.2%,0%)",
        "[0%,0.2%)",
        "[0.2%,0.5%)",
        "[0.5%,1%)",
        "[1%,inf)"
      ],
      "return_histogram_counts": [
        0,
        1,
        4,
        2,
        2,
        1,
        0,
        1
      ],
      "top10_pct_pnl_contribution": 4.588595631466951,
      "trades_per_day": 0.0746606334841629
    }
  },
  "family": "funding_regime",
  "hypothesis_id": "H144",
  "timestamp_utc": "2026-02-23T23:39:35+00:00",
  "wf_by_mode": {
    "bps10": {
      "aggregate": {
        "mean": -0.0020623249598288977,
        "mean_ci_high": 0.0008478269032974559,
        "mean_ci_low": -0.0051259073085632816,
        "n": 5,
        "p_mean_gt_0": 0.09533333333333334
      },
      "folds": [
        {
          "fold_id": 1,
          "mean": -0.0013323186296647074,
          "n": 4,
          "test_end": "2025-07-25T00:00:00+00:00",
          "test_start": "2025-07-10T00:00:00+00:00"
        },
        {
          "fold_id": 2,
          "mean": 0.0,
          "n": 0,
          "test_end": "2025-08-09T00:00:00+00:00",
          "test_start": "2025-07-25T00:00:00+00:00"
        },
        {
          "fold_id": 3,
          "mean": 0.0,
          "n": 0,
          "test_end": "2025-08-24T00:00:00+00:00",
          "test_start": "2025-08-09T00:00:00+00:00"
        },
        {
          "fold_id": 4,
          "mean": -0.004982350280485658,
          "n": 1,
          "test_end": "2025-09-08T00:00:00+00:00",
          "test_start": "2025-08-24T00:00:00+00:00"
        },
        {
          "fold_id": 5,
          "mean": 0.0,
          "n": 0,
          "test_end": "2025-09-23T00:00:00+00:00",
          "test_start": "2025-09-08T00:00:00+00:00"
        }
      ],
      "positive_folds": {
        "count": 0,
        "pct": 0.0,
        "total": 5
      },
      "split": {
        "step_days": 15,
        "test_days": 15,
        "train_days": 60
      }
    },
    "bps8": {
      "aggregate": {
        "mean": -0.0018623249598288976,
        "mean_ci_high": 0.001047826903297456,
        "mean_ci_low": -0.004925907308563282,
        "n": 5,
        "p_mean_gt_0": 0.10366666666666667
      },
      "folds": [
        {
          "fold_id": 1,
          "mean": -0.0011323186296647075,
          "n": 4,
          "test_end": "2025-07-25T00:00:00+00:00",
          "test_start": "2025-07-10T00:00:00+00:00"
        },
        {
          "fold_id": 2,
          "mean": 0.0,
          "n": 0,
          "test_end": "2025-08-09T00:00:00+00:00",
          "test_start": "2025-07-25T00:00:00+00:00"
        },
        {
          "fold_id": 3,
          "mean": 0.0,
          "n": 0,
          "test_end": "2025-08-24T00:00:00+00:00",
          "test_start": "2025-08-09T00:00:00+00:00"
        },
        {
          "fold_id": 4,
          "mean": -0.0047823502804856585,
          "n": 1,
          "test_end": "2025-09-08T00:00:00+00:00",
          "test_start": "2025-08-24T00:00:00+00:00"
        },
        {
          "fold_id": 5,
          "mean": 0.0,
          "n": 0,
          "test_end": "2025-09-23T00:00:00+00:00",
          "test_start": "2025-09-08T00:00:00+00:00"
        }
      ],
      "positive_folds": {
        "count": 0,
        "pct": 0.0,
        "total": 5
      },
      "split": {
        "step_days": 15,
        "test_days": 15,
        "train_days": 60
      }
    },
    "gross": {
      "aggregate": {
        "mean": -0.0010623249598288975,
        "mean_ci_high": 0.0018478269032974558,
        "mean_ci_low": -0.0041259073085632815,
        "n": 5,
        "p_mean_gt_0": 0.258
      },
      "folds": [
        {
          "fold_id": 1,
          "mean": -0.0003323186296647074,
          "n": 4,
          "test_end": "2025-07-25T00:00:00+00:00",
          "test_start": "2025-07-10T00:00:00+00:00"
        },
        {
          "fold_id": 2,
          "mean": 0.0,
          "n": 0,
          "test_end": "2025-08-09T00:00:00+00:00",
          "test_start": "2025-07-25T00:00:00+00:00"
        },
        {
          "fold_id": 3,
          "mean": 0.0,
          "n": 0,
          "test_end": "2025-08-24T00:00:00+00:00",
          "test_start": "2025-08-09T00:00:00+00:00"
        },
        {
          "fold_id": 4,
          "mean": -0.003982350280485658,
          "n": 1,
          "test_end": "2025-09-08T00:00:00+00:00",
          "test_start": "2025-08-24T00:00:00+00:00"
        },
        {
          "fold_id": 5,
          "mean": 0.0,
          "n": 0,
          "test_end": "2025-09-23T00:00:00+00:00",
          "test_start": "2025-09-08T00:00:00+00:00"
        }
      ],
      "positive_folds": {
        "count": 0,
        "pct": 0.0,
        "total": 5
      },
      "split": {
        "step_days": 15,
        "test_days": 15,
        "train_days": 60
      }
    }
  }
}