{
  "baseline": {
    "bps10": {
      "mean": 0.0016188483963615278,
      "mean_ci_high": 0.0026220111565886774,
      "mean_ci_low": 0.0006789019547553152,
      "n": 136,
      "p_mean_gt_0": 1.0,
      "std": 0.00567052880067054,
      "win_rate": 0.5514705882352942
    },
    "bps8": {
      "mean": 0.0018188483963615279,
      "mean_ci_high": 0.0028220111565886775,
      "mean_ci_low": 0.0008789019547553155,
      "n": 136,
      "p_mean_gt_0": 1.0,
      "std": 0.00567052880067054,
      "win_rate": 0.5661764705882353
    },
    "gross": {
      "mean": 0.0026188483963615282,
      "mean_ci_high": 0.003622011156588678,
      "mean_ci_low": 0.0016789019547553154,
      "n": 136,
      "p_mean_gt_0": 1.0,
      "std": 0.00567052880067054,
      "win_rate": 0.6029411764705882
    }
  },
  "config": {
    "bootstrap_iters": 3000,
    "cost_mode": "all",
    "days": 365,
    "horizon": 8,
    "timeframe": "5m",
    "wf": {
      "step_days": 15,
      "test_days": 15,
      "train_days": 60
    }
  },
  "diagnostics_by_mode": {
    "bps10": {
      "mae_proxy_median": -0.0012717517403572076,
      "median_hold_return": 0.0005565411522948102,
      "return_histogram_bins": [
        "(-inf,-1%)",
        "[-1%,-0.5%)",
        "[-0.5%,-0.2%)",
        "[-0.2%,0%)",
        "[0%,0.2%)",
        "[0.2%,0.5%)",
        "[0.5%,1%)",
        "[1%,inf)"
      ],
      "return_histogram_counts": [
        2,
        4,
        32,
        23,
        22,
        24,
        17,
        12
      ],
      "top10_pct_pnl_contribution": 0.8561915456655469,
      "trades_per_day": 0.3999019848076452
    },
    "bps8": {
      "mae_proxy_median": -0.0012717517403572076,
      "median_hold_return": 0.0007565411522948102,
      "return_histogram_bins": [
        "(-inf,-1%)",
        "[-1%,-0.5%)",
        "[-0.5%,-0.2%)",
        "[-0.2%,0%)",
        "[0%,0.2%)",
        "[0.2%,0.5%)",
        "[0.5%,1%)",
        "[1%,inf)"
      ],
      "return_histogram_counts": [
        2,
        4,
        28,
        25,
        23,
        24,
        17,
        13
      ],
      "top10_pct_pnl_contribution": 0.7733643709871316,
      "trades_per_day": 0.3999019848076452
    },
    "gross": {
      "mae_proxy_median": -0.0012717517403572076,
      "median_hold_return": 0.0015565411522948103,
      "return_histogram_bins": [
        "(-inf,-1%)",
        "[-1%,-0.5%)",
        "[-0.5%,-0.2%)",
        "[-0.2%,0%)",
        "[0%,0.2%)",
        "[0.2%,0.5%)",
        "[0.5%,1%)",
        "[1%,inf)"
      ],
      "return_histogram_counts": [
        2,
        1,
        21,
        30,
        22,
        24,
        19,
        17
      ],
      "top10_pct_pnl_contribution": 0.5685649804006464,
      "trades_per_day": 0.3999019848076452
    }
  },
  "family": "volume_state",
  "hypothesis_id": "H145",
  "timestamp_utc": "2026-02-23T23:39:43+00:00",
  "wf_by_mode": {
    "bps10": {
      "aggregate": {
        "mean": 0.0011685618393684613,
        "mean_ci_high": 0.002201222822337593,
        "mean_ci_low": 0.0001246979049617394,
        "n": 105,
        "p_mean_gt_0": 0.986
      },
      "folds": [
        {
          "fold_id": 1,
          "mean": 0.002106880790063812,
          "n": 8,
          "test_end": "2025-05-31T00:00:00+00:00",
          "test_start": "2025-05-16T00:00:00+00:00"
        },
        {
          "fold_id": 2,
          "mean": 0.0005077719272581132,
          "n": 6,
          "test_end": "2025-06-15T00:00:00+00:00",
          "test_start": "2025-05-31T00:00:00+00:00"
        },
        {
          "fold_id": 3,
          "mean": 0.0023927789686377663,
          "n": 5,
          "test_end": "2025-06-30T00:00:00+00:00",
          "test_start": "2025-06-15T00:00:00+00:00"
        },
        {
          "fold_id": 4,
          "mean": -0.0023395868037259598,
          "n": 3,
          "test_end": "2025-07-15T00:00:00+00:00",
          "test_start": "2025-06-30T00:00:00+00:00"
        },
        {
          "fold_id": 5,
          "mean": 0.0020032259412263173,
          "n": 8,
          "test_end": "2025-07-30T00:00:00+00:00",
          "test_start": "2025-07-15T00:00:00+00:00"
        },
        {
          "fold_id": 6,
          "mean": -0.0009897589113435996,
          "n": 3,
          "test_end": "2025-08-14T00:00:00+00:00",
          "test_start": "2025-07-30T00:00:00+00:00"
        },
        {
          "fold_id": 7,
          "mean": 0.0022020395999157788,
          "n": 9,
          "test_end": "2025-08-29T00:00:00+00:00",
          "test_start": "2025-08-14T00:00:00+00:00"
        },
        {
          "fold_id": 8,
          "mean": -0.00020696622450958884,
          "n": 6,
          "test_end": "2025-09-13T00:00:00+00:00",
          "test_start": "2025-08-29T00:00:00+00:00"
        },
        {
          "fold_id": 9,
          "mean": -0.00013386672190291907,
          "n": 5,
          "test_end": "2025-09-28T00:00:00+00:00",
          "test_start": "2025-09-13T00:00:00+00:00"
        },
        {
          "fold_id": 10,
          "mean": 0.001803754278826087,
          "n": 5,
          "test_end": "2025-10-13T00:00:00+00:00",
          "test_start": "2025-09-28T00:00:00+00:00"
        },
        {
          "fold_id": 11,
          "mean": 0.0028355902810281524,
          "n": 7,
          "test_end": "2025-10-28T00:00:00+00:00",
          "test_start": "2025-10-13T00:00:00+00:00"
        },
        {
          "fold_id": 12,
          "mean": 0.002441000842676696,
          "n": 3,
          "test_end": "2025-11-12T00:00:00+00:00",
          "test_start": "2025-10-28T00:00:00+00:00"
        },
        {
          "fold_id": 13,
          "mean": -0.0028501286986622183,
          "n": 8,
          "test_end": "2025-11-27T00:00:00+00:00",
          "test_start": "2025-11-12T00:00:00+00:00"
        },
        {
          "fold_id": 14,
          "mean": 0.0042141079664979415,
          "n": 3,
          "test_end": "2025-12-12T00:00:00+00:00",
          "test_start": "2025-11-27T00:00:00+00:00"
        },
        {
          "fold_id": 15,
          "mean": 0.00343830678381739,
          "n": 9,
          "test_end": "2025-12-27T00:00:00+00:00",
          "test_start": "2025-12-12T00:00:00+00:00"
        },
        {
          "fold_id": 16,
          "mean": 0.0012327468712506485,
          "n": 8,
          "test_end": "2026-01-11T00:00:00+00:00",
          "test_start": "2025-12-27T00:00:00+00:00"
        },
        {
          "fold_id": 17,
          "mean": -0.001228468106475782,
          "n": 4,
          "test_end": "2026-01-26T00:00:00+00:00",
          "test_start": "2026-01-11T00:00:00+00:00"
        },
        {
          "fold_id": 18,
          "mean": 0.0009926721562312896,
          "n": 5,
          "test_end": "2026-02-10T00:00:00+00:00",
          "test_start": "2026-01-26T00:00:00+00:00"
        }
      ],
      "positive_folds": {
        "count": 12,
        "pct": 66.66666666666667,
        "total": 18
      },
      "split": {
        "step_days": 15,
        "test_days": 15,
        "train_days": 60
      }
    },
    "bps8": {
      "aggregate": {
        "mean": 0.0013685618393684611,
        "mean_ci_high": 0.0024012228223375936,
        "mean_ci_low": 0.0003246979049617397,
        "n": 105,
        "p_mean_gt_0": 0.9953333333333333
      },
      "folds": [
        {
          "fold_id": 1,
          "mean": 0.002306880790063813,
          "n": 8,
          "test_end": "2025-05-31T00:00:00+00:00",
          "test_start": "2025-05-16T00:00:00+00:00"
        },
        {
          "fold_id": 2,
          "mean": 0.0007077719272581131,
          "n": 6,
          "test_end": "2025-06-15T00:00:00+00:00",
          "test_start": "2025-05-31T00:00:00+00:00"
        },
        {
          "fold_id": 3,
          "mean": 0.002592778968637766,
          "n": 5,
          "test_end": "2025-06-30T00:00:00+00:00",