{
  "baseline": {
    "bps10": {
      "mean": -0.000985388948512426,
      "mean_ci_high": -0.0007964780425936173,
      "mean_ci_low": -0.0011777633277485838,
      "n": 2077,
      "p_mean_gt_0": 0.0,
      "std": 0.004486375709294874,
      "win_rate": 0.3476167549350024
    },
    "bps8": {
      "mean": -0.0007853889485124255,
      "mean_ci_high": -0.0005964780425936171,
      "mean_ci_low": -0.0009777633277485835,
      "n": 2077,
      "p_mean_gt_0": 0.0,
      "std": 0.004486375709294874,
      "win_rate": 0.37072701011073667
    },
    "gross": {
      "mean": 1.4611051487574442e-05,
      "mean_ci_high": 0.00020352195740638292,
      "mean_ci_low": -0.00017776332774858313,
      "n": 2077,
      "p_mean_gt_0": 0.5553333333333333,
      "std": 0.004486375709294874,
      "win_rate": 0.47520462205103514
    }
  },
  "config": {
    "bootstrap_iters": 3000,
    "cost_mode": "all",
    "days": 365,
    "horizon": 8,
    "timeframe": "5m",
    "wf": {
      "step_days": 15,
      "test_days": 15,
      "train_days": 60
    }
  },
  "diagnostics_by_mode": {
    "bps10": {
      "mae_proxy_median": -0.0016629851786510441,
      "median_hold_return": -0.001179342266693694,
      "return_histogram_bins": [
        "(-inf,-1%)",
        "[-1%,-0.5%)",
        "[-0.5%,-0.2%)",
        "[-0.2%,0%)",
        "[0%,0.2%)",
        "[0.2%,0.5%)",
        "[0.5%,1%)",
        "[1%,inf)"
      ],
      "return_histogram_counts": [
        55,
        194,
        549,
        557,
        362,
        206,
        110,
        44
      ],
      "top10_pct_pnl_contribution": -0.7814044348174918,
      "trades_per_day": 6.068724826767579
    },
    "bps8": {
      "mae_proxy_median": -0.0016629851786510441,
      "median_hold_return": -0.0009793422666936938,
      "return_histogram_bins": [
        "(-inf,-1%)",
        "[-1%,-0.5%)",
        "[-0.5%,-0.2%)",
        "[-0.2%,0%)",
        "[0%,0.2%)",
        "[0.2%,0.5%)",
        "[0.5%,1%)",
        "[1%,inf)"
      ],
      "return_histogram_counts": [
        52,
        173,
        527,
        555,
        390,
        216,
        117,
        47
      ],
      "top10_pct_pnl_contribution": -1.0058916460475578,
      "trades_per_day": 6.068724826767579
    },
    "gross": {
      "mae_proxy_median": -0.0016629851786510441,
      "median_hold_return": -0.0001793422666936939,
      "return_histogram_bins": [
        "(-inf,-1%)",
        "[-1%,-0.5%)",
        "[-0.5%,-0.2%)",
        "[-0.2%,0%)",
        "[0%,0.2%)",
        "[0.2%,0.5%)",
        "[0.5%,1%)",
        "[1%,inf)"
      ],
      "return_histogram_counts": [
        43,
        128,
        407,
        511,
        485,
        302,
        146,
        55
      ],
      "top10_pct_pnl_contribution": 59.5529852333066,
      "trades_per_day": 6.068724826767579
    }
  },
  "family": "volume_state",
  "hypothesis_id": "H146",
  "timestamp_utc": "2026-02-23T23:39:51+00:00",
  "wf_by_mode": {
    "bps10": {
      "aggregate": {
        "mean": -0.0009789534162876591,
        "mean_ci_high": -0.0007800651313239111,
        "mean_ci_low": -0.0011779869940229991,
        "n": 1682,
        "p_mean_gt_0": 0.0
      },
      "folds": [
        {
          "fold_id": 1,
          "mean": -0.0006738655970236825,
          "n": 93,
          "test_end": "2025-05-30T00:00:00+00:00",
          "test_start": "2025-05-15T00:00:00+00:00"
        },
        {
          "fold_id": 2,
          "mean": -0.0012431378504403365,
          "n": 84,
          "test_end": "2025-06-14T00:00:00+00:00",
          "test_start": "2025-05-30T00:00:00+00:00"
        },
        {
          "fold_id": 3,
          "mean": -0.0007765841858591397,
          "n": 80,
          "test_end": "2025-06-29T00:00:00+00:00",
          "test_start": "2025-06-14T00:00:00+00:00"
        },
        {
          "fold_id": 4,
          "mean": -0.000639927622436277,
          "n": 98,
          "test_end": "2025-07-14T00:00:00+00:00",
          "test_start": "2025-06-29T00:00:00+00:00"
        },
        {
          "fold_id": 5,
          "mean": -0.0013636508653015959,
          "n": 107,
          "test_end": "2025-07-29T00:00:00+00:00",
          "test_start": "2025-07-14T00:00:00+00:00"
        },
        {
          "fold_id": 6,
          "mean": -0.0013750109709793935,
          "n": 77,
          "test_end": "2025-08-13T00:00:00+00:00",
          "test_start": "2025-07-29T00:00:00+00:00"
        },
        {
          "fold_id": 7,
          "mean": -0.0012955917501194774,
          "n": 96,
          "test_end": "2025-08-28T00:00:00+00:00",
          "test_start": "2025-08-13T00:00:00+00:00"
        },
        {
          "fold_id": 8,
          "mean": -0.0007334058668957588,
          "n": 91,
          "test_end": "2025-09-12T00:00:00+00:00",
          "test_start": "2025-08-28T00:00:00+00:00"
        },
        {
          "fold_id": 9,
          "mean": -0.0015572631237956956,
          "n": 98,
          "test_end": "2025-09-27T00:00:00+00:00",
          "test_start": "2025-09-12T00:00:00+00:00"
        },
        {
          "fold_id": 10,
          "mean": -0.0007650889454978234,
          "n": 119,
          "test_end": "2025-10-12T00:00:00+00:00",
          "test_start": "2025-09-27T00:00:00+00:00"
        },
        {
          "fold_id": 11,
          "mean": -0.0010749225106106782,
          "n": 101,
          "test_end": "2025-10-27T00:00:00+00:00",
          "test_start": "2025-10-12T00:00:00+00:00"
        },
        {
          "fold_id": 12,
          "mean": -0.0006538013113899764,
          "n": 87,
          "test_end": "2025-11-11T00:00:00+00:00",
          "test_start": "2025-10-27T00:00:00+00:00"
        },
        {
          "fold_id": 13,
          "mean": -0.001207252087192616,
          "n": 122,
          "test_end": "2025-11-26T00:00:00+00:00",
          "test_start": "2025-11-11T00:00:00+00:00"
        },
        {
          "fold_id": 14,
          "mean": -0.00031749858676102284,
          "n": 72,
          "test_end": "2025-12-11T00:00:00+00:00",
          "test_start": "2025-11-26T00:00:00+00:00"
        },
        {
          "fold_id": 15,
          "mean": -0.0005367518249751158,
          "n": 72,
          "test_end": "2025-12-26T00:00:00+00:00",
          "test_start": "2025-12-11T00:00:00+00:00"
        },
        {
          "fold_id": 16,
          "mean": -0.0008568352593843423,
          "n": 94,
          "test_end": "2026-01-10T00:00:00+00:00",
          "test_start": "2025-12-26T00:00:00+00:00"
        },
        {
          "fold_id": 17,
          "mean": -0.0008571159664343594,
          "n": 75,
          "test_end": "2026-01-25T00:00:00+00:00",
          "test_start": "2026-01-10T00:00:00+00:00"
        },
        {
          "fold_id": 18,
          "mean": -0.0012848400056936688,
          "n": 116,
          "test_end": "2026-02-09T00:00:00+00:00",
          "test_start": "2026-01-25T00:00:00+00:00"
        }
      ],
      "positive_folds": {
        "count": 0,
        "pct": 0.0,
        "total": 18
      },
      "split": {
        "step_days": 15,
        "test_days": 15,
        "train_days": 60
      }
    },
    "bps8": {
      "aggregate": {
        "mean": -0.0007789534162876587,
        "mean_ci_high": -0.0005800651313239106,
        "mean_ci_low": -0.0009779869940229988,
        "n": 1682,
        "p_mean_gt_0": 0.0
      },
      "folds": [
        {
          "fold_id": 1,
          "mean": -0.00047386559702368235,
          "n": 93,
          "test_end": "2025-05-30T00:00:00+00:00",
          "test_start": "2025-05-15T00:00:00+00:00"
        },
        {
          "fold_id": 2,
          "mean": -0.0010431378504403362,
          "n": 84,
          "test_end": "2025-06-14T00:00:00+00:00",
          "test_start": "2025-05-30T00:00:00+00:00"
        },
        {
          "fold_id": 3,
          "mean": -0.0005765841858591393,
          "n": 80,
          "test_end": "2025-06-29T00:00:00+00:00",