{
  "baseline": {
    "bps10": {
      "mean": -0.0007586172207231786,
      "mean_ci_high": -0.0005364167663548696,
      "mean_ci_low": -0.000976967380988195,
      "n": 403,
      "p_mean_gt_0": 0.0,
      "std": 0.002251752027507754,
      "win_rate": 0.315136476426799
    },
    "bps8": {
      "mean": -0.0005586172207231785,
      "mean_ci_high": -0.0003364167663548694,
      "mean_ci_low": -0.0007769673809881946,
      "n": 403,
      "p_mean_gt_0": 0.0,
      "std": 0.002251752027507754,
      "win_rate": 0.34987593052109184
    },
    "gross": {
      "mean": 0.00024138277927682154,
      "mean_ci_high": 0.00046358323364513064,
      "mean_ci_low": 2.3032619011805463e-05,
      "n": 403,
      "p_mean_gt_0": 0.984,
      "std": 0.002251752027507754,
      "win_rate": 0.543424317617866
    }
  },
  "config": {
    "bootstrap_iters": 3000,
    "cost_mode": "all",
    "days": 365,
    "horizon": 6,
    "timeframe": "5m",
    "wf": {
      "step_days": 15,
      "test_days": 15,
      "train_days": 60
    }
  },
  "diagnostics_by_mode": {
    "bps10": {
      "mae_proxy_median": -0.000592078302189436,
      "median_hold_return": -0.0008399884768471857,
      "return_histogram_bins": [
        "(-inf,-1%)",
        "[-1%,-0.5%)",
        "[-0.5%,-0.2%)",
        "[-0.2%,0%)",
        "[0%,0.2%)",
        "[0.2%,0.5%)",
        "[0.5%,1%)",
        "[1%,inf)"
      ],
      "return_histogram_counts": [
        0,
        10,
        94,
        172,
        93,
        28,
        6,
        0
      ],
      "top10_pct_pnl_contribution": -0.4607840550854928,
      "trades_per_day": 1.188644463561509
    },
    "bps8": {
      "mae_proxy_median": -0.000592078302189436,
      "median_hold_return": -0.0006399884768471857,
      "return_histogram_bins": [
        "(-inf,-1%)",
        "[-1%,-0.5%)",
        "[-0.5%,-0.2%)",
        "[-0.2%,0%)",
        "[0%,0.2%)",
        "[0.2%,0.5%)",
        "[0.5%,1%)",
        "[1%,inf)"
      ],
      "return_histogram_counts": [
        0,
        9,
        75,
        178,
        99,
        36,
        6,
        0
      ],
      "top10_pct_pnl_contribution": -0.6621817230850492,
      "trades_per_day": 1.188644463561509
    },
    "gross": {
      "mae_proxy_median": -0.000592078302189436,
      "median_hold_return": 0.0001600115231528143,
      "return_histogram_bins": [
        "(-inf,-1%)",
        "[-1%,-0.5%)",
        "[-0.5%,-0.2%)",
        "[-0.2%,0%)",
        "[0%,0.2%)",
        "[0.2%,0.5%)",
        "[0.5%,1%)",
        "[1%,inf)"
      ],
      "return_histogram_counts": [
        0,
        6,
        47,
        131,
        139,
        69,
        10,
        1
      ],
      "top10_pct_pnl_contribution": 1.8696267118942829,
      "trades_per_day": 1.188644463561509
    }
  },
  "family": "volume_state",
  "hypothesis_id": "H147",
  "timestamp_utc": "2026-02-23T23:39:59+00:00",
  "wf_by_mode": {
    "bps10": {
      "aggregate": {
        "mean": -0.000704912586490389,
        "mean_ci_high": -0.00046516973359798724,
        "mean_ci_low": -0.0009300737644470175,
        "n": 333,
        "p_mean_gt_0": 0.0
      },
      "folds": [
        {
          "fold_id": 1,
          "mean": -0.00045177625796956973,
          "n": 37,
          "test_end": "2025-05-31T00:00:00+00:00",
          "test_start": "2025-05-16T00:00:00+00:00"
        },
        {
          "fold_id": 2,
          "mean": -0.0015823599404279237,
          "n": 20,
          "test_end": "2025-06-15T00:00:00+00:00",
          "test_start": "2025-05-31T00:00:00+00:00"
        },
        {
          "fold_id": 3,
          "mean": -0.0003250310694059335,
          "n": 20,
          "test_end": "2025-06-30T00:00:00+00:00",
          "test_start": "2025-06-15T00:00:00+00:00"
        },
        {
          "fold_id": 4,
          "mean": -0.0007642316061064029,
          "n": 9,
          "test_end": "2025-07-15T00:00:00+00:00",
          "test_start": "2025-06-30T00:00:00+00:00"
        },
        {
          "fold_id": 5,
          "mean": -0.0004328728385354355,
          "n": 14,
          "test_end": "2025-07-30T00:00:00+00:00",
          "test_start": "2025-07-15T00:00:00+00:00"
        },
        {
          "fold_id": 6,
          "mean": -0.0012756873553983739,
          "n": 51,
          "test_end": "2025-08-14T00:00:00+00:00",
          "test_start": "2025-07-30T00:00:00+00:00"
        },
        {
          "fold_id": 7,
          "mean": -0.0009213572194793941,
          "n": 26,
          "test_end": "2025-08-29T00:00:00+00:00",
          "test_start": "2025-08-14T00:00:00+00:00"
        },
        {
          "fold_id": 8,
          "mean": -0.001128365462242492,
          "n": 18,
          "test_end": "2025-09-13T00:00:00+00:00",
          "test_start": "2025-08-29T00:00:00+00:00"
        },
        {
          "fold_id": 9,
          "mean": -0.001240198573308933,
          "n": 15,
          "test_end": "2025-09-28T00:00:00+00:00",
          "test_start": "2025-09-13T00:00:00+00:00"
        },
        {
          "fold_id": 10,
          "mean": -0.0010764727467738192,
          "n": 29,
          "test_end": "2025-10-13T00:00:00+00:00",
          "test_start": "2025-09-28T00:00:00+00:00"
        },
        {
          "fold_id": 11,
          "mean": 7.631804826245337e-05,
          "n": 20,
          "test_end": "2025-10-28T00:00:00+00:00",
          "test_start": "2025-10-13T00:00:00+00:00"
        },
        {
          "fold_id": 12,
          "mean": -0.000533766946033388,
          "n": 19,
          "test_end": "2025-11-12T00:00:00+00:00",
          "test_start": "2025-10-28T00:00:00+00:00"
        },
        {
          "fold_id": 13,
          "mean": 0.000948838479996495,
          "n": 7,
          "test_end": "2025-11-27T00:00:00+00:00",
          "test_start": "2025-11-12T00:00:00+00:00"
        },
        {
          "fold_id": 14,
          "mean": -0.00047404034311519707,
          "n": 16,
          "test_end": "2025-12-12T00:00:00+00:00",
          "test_start": "2025-11-27T00:00:00+00:00"
        },
        {
          "fold_id": 15,
          "mean": 0.0007544251048687442,
          "n": 14,
          "test_end": "2025-12-27T00:00:00+00:00",
          "test_start": "2025-12-12T00:00:00+00:00"
        },
        {
          "fold_id": 16,
          "mean": -0.000856595699552958,
          "n": 4,
          "test_end": "2026-01-11T00:00:00+00:00",
          "test_start": "2025-12-27T00:00:00+00:00"
        },
        {
          "fold_id": 17,
          "mean": 2.571312469870413e-05,
          "n": 9,
          "test_end": "2026-01-26T00:00:00+00:00",
          "test_start": "2026-01-11T00:00:00+00:00"
        },
        {
          "fold_id": 18,
          "mean": -0.001119287122011924,
          "n": 5,
          "test_end": "2026-02-10T00:00:00+00:00",
          "test_start": "2026-01-26T00:00:00+00:00"
        }
      ],
      "positive_folds": {
        "count": 4,
        "pct": 22.22222222222222,
        "total": 18
      },
      "split": {
        "step_days": 15,
        "test_days": 15,
        "train_days": 60
      }
    },
    "bps8": {
      "aggregate": {
        "mean": -0.000504912586490389,
        "mean_ci_high": -0.00026516973359798726,
        "mean_ci_low": -0.0007300737644470173,
        "n": 333,
        "p_mean_gt_0": 0.0
      },
      "folds": [
        {
          "fold_id": 1,
          "mean": -0.0002517762579695696,
          "n": 37,
          "test_end": "2025-05-31T00:00:00+00:00",
          "test_start": "2025-05-16T00:00:00+00:00"
        },
        {
          "fold_id": 2,
          "mean": -0.0013823599404279231,
          "n": 20,
          "test_end": "2025-06-15T00:00:00+00:00",
          "test_start": "2025-05-31T00:00:00+00:00"
        },
        {
          "fold_id": 3,
          "mean": -0.00012503106940593353,
          "n": 20,
          "test_end": "2025-06-30T00:00:00+00:00",