{
  "baseline": {
    "bps10": {
      "mean": 0.0014829486466498966,
      "mean_ci_high": 0.0029036134776848793,
      "mean_ci_low": 0.00018294260547919904,
      "n": 65,
      "p_mean_gt_0": 0.9873333333333333,
      "std": 0.0056905851943103115,
      "win_rate": 0.5538461538461539
    },
    "bps8": {
      "mean": 0.001682948646649897,
      "mean_ci_high": 0.0031036134776848802,
      "mean_ci_low": 0.0003829426054791993,
      "n": 65,
      "p_mean_gt_0": 0.9946666666666667,
      "std": 0.0056905851943103115,
      "win_rate": 0.5846153846153846
    },
    "gross": {
      "mean": 0.0024829486466498973,
      "mean_ci_high": 0.00390361347768488,
      "mean_ci_low": 0.0011829426054791993,
      "n": 65,
      "p_mean_gt_0": 1.0,
      "std": 0.005690585194310311,
      "win_rate": 0.6307692307692307
    }
  },
  "config": {
    "bootstrap_iters": 3000,
    "cost_mode": "all",
    "days": 365,
    "horizon": 8,
    "timeframe": "5m",
    "wf": {
      "step_days": 15,
      "test_days": 15,
      "train_days": 60
    }
  },
  "diagnostics_by_mode": {
    "bps10": {
      "mae_proxy_median": null,
      "median_hold_return": 0.0005372364864245647,
      "return_histogram_bins": [
        "(-inf,-1%)",
        "[-1%,-0.5%)",
        "[-0.5%,-0.2%)",
        "[-0.2%,0%)",
        "[0%,0.2%)",
        "[0.2%,0.5%)",
        "[0.5%,1%)",
        "[1%,inf)"
      ],
      "return_histogram_counts": [
        2,
        2,
        15,
        10,
        10,
        11,
        11,
        4
      ],
      "top10_pct_pnl_contribution": 0.906838503195338,
      "trades_per_day": 0.19880208997068946
    },
    "bps8": {
      "mae_proxy_median": null,
      "median_hold_return": 0.0007372364864245646,
      "return_histogram_bins": [
        "(-inf,-1%)",
        "[-1%,-0.5%)",
        "[-0.5%,-0.2%)",
        "[-0.2%,0%)",
        "[0%,0.2%)",
        "[0.2%,0.5%)",
        "[0.5%,1%)",
        "[1%,inf)"
      ],
      "return_histogram_counts": [
        2,
        2,
        11,
        12,
        11,
        12,
        11,
        4
      ],
      "top10_pct_pnl_contribution": 0.8118687372320302,
      "trades_per_day": 0.19880208997068946
    },
    "gross": {
      "mae_proxy_median": null,
      "median_hold_return": 0.0015372364864245647,
      "return_histogram_bins": [
        "(-inf,-1%)",
        "[-1%,-0.5%)",
        "[-0.5%,-0.2%)",
        "[-0.2%,0%)",
        "[0%,0.2%)",
        "[0.2%,0.5%)",
        "[0.5%,1%)",
        "[1%,inf)"
      ],
      "return_histogram_counts": [
        2,
        0,
        7,
        15,
        13,
        9,
        12,
        7
      ],
      "top10_pct_pnl_contribution": 0.5849848085644508,
      "trades_per_day": 0.19880208997068946
    }
  },
  "family": "volume_state",
  "hypothesis_id": "H159",
  "timestamp_utc": "2026-02-24T00:02:34+00:00",
  "wf_by_mode": {
    "bps10": {
      "aggregate": {
        "mean": 0.001804119492534768,
        "mean_ci_high": 0.003602894416335371,
        "mean_ci_low": 0.00020992437209760745,
        "n": 48,
        "p_mean_gt_0": 0.987
      },
      "folds": [
        {
          "fold_id": 1,
          "mean": 0.010554105022173762,
          "n": 3,
          "test_end": "2025-05-31T00:00:00+00:00",
          "test_start": "2025-05-16T00:00:00+00:00"
        },
        {
          "fold_id": 2,
          "mean": -0.002039890981705205,
          "n": 2,
          "test_end": "2025-06-15T00:00:00+00:00",
          "test_start": "2025-05-31T00:00:00+00:00"
        },
        {
          "fold_id": 3,
          "mean": 0.0023927789686377663,
          "n": 5,
          "test_end": "2025-06-30T00:00:00+00:00",
          "test_start": "2025-06-15T00:00:00+00:00"
        },
        {
          "fold_id": 4,
          "mean": -0.002722646560348151,
          "n": 2,
          "test_end": "2025-07-15T00:00:00+00:00",
          "test_start": "2025-06-30T00:00:00+00:00"
        },
        {
          "fold_id": 5,
          "mean": 0.0025368088948520837,
          "n": 4,
          "test_end": "2025-07-30T00:00:00+00:00",
          "test_start": "2025-07-15T00:00:00+00:00"
        },
        {
          "fold_id": 6,
          "mean": 0.0,
          "n": 0,
          "test_end": "2025-08-14T00:00:00+00:00",
          "test_start": "2025-07-30T00:00:00+00:00"
        },
        {
          "fold_id": 7,
          "mean": 0.0047389356253115245,
          "n": 2,
          "test_end": "2025-08-29T00:00:00+00:00",
          "test_start": "2025-08-14T00:00:00+00:00"
        },
        {
          "fold_id": 8,
          "mean": 0.0007123699596219843,
          "n": 4,
          "test_end": "2025-09-13T00:00:00+00:00",
          "test_start": "2025-08-29T00:00:00+00:00"
        },
        {
          "fold_id": 9,
          "mean": 0.0004157771832146726,
          "n": 4,
          "test_end": "2025-09-28T00:00:00+00:00",
          "test_start": "2025-09-13T00:00:00+00:00"
        },
        {
          "fold_id": 10,
          "mean": 0.006804402498503893,
          "n": 1,
          "test_end": "2025-10-13T00:00:00+00:00",
          "test_start": "2025-09-28T00:00:00+00:00"
        },
        {
          "fold_id": 11,
          "mean": 0.0025640445006227166,
          "n": 3,
          "test_end": "2025-10-28T00:00:00+00:00",
          "test_start": "2025-10-13T00:00:00+00:00"
        },
        {
          "fold_id": 12,
          "mean": 0.009270003247087488,
          "n": 1,
          "test_end": "2025-11-12T00:00:00+00:00",
          "test_start": "2025-10-28T00:00:00+00:00"
        },
        {
          "fold_id": 13,
          "mean": -0.005503230875808229,
          "n": 4,
          "test_end": "2025-11-27T00:00:00+00:00",
          "test_start": "2025-11-12T00:00:00+00:00"
        },
        {
          "fold_id": 14,
          "mean": 0.012918624891209762,
          "n": 1,
          "test_end": "2025-12-12T00:00:00+00:00",
          "test_start": "2025-11-27T00:00:00+00:00"
        },
        {
          "fold_id": 15,
          "mean": 0.005301678713776126,
          "n": 4,
          "test_end": "2025-12-27T00:00:00+00:00",
          "test_start": "2025-12-12T00:00:00+00:00"
        },
        {
          "fold_id": 16,
          "mean": 9.876412331006976e-05,
          "n": 5,
          "test_end": "2026-01-11T00:00:00+00:00",
          "test_start": "2025-12-27T00:00:00+00:00"
        },
        {
          "fold_id": 17,
          "mean": -0.0026712902308012585,
          "n": 3,
          "test_end": "2026-01-26T00:00:00+00:00",
          "test_start": "2026-01-11T00:00:00+00:00"
        }
      ],
      "positive_folds": {
        "count": 12,
        "pct": 70.58823529411765,
        "total": 17
      },
      "split": {
        "step_days": 15,
        "test_days": 15,
        "train_days": 60
      }
    },
    "bps8": {
      "aggregate": {
        "mean": 0.0020041194925347686,
        "mean_ci_high": 0.003802894416335372,
        "mean_ci_low": 0.0004099243720976078,
        "n": 48,
        "p_mean_gt_0": 0.9933333333333333
      },
      "folds": [
        {
          "fold_id": 1,
          "mean": 0.010754105022173763,
          "n": 3,
          "test_end": "2025-05-31T00:00:00+00:00",
          "test_start": "2025-05-16T00:00:00+00:00"
        },
        {
          "fold_id": 2,
          "mean": -0.001839890981705205,
          "n": 2,
          "test_end": "2025-06-15T00:00:00+00:00",
          "test_start": "2025-05-31T00:00:00+00:00"
        },
        {
          "fold_id": 3,
          "mean": 0.002592778968637766,
          "n": 5,
          "test_end": "2025-06-30T00:00:00+00:00",
          "test_start": "2025-06-15T00:00:00+00:00"
        },
        {
          "fold_id": 4,
          "mean": -0.002522646560348151,
          "n": 2,
          "test_end": "2025-07-15T00:00:00+00:00",
          "test_start": "2025-06-30T00:00:00+00:00"
        },
        {
          "fold_id": 5,
          "mean": 0.0027368088948520834,