{
  "baseline": {
    "bps10": {
      "mean": 0.000386237796979241,
      "mean_ci_high": 0.0013888751204076304,
      "mean_ci_low": -0.0006817842443661401,
      "n": 14,
      "p_mean_gt_0": 0.7696666666666667,
      "std": 0.001962471592902242,
      "win_rate": 0.6428571428571429
    },
    "bps8": {
      "mean": 0.000586237796979241,
      "mean_ci_high": 0.0015888751204076311,
      "mean_ci_low": -0.0004817842443661399,
      "n": 14,
      "p_mean_gt_0": 0.8663333333333333,
      "std": 0.001962471592902242,
      "win_rate": 0.7142857142857143
    },
    "gross": {
      "mean": 0.001386237796979241,
      "mean_ci_high": 0.002388875120407631,
      "mean_ci_low": 0.00031821575563386006,
      "n": 14,
      "p_mean_gt_0": 0.9946666666666667,
      "std": 0.001962471592902242,
      "win_rate": 0.7142857142857143
    }
  },
  "config": {
    "bootstrap_iters": 3000,
    "cost_mode": "all",
    "days": 180,
    "horizon": 6,
    "timeframe": "5m",
    "wf": {
      "step_days": 15,
      "test_days": 15,
      "train_days": 60
    }
  },
  "diagnostics_by_mode": {
    "bps10": {
      "mae_proxy_median": -7.683857292356544e-05,
      "median_hold_return": 0.0005740192759511329,
      "return_histogram_bins": [
        "(-inf,-1%)",
        "[-1%,-0.5%)",
        "[-0.5%,-0.2%)",
        "[-0.2%,0%)",
        "[0%,0.2%)",
        "[0.2%,0.5%)",
        "[0.5%,1%)",
        "[1%,inf)"
      ],
      "return_histogram_counts": [
        0,
        0,
        2,
        3,
        6,
        3,
        0,
        0
      ],
      "top10_pct_pnl_contribution": 1.1576844178726258,
      "trades_per_day": 0.10932754880694144
    },
    "bps8": {
      "mae_proxy_median": -7.683857292356544e-05,
      "median_hold_return": 0.0007740192759511329,
      "return_histogram_bins": [
        "(-inf,-1%)",
        "[-1%,-0.5%)",
        "[-0.5%,-0.2%)",
        "[-0.2%,0%)",
        "[0%,0.2%)",
        "[0.2%,0.5%)",
        "[0.5%,1%)",
        "[1%,inf)"
      ],
      "return_histogram_counts": [
        0,
        0,
        2,
        2,
        6,
        4,
        0,
        0
      ],
      "top10_pct_pnl_contribution": 0.8114674798844329,
      "trades_per_day": 0.10932754880694144
    },
    "gross": {
      "mae_proxy_median": -7.683857292356544e-05,
      "median_hold_return": 0.0015740192759511329,
      "return_histogram_bins": [
        "(-inf,-1%)",
        "[-1%,-0.5%)",
        "[-0.5%,-0.2%)",
        "[-0.2%,0%)",
        "[0%,0.2%)",
        "[0.2%,0.5%)",
        "[0.5%,1%)",
        "[1%,inf)"
      ],
      "return_histogram_counts": [
        0,
        0,
        0,
        4,
        4,
        6,
        0,
        0
      ],
      "top10_pct_pnl_contribution": 0.42561140902313466,
      "trades_per_day": 0.10932754880694144
    }
  },
  "family": "mean_reversion",
  "hypothesis_id": "H15",
  "timestamp_utc": "2026-02-23T06:25:21+00:00",
  "wf_by_mode": {
    "bps10": {
      "aggregate": {
        "mean": 2.8451200902193342e-05,
        "mean_ci_high": 0.0018091789786917859,
        "mean_ci_low": -0.0016806432415989335,
        "n": 7,
        "p_mean_gt_0": 0.509
      },
      "folds": [
        {
          "fold_id": 1,
          "mean": 0.001970901363863021,
          "n": 1,
          "test_end": "2025-12-05T00:00:00+00:00",
          "test_start": "2025-11-20T00:00:00+00:00"
        },
        {
          "fold_id": 2,
          "mean": 0.0,
          "n": 0,
          "test_end": "2025-12-20T00:00:00+00:00",
          "test_start": "2025-12-05T00:00:00+00:00"
        },
        {
          "fold_id": 3,
          "mean": -0.000722281515953326,
          "n": 2,
          "test_end": "2026-01-04T00:00:00+00:00",
          "test_start": "2025-12-20T00:00:00+00:00"
        },
        {
          "fold_id": 4,
          "mean": -8.17949814102539e-05,
          "n": 4,
          "test_end": "2026-01-19T00:00:00+00:00",
          "test_start": "2026-01-04T00:00:00+00:00"
        }
      ],
      "positive_folds": {
        "count": 1,
        "pct": 25.0,
        "total": 4
      },
      "split": {
        "step_days": 15,
        "test_days": 15,
        "train_days": 60
      }
    },
    "bps8": {
      "aggregate": {
        "mean": 0.0002284512009021933,
        "mean_ci_high": 0.0020091789786917855,
        "mean_ci_low": -0.0014806432415989332,
        "n": 7,
        "p_mean_gt_0": 0.5913333333333334
      },
      "folds": [
        {
          "fold_id": 1,
          "mean": 0.002170901363863021,
          "n": 1,
          "test_end": "2025-12-05T00:00:00+00:00",
          "test_start": "2025-11-20T00:00:00+00:00"
        },
        {
          "fold_id": 2,
          "mean": 0.0,
          "n": 0,
          "test_end": "2025-12-20T00:00:00+00:00",
          "test_start": "2025-12-05T00:00:00+00:00"
        },
        {
          "fold_id": 3,
          "mean": -0.0005222815159533259,
          "n": 2,
          "test_end": "2026-01-04T00:00:00+00:00",
          "test_start": "2025-12-20T00:00:00+00:00"
        },
        {
          "fold_id": 4,
          "mean": 0.00011820501858974609,
          "n": 4,
          "test_end": "2026-01-19T00:00:00+00:00",
          "test_start": "2026-01-04T00:00:00+00:00"
        }
      ],
      "positive_folds": {
        "count": 2,
        "pct": 50.0,
        "total": 4
      },
      "split": {
        "step_days": 15,
        "test_days": 15,
        "train_days": 60
      }
    },
    "gross": {
      "aggregate": {
        "mean": 0.0010284512009021934,
        "mean_ci_high": 0.002809178978691786,
        "mean_ci_low": -0.000680643241598933,
        "n": 7,
        "p_mean_gt_0": 0.8746666666666667
      },
      "folds": [
        {
          "fold_id": 1,
          "mean": 0.002970901363863021,
          "n": 1,
          "test_end": "2025-12-05T00:00:00+00:00",
          "test_start": "2025-11-20T00:00:00+00:00"
        },
        {
          "fold_id": 2,
          "mean": 0.0,
          "n": 0,
          "test_end": "2025-12-20T00:00:00+00:00",
          "test_start": "2025-12-05T00:00:00+00:00"
        },
        {
          "fold_id": 3,
          "mean": 0.000277718484046674,
          "n": 2,
          "test_end": "2026-01-04T00:00:00+00:00",
          "test_start": "2025-12-20T00:00:00+00:00"
        },
        {
          "fold_id": 4,
          "mean": 0.0009182050185897461,
          "n": 4,
          "test_end": "2026-01-19T00:00:00+00:00",
          "test_start": "2026-01-04T00:00:00+00:00"
        }
      ],
      "positive_folds": {
        "count": 3,
        "pct": 75.0,
        "total": 4
      },
      "split": {
        "step_days": 15,
        "test_days": 15,
        "train_days": 60
      }
    }
  }
}