{
  "baseline": {
    "bps10": {
      "mean": -0.0003000427797505415,
      "mean_ci_high": 0.0005957609588846881,
      "mean_ci_low": -0.0013678056478323912,
      "n": 42,
      "p_mean_gt_0": 0.2783333333333333,
      "std": 0.0031701403838256433,
      "win_rate": 0.5476190476190477
    },
    "bps8": {
      "mean": -0.00010004277975054143,
      "mean_ci_high": 0.0007957609588846881,
      "mean_ci_low": -0.001167805647832391,
      "n": 42,
      "p_mean_gt_0": 0.43566666666666665,
      "std": 0.0031701403838256433,
      "win_rate": 0.5714285714285714
    },
    "gross": {
      "mean": 0.0006999572202494586,
      "mean_ci_high": 0.0015957609588846883,
      "mean_ci_low": -0.00036780564783239116,
      "n": 42,
      "p_mean_gt_0": 0.914,
      "std": 0.0031701403838256433,
      "win_rate": 0.6428571428571429
    }
  },
  "config": {
    "bootstrap_iters": 3000,
    "cost_mode": "all",
    "days": 365,
    "horizon": 6,
    "timeframe": "5m",
    "wf": {
      "step_days": 15,
      "test_days": 15,
      "train_days": 60
    }
  },
  "diagnostics_by_mode": {
    "bps10": {
      "mae_proxy_median": -0.00045777208656100354,
      "median_hold_return": 0.00014505356013139268,
      "return_histogram_bins": [
        "(-inf,-1%)",
        "[-1%,-0.5%)",
        "[-0.5%,-0.2%)",
        "[-0.2%,0%)",
        "[0%,0.2%)",
        "[0.2%,0.5%)",
        "[0.5%,1%)",
        "[1%,inf)"
      ],
      "return_histogram_counts": [
        1,
        1,
        6,
        11,
        14,
        8,
        1,
        0
      ],
      "top10_pct_pnl_contribution": -1.4148240873892777,
      "trades_per_day": 0.16138974502661813
    },
    "bps8": {
      "mae_proxy_median": -0.00045777208656100354,
      "median_hold_return": 0.00034505356013139266,
      "return_histogram_bins": [
        "(-inf,-1%)",
        "[-1%,-0.5%)",
        "[-0.5%,-0.2%)",
        "[-0.2%,0%)",
        "[0%,0.2%)",
        "[0.2%,0.5%)",
        "[0.5%,1%)",
        "[1%,inf)"
      ],
      "return_histogram_counts": [
        1,
        1,
        6,
        10,
        14,
        9,
        1,
        0
      ],
      "top10_pct_pnl_contribution": -4.481255688473606,
      "trades_per_day": 0.16138974502661813
    },
    "gross": {
      "mae_proxy_median": -0.00045777208656100354,
      "median_hold_return": 0.0011450535601313927,
      "return_histogram_bins": [
        "(-inf,-1%)",
        "[-1%,-0.5%)",
        "[-0.5%,-0.2%)",
        "[-0.2%,0%)",
        "[0%,0.2%)",
        "[0.2%,0.5%)",
        "[0.5%,1%)",
        "[1%,inf)"
      ],
      "return_histogram_counts": [
        1,
        1,
        2,
        11,
        12,
        14,
        1,
        0
      ],
      "top10_pct_pnl_contribution": 0.7765551313153148,
      "trades_per_day": 0.16138974502661813
    }
  },
  "family": "mean_reversion",
  "hypothesis_id": "H15",
  "timestamp_utc": "2026-02-23T06:30:13+00:00",
  "wf_by_mode": {
    "bps10": {
      "aggregate": {
        "mean": -0.00022020493637347596,
        "mean_ci_high": 0.0008325682827696509,
        "mean_ci_low": -0.0014886763744145152,
        "n": 30,
        "p_mean_gt_0": 0.3863333333333333
      },
      "folds": [
        {
          "fold_id": 1,
          "mean": -3.112926406494045e-05,
          "n": 8,
          "test_end": "2025-07-26T00:00:00+00:00",
          "test_start": "2025-07-11T00:00:00+00:00"
        },
        {
          "fold_id": 2,
          "mean": -0.0011713851723754156,
          "n": 2,
          "test_end": "2025-08-10T00:00:00+00:00",
          "test_start": "2025-07-26T00:00:00+00:00"
        },
        {
          "fold_id": 3,
          "mean": -0.0009905194331680475,
          "n": 7,
          "test_end": "2025-08-25T00:00:00+00:00",
          "test_start": "2025-08-10T00:00:00+00:00"
        },
        {
          "fold_id": 4,
          "mean": 0.0,
          "n": 0,
          "test_end": "2025-09-09T00:00:00+00:00",
          "test_start": "2025-08-25T00:00:00+00:00"
        },
        {
          "fold_id": 5,
          "mean": -7.572978394068588e-05,
          "n": 4,
          "test_end": "2025-09-24T00:00:00+00:00",
          "test_start": "2025-09-09T00:00:00+00:00"
        },
        {
          "fold_id": 6,
          "mean": 0.0024344645407968777,
          "n": 1,
          "test_end": "2025-10-09T00:00:00+00:00",
          "test_start": "2025-09-24T00:00:00+00:00"
        },
        {
          "fold_id": 7,
          "mean": 0.000588588586892925,
          "n": 1,
          "test_end": "2025-10-24T00:00:00+00:00",
          "test_start": "2025-10-09T00:00:00+00:00"
        },
        {
          "fold_id": 8,
          "mean": 0.0,
          "n": 0,
          "test_end": "2025-11-08T00:00:00+00:00",
          "test_start": "2025-10-24T00:00:00+00:00"
        },
        {
          "fold_id": 9,
          "mean": 0.0,
          "n": 0,
          "test_end": "2025-11-23T00:00:00+00:00",
          "test_start": "2025-11-08T00:00:00+00:00"
        },
        {
          "fold_id": 10,
          "mean": 0.001970901363863021,
          "n": 1,
          "test_end": "2025-12-08T00:00:00+00:00",
          "test_start": "2025-11-23T00:00:00+00:00"
        },
        {
          "fold_id": 11,
          "mean": 0.0,
          "n": 0,
          "test_end": "2025-12-23T00:00:00+00:00",
          "test_start": "2025-12-08T00:00:00+00:00"
        },
        {
          "fold_id": 12,
          "mean": -0.0017511884238912137,
          "n": 4,
          "test_end": "2026-01-07T00:00:00+00:00",
          "test_start": "2025-12-23T00:00:00+00:00"
        },
        {
          "fold_id": 13,
          "mean": 0.0026165053690085935,
          "n": 2,
          "test_end": "2026-01-22T00:00:00+00:00",
          "test_start": "2026-01-07T00:00:00+00:00"
        }
      ],
      "positive_folds": {
        "count": 4,
        "pct": 30.76923076923077,
        "total": 13
      },
      "split": {
        "step_days": 15,
        "test_days": 15,
        "train_days": 60
      }
    },
    "bps8": {
      "aggregate": {
        "mean": -2.0204936373475802e-05,
        "mean_ci_high": 0.0010325682827696514,
        "mean_ci_low": -0.0012886763744145151,
        "n": 30,
        "p_mean_gt_0": 0.5266666666666666
      },
      "folds": [
        {
          "fold_id": 1,
          "mean": 0.00016887073593505964,
          "n": 8,
          "test_end": "2025-07-26T00:00:00+00:00",
          "test_start": "2025-07-11T00:00:00+00:00"
        },
        {
          "fold_id": 2,
          "mean": -0.0009713851723754155,
          "n": 2,
          "test_end": "2025-08-10T00:00:00+00:00",
          "test_start": "2025-07-26T00:00:00+00:00"
        },
        {
          "fold_id": 3,
          "mean": -0.0007905194331680475,
          "n": 7,
          "test_end": "2025-08-25T00:00:00+00:00",
          "test_start": "2025-08-10T00:00:00+00:00"
        },
        {
          "fold_id": 4,
          "mean": 0.0,
          "n": 0,
          "test_end": "2025-09-09T00:00:00+00:00",
          "test_start": "2025-08-25T00:00:00+00:00"
        },
        {
          "fold_id": 5,
          "mean": 0.00012427021605931419,
          "n": 4,
          "test_end": "2025-09-24T00:00:00+00:00",
          "test_start": "2025-09-09T00:00:00+00:00"
        },
        {
          "fold_id": 6,
          "mean": 0.0026344645407968778,
          "n": 1,
          "test_end": "2025-10-09T00:00:00+00:00",
          "test_start": "2025-09-24T00:00:00+00:00"
        },
        {
          "fold_id": 7,
          "mean": 0.000788588586892925,
          "n": 1,
          "test_end": "2025-10-24T00:00:00+00:00",
          "test_start": "2025-10-09T00:00:00+00:00"
        },
        {
          "fold_id": 8,
          "mean": 0.0,
          "n": 0,
          "test_end": "2025-11-08T00:00:00+00:00",
          "test_start": "2025-10-24T00:00:00+00:00"
        },
        {
          "fold_id": 9,
          "mean": 0.0,