{
  "baseline": {
    "bps10": {
      "mean": 0.0015835885433942575,
      "mean_ci_high": 0.0025541422313430638,
      "mean_ci_low": 0.0006876768110601255,
      "n": 136,
      "p_mean_gt_0": 1.0,
      "std": 0.005479636666144408,
      "win_rate": 0.5882352941176471
    },
    "bps8": {
      "mean": 0.0017835885433942578,
      "mean_ci_high": 0.0027541422313430643,
      "mean_ci_low": 0.0008876768110601257,
      "n": 136,
      "p_mean_gt_0": 1.0,
      "std": 0.005479636666144408,
      "win_rate": 0.6102941176470589
    },
    "gross": {
      "mean": 0.002583588543394258,
      "mean_ci_high": 0.0035541422313430646,
      "mean_ci_low": 0.0016876768110601257,
      "n": 136,
      "p_mean_gt_0": 1.0,
      "std": 0.005479636666144408,
      "win_rate": 0.6911764705882353
    }
  },
  "config": {
    "bootstrap_iters": 3000,
    "cost_mode": "all",
    "days": 365,
    "horizon": 8,
    "timeframe": "5m",
    "wf": {
      "step_days": 15,
      "test_days": 15,
      "train_days": 60
    }
  },
  "diagnostics_by_mode": {
    "bps10": {
      "mae_proxy_median": -0.0010005463701169837,
      "median_hold_return": 0.000699651123008461,
      "return_histogram_bins": [
        "(-inf,-1%)",
        "[-1%,-0.5%)",
        "[-0.5%,-0.2%)",
        "[-0.2%,0%)",
        "[0%,0.2%)",
        "[0.2%,0.5%)",
        "[0.5%,1%)",
        "[1%,inf)"
      ],
      "return_histogram_counts": [
        1,
        6,
        28,
        21,
        28,
        25,
        16,
        11
      ],
      "top10_pct_pnl_contribution": 0.8487470417836482,
      "trades_per_day": 0.3999019848076452
    },
    "bps8": {
      "mae_proxy_median": -0.0010005463701169837,
      "median_hold_return": 0.000899651123008461,
      "return_histogram_bins": [
        "(-inf,-1%)",
        "[-1%,-0.5%)",
        "[-0.5%,-0.2%)",
        "[-0.2%,0%)",
        "[0%,0.2%)",
        "[0.2%,0.5%)",
        "[0.5%,1%)",
        "[1%,inf)"
      ],
      "return_histogram_counts": [
        1,
        6,
        27,
        19,
        30,
        24,
        16,
        13
      ],
      "top10_pct_pnl_contribution": 0.7651172306284638,
      "trades_per_day": 0.3999019848076452
    },
    "gross": {
      "mae_proxy_median": -0.0010005463701169837,
      "median_hold_return": 0.001699651123008461,
      "return_histogram_bins": [
        "(-inf,-1%)",
        "[-1%,-0.5%)",
        "[-0.5%,-0.2%)",
        "[-0.2%,0%)",
        "[0%,0.2%)",
        "[0.2%,0.5%)",
        "[0.5%,1%)",
        "[1%,inf)"
      ],
      "return_histogram_counts": [
        1,
        4,
        18,
        19,
        32,
        27,
        21,
        14
      ],
      "top10_pct_pnl_contribution": 0.5600765151938228,
      "trades_per_day": 0.3999019848076452
    }
  },
  "family": "volume_state",
  "hypothesis_id": "H161",
  "timestamp_utc": "2026-02-24T00:04:26+00:00",
  "wf_by_mode": {
    "bps10": {
      "aggregate": {
        "mean": 0.001201695139155483,
        "mean_ci_high": 0.0022223054494771295,
        "mean_ci_low": 0.00013344658844641934,
        "n": 105,
        "p_mean_gt_0": 0.987
      },
      "folds": [
        {
          "fold_id": 1,
          "mean": 0.0022043644760137986,
          "n": 8,
          "test_end": "2025-05-31T00:00:00+00:00",
          "test_start": "2025-05-16T00:00:00+00:00"
        },
        {
          "fold_id": 2,
          "mean": 0.0006161435505197552,
          "n": 6,
          "test_end": "2025-06-15T00:00:00+00:00",
          "test_start": "2025-05-31T00:00:00+00:00"
        },
        {
          "fold_id": 3,
          "mean": 0.0024716847266910377,
          "n": 5,
          "test_end": "2025-06-30T00:00:00+00:00",
          "test_start": "2025-06-15T00:00:00+00:00"
        },
        {
          "fold_id": 4,
          "mean": -0.0032552087325865182,
          "n": 3,
          "test_end": "2025-07-15T00:00:00+00:00",
          "test_start": "2025-06-30T00:00:00+00:00"
        },
        {
          "fold_id": 5,
          "mean": 0.00037511305174796426,
          "n": 8,
          "test_end": "2025-07-30T00:00:00+00:00",
          "test_start": "2025-07-15T00:00:00+00:00"
        },
        {
          "fold_id": 6,
          "mean": 0.0015035734843216934,
          "n": 3,
          "test_end": "2025-08-14T00:00:00+00:00",
          "test_start": "2025-07-30T00:00:00+00:00"
        },
        {
          "fold_id": 7,
          "mean": 0.0010048215641318542,
          "n": 9,
          "test_end": "2025-08-29T00:00:00+00:00",
          "test_start": "2025-08-14T00:00:00+00:00"
        },
        {
          "fold_id": 8,
          "mean": 0.000496365241036135,
          "n": 6,
          "test_end": "2025-09-13T00:00:00+00:00",
          "test_start": "2025-08-29T00:00:00+00:00"
        },
        {
          "fold_id": 9,
          "mean": 0.0007382447453005544,
          "n": 5,
          "test_end": "2025-09-28T00:00:00+00:00",
          "test_start": "2025-09-13T00:00:00+00:00"
        },
        {
          "fold_id": 10,
          "mean": 0.0007431716923540285,
          "n": 5,
          "test_end": "2025-10-13T00:00:00+00:00",
          "test_start": "2025-09-28T00:00:00+00:00"
        },
        {
          "fold_id": 11,
          "mean": 0.0037768147056270744,
          "n": 7,
          "test_end": "2025-10-28T00:00:00+00:00",
          "test_start": "2025-10-13T00:00:00+00:00"
        },
        {
          "fold_id": 12,
          "mean": 0.002469644078202457,
          "n": 3,
          "test_end": "2025-11-12T00:00:00+00:00",
          "test_start": "2025-10-28T00:00:00+00:00"
        },
        {
          "fold_id": 13,
          "mean": -0.0015437129703994295,
          "n": 8,
          "test_end": "2025-11-27T00:00:00+00:00",
          "test_start": "2025-11-12T00:00:00+00:00"
        },
        {
          "fold_id": 14,
          "mean": 0.0017415370174162328,
          "n": 3,
          "test_end": "2025-12-12T00:00:00+00:00",
          "test_start": "2025-11-27T00:00:00+00:00"
        },
        {
          "fold_id": 15,
          "mean": 0.0032206394293863914,
          "n": 9,
          "test_end": "2025-12-27T00:00:00+00:00",
          "test_start": "2025-12-12T00:00:00+00:00"
        },
        {
          "fold_id": 16,
          "mean": 0.0005931925164145154,
          "n": 8,
          "test_end": "2026-01-11T00:00:00+00:00",
          "test_start": "2025-12-27T00:00:00+00:00"
        },
        {
          "fold_id": 17,
          "mean": -0.0005070648567519478,
          "n": 4,
          "test_end": "2026-01-26T00:00:00+00:00",
          "test_start": "2026-01-11T00:00:00+00:00"
        },
        {
          "fold_id": 18,
          "mean": 0.0033777088907879895,
          "n": 5,
          "test_end": "2026-02-10T00:00:00+00:00",
          "test_start": "2026-01-26T00:00:00+00:00"
        }
      ],
      "positive_folds": {
        "count": 15,
        "pct": 83.33333333333333,
        "total": 18
      },
      "split": {
        "step_days": 15,
        "test_days": 15,
        "train_days": 60
      }
    },
    "bps8": {
      "aggregate": {
        "mean": 0.0014016951391554833,
        "mean_ci_high": 0.002422305449477129,
        "mean_ci_low": 0.00033344658844641957,
        "n": 105,
        "p_mean_gt_0": 0.996
      },
      "folds": [
        {
          "fold_id": 1,
          "mean": 0.002404364476013799,
          "n": 8,
          "test_end": "2025-05-31T00:00:00+00:00",
          "test_start": "2025-05-16T00:00:00+00:00"
        },
        {
          "fold_id": 2,
          "mean": 0.0008161435505197552,
          "n": 6,
          "test_end": "2025-06-15T00:00:00+00:00",
          "test_start": "2025-05-31T00:00:00+00:00"
        },
        {
          "fold_id": 3,
          "mean": 0.0026716847266910373,
          "n": 5,
          "test_end": "2025-06-30T00:00:00+00:00",
          "test_start": "2025-06-15T00:00:00+00:00"
        },
        {
          "fold_id": 4,