{
  "baseline": {
    "bps10": {
      "mean": 0.001658190277739769,
      "mean_ci_high": 0.0025019061141292333,
      "mean_ci_low": 0.0008289425998501961,
      "n": 164,
      "p_mean_gt_0": 1.0,
      "std": 0.005448296272733955,
      "win_rate": 0.5609756097560976
    },
    "bps8": {
      "mean": 0.0018581902777397696,
      "mean_ci_high": 0.002701906114129234,
      "mean_ci_low": 0.0010289425998501966,
      "n": 164,
      "p_mean_gt_0": 1.0,
      "std": 0.005448296272733955,
      "win_rate": 0.573170731707317
    },
    "gross": {
      "mean": 0.0026581902777397695,
      "mean_ci_high": 0.003501906114129234,
      "mean_ci_low": 0.0018289425998501967,
      "n": 164,
      "p_mean_gt_0": 1.0,
      "std": 0.005448296272733955,
      "win_rate": 0.6402439024390244
    }
  },
  "config": {
    "bootstrap_iters": 3000,
    "cost_mode": "all",
    "days": 365,
    "horizon": 8,
    "timeframe": "5m",
    "wf": {
      "step_days": 15,
      "test_days": 15,
      "train_days": 60
    }
  },
  "diagnostics_by_mode": {
    "bps10": {
      "mae_proxy_median": -0.0011169118496258124,
      "median_hold_return": 0.0006111688916652378,
      "return_histogram_bins": [
        "(-inf,-1%)",
        "[-1%,-0.5%)",
        "[-0.5%,-0.2%)",
        "[-0.2%,0%)",
        "[0%,0.2%)",
        "[0.2%,0.5%)",
        "[0.5%,1%)",
        "[1%,inf)"
      ],
      "return_histogram_counts": [
        2,
        6,
        35,
        29,
        26,
        31,
        22,
        13
      ],
      "top10_pct_pnl_contribution": 0.8029944408678554,
      "trades_per_day": 0.48046875
    },
    "bps8": {
      "mae_proxy_median": -0.0011169118496258124,
      "median_hold_return": 0.0008111688916652378,
      "return_histogram_bins": [
        "(-inf,-1%)",
        "[-1%,-0.5%)",
        "[-0.5%,-0.2%)",
        "[-0.2%,0%)",
        "[0%,0.2%)",
        "[0.2%,0.5%)",
        "[0.5%,1%)",
        "[1%,inf)"
      ],
      "return_histogram_counts": [
        2,
        5,
        31,
        32,
        27,
        30,
        23,
        14
      ],
      "top10_pct_pnl_contribution": 0.7277237958041932,
      "trades_per_day": 0.48046875
    },
    "gross": {
      "mae_proxy_median": -0.0011169118496258124,
      "median_hold_return": 0.0016111688916652378,
      "return_histogram_bins": [
        "(-inf,-1%)",
        "[-1%,-0.5%)",
        "[-0.5%,-0.2%)",
        "[-0.2%,0%)",
        "[0%,0.2%)",
        "[0.2%,0.5%)",
        "[0.5%,1%)",
        "[1%,inf)"
      ],
      "return_histogram_counts": [
        2,
        1,
        24,
        32,
        31,
        31,
        24,
        19
      ],
      "top10_pct_pnl_contribution": 0.5399072156459169,
      "trades_per_day": 0.48046875
    }
  },
  "family": "volume_state",
  "hypothesis_id": "H162",
  "timestamp_utc": "2026-02-24T00:04:37+00:00",
  "wf_by_mode": {
    "bps10": {
      "aggregate": {
        "mean": 0.0012326347334528434,
        "mean_ci_high": 0.002162565903084709,
        "mean_ci_low": 0.0003715846123393218,
        "n": 130,
        "p_mean_gt_0": 0.9963333333333333
      },
      "folds": [
        {
          "fold_id": 1,
          "mean": 0.002106880790063812,
          "n": 8,
          "test_end": "2025-05-31T00:00:00+00:00",
          "test_start": "2025-05-16T00:00:00+00:00"
        },
        {
          "fold_id": 2,
          "mean": 0.0003156936085603199,
          "n": 7,
          "test_end": "2025-06-15T00:00:00+00:00",
          "test_start": "2025-05-31T00:00:00+00:00"
        },
        {
          "fold_id": 3,
          "mean": 0.0024157202182256148,
          "n": 6,
          "test_end": "2025-06-30T00:00:00+00:00",
          "test_start": "2025-06-15T00:00:00+00:00"
        },
        {
          "fold_id": 4,
          "mean": -0.0023395868037259598,
          "n": 3,
          "test_end": "2025-07-15T00:00:00+00:00",
          "test_start": "2025-06-30T00:00:00+00:00"
        },
        {
          "fold_id": 5,
          "mean": 0.0020032259412263173,
          "n": 8,
          "test_end": "2025-07-30T00:00:00+00:00",
          "test_start": "2025-07-15T00:00:00+00:00"
        },
        {
          "fold_id": 6,
          "mean": -7.965821311327858e-06,
          "n": 5,
          "test_end": "2025-08-14T00:00:00+00:00",
          "test_start": "2025-07-30T00:00:00+00:00"
        },
        {
          "fold_id": 7,
          "mean": 0.0018905196450251017,
          "n": 10,
          "test_end": "2025-08-29T00:00:00+00:00",
          "test_start": "2025-08-14T00:00:00+00:00"
        },
        {
          "fold_id": 8,
          "mean": 0.000775583404593479,
          "n": 7,
          "test_end": "2025-09-13T00:00:00+00:00",
          "test_start": "2025-08-29T00:00:00+00:00"
        },
        {
          "fold_id": 9,
          "mean": -0.0002466203687002807,
          "n": 8,
          "test_end": "2025-09-28T00:00:00+00:00",
          "test_start": "2025-09-13T00:00:00+00:00"
        },
        {
          "fold_id": 10,
          "mean": 0.00257098100843152,
          "n": 8,
          "test_end": "2025-10-13T00:00:00+00:00",
          "test_start": "2025-09-28T00:00:00+00:00"
        },
        {
          "fold_id": 11,
          "mean": 0.0028355902810281524,
          "n": 7,
          "test_end": "2025-10-28T00:00:00+00:00",
          "test_start": "2025-10-13T00:00:00+00:00"
        },
        {
          "fold_id": 12,
          "mean": 0.002749999014956273,
          "n": 5,
          "test_end": "2025-11-12T00:00:00+00:00",
          "test_start": "2025-10-28T00:00:00+00:00"
        },
        {
          "fold_id": 13,
          "mean": -0.0011876380956703323,
          "n": 12,
          "test_end": "2025-11-27T00:00:00+00:00",
          "test_start": "2025-11-12T00:00:00+00:00"
        },
        {
          "fold_id": 14,
          "mean": 0.003864693313411994,
          "n": 4,
          "test_end": "2025-12-12T00:00:00+00:00",
          "test_start": "2025-11-27T00:00:00+00:00"
        },
        {
          "fold_id": 15,
          "mean": 0.0021341945470428995,
          "n": 11,
          "test_end": "2025-12-27T00:00:00+00:00",
          "test_start": "2025-12-12T00:00:00+00:00"
        },
        {
          "fold_id": 16,
          "mean": 0.0011873887130962794,
          "n": 9,
          "test_end": "2026-01-11T00:00:00+00:00",
          "test_start": "2025-12-27T00:00:00+00:00"
        },
        {
          "fold_id": 17,
          "mean": 4.672843068155054e-06,
          "n": 5,
          "test_end": "2026-01-26T00:00:00+00:00",
          "test_start": "2026-01-11T00:00:00+00:00"
        },
        {
          "fold_id": 18,
          "mean": 0.0008278090354986175,
          "n": 7,
          "test_end": "2026-02-10T00:00:00+00:00",
          "test_start": "2026-01-26T00:00:00+00:00"
        }
      ],
      "positive_folds": {
        "count": 14,
        "pct": 77.77777777777777,
        "total": 18
      },
      "split": {
        "step_days": 15,
        "test_days": 15,
        "train_days": 60
      }
    },
    "bps8": {
      "aggregate": {
        "mean": 0.0014326347334528435,
        "mean_ci_high": 0.0023625659030847086,
        "mean_ci_low": 0.0005715846123393217,
        "n": 130,
        "p_mean_gt_0": 0.9993333333333333
      },
      "folds": [
        {
          "fold_id": 1,
          "mean": 0.002306880790063813,
          "n": 8,
          "test_end": "2025-05-31T00:00:00+00:00",
          "test_start": "2025-05-16T00:00:00+00:00"
        },
        {
          "fold_id": 2,
          "mean": 0.0005156936085603199,
          "n": 7,
          "test_end": "2025-06-15T00:00:00+00:00",
          "test_start": "2025-05-31T00:00:00+00:00"
        },
        {
          "fold_id": 3,
          "mean": 0.002615720218225615,
          "n": 6,
          "test_end": "2025-06-30T00:00:00+00:00",
          "test_start": "2025-06-15T00:00:00+00:00"
        },
        {
          "fold_id": 4,