{
  "baseline": {
    "bps10": {
      "mean": 0.002223035726671752,
      "mean_ci_high": 0.003415366407015417,
      "mean_ci_low": 0.0011103552594429551,
      "n": 104,
      "p_mean_gt_0": 1.0,
      "std": 0.005954883920533034,
      "win_rate": 0.5769230769230769
    },
    "bps8": {
      "mean": 0.0024230357266717523,
      "mean_ci_high": 0.0036153664070154175,
      "mean_ci_low": 0.0013103552594429552,
      "n": 104,
      "p_mean_gt_0": 1.0,
      "std": 0.005954883920533035,
      "win_rate": 0.5961538461538461
    },
    "gross": {
      "mean": 0.0032230357266717527,
      "mean_ci_high": 0.004415366407015418,
      "mean_ci_low": 0.002110355259442956,
      "n": 104,
      "p_mean_gt_0": 1.0,
      "std": 0.005954883920533035,
      "win_rate": 0.625
    }
  },
  "config": {
    "bootstrap_iters": 3000,
    "cost_mode": "all",
    "days": 365,
    "horizon": 8,
    "timeframe": "5m",
    "wf": {
      "step_days": 15,
      "test_days": 15,
      "train_days": 60
    }
  },
  "diagnostics_by_mode": {
    "bps10": {
      "mae_proxy_median": -0.0012534819035843747,
      "median_hold_return": 0.0008303201789999224,
      "return_histogram_bins": [
        "(-inf,-1%)",
        "[-1%,-0.5%)",
        "[-0.5%,-0.2%)",
        "[-0.2%,0%)",
        "[0%,0.2%)",
        "[0.2%,0.5%)",
        "[0.5%,1%)",
        "[1%,inf)"
      ],
      "return_histogram_counts": [
        1,
        3,
        25,
        15,
        15,
        19,
        14,
        12
      ],
      "top10_pct_pnl_contribution": 0.6825792863991854,
      "trades_per_day": 0.3058074001470228
    },
    "bps8": {
      "mae_proxy_median": -0.0012534819035843747,
      "median_hold_return": 0.0010303201789999225,
      "return_histogram_bins": [
        "(-inf,-1%)",
        "[-1%,-0.5%)",
        "[-0.5%,-0.2%)",
        "[-0.2%,0%)",
        "[0%,0.2%)",
        "[0.2%,0.5%)",
        "[0.5%,1%)",
        "[1%,inf)"
      ],
      "return_histogram_counts": [
        1,
        3,
        22,
        16,
        16,
        19,
        14,
        13
      ],
      "top10_pct_pnl_contribution": 0.6349687580623,
      "trades_per_day": 0.3058074001470228
    },
    "gross": {
      "mae_proxy_median": -0.0012534819035843747,
      "median_hold_return": 0.0018303201789999224,
      "return_histogram_bins": [
        "(-inf,-1%)",
        "[-1%,-0.5%)",
        "[-0.5%,-0.2%)",
        "[-0.2%,0%)",
        "[0%,0.2%)",
        "[0.2%,0.5%)",
        "[0.5%,1%)",
        "[1%,inf)"
      ],
      "return_histogram_counts": [
        1,
        0,
        16,
        22,
        15,
        18,
        16,
        16
      ],
      "top10_pct_pnl_contribution": 0.5036144518313743,
      "trades_per_day": 0.3058074001470228
    }
  },
  "family": "volume_state",
  "hypothesis_id": "H163",
  "timestamp_utc": "2026-02-24T00:04:47+00:00",
  "wf_by_mode": {
    "bps10": {
      "aggregate": {
        "mean": 0.0019416954764980496,
        "mean_ci_high": 0.003267506581745953,
        "mean_ci_low": 0.0006271012258010725,
        "n": 76,
        "p_mean_gt_0": 0.999
      },
      "folds": [
        {
          "fold_id": 1,
          "mean": 0.004135910354354634,
          "n": 5,
          "test_end": "2025-05-31T00:00:00+00:00",
          "test_start": "2025-05-16T00:00:00+00:00"
        },
        {
          "fold_id": 2,
          "mean": 0.00028445212002326057,
          "n": 4,
          "test_end": "2025-06-15T00:00:00+00:00",
          "test_start": "2025-05-31T00:00:00+00:00"
        },
        {
          "fold_id": 3,
          "mean": 0.002375498603911916,
          "n": 3,
          "test_end": "2025-06-30T00:00:00+00:00",
          "test_start": "2025-06-15T00:00:00+00:00"
        },
        {
          "fold_id": 4,
          "mean": -0.001795422091403819,
          "n": 2,
          "test_end": "2025-07-15T00:00:00+00:00",
          "test_start": "2025-06-30T00:00:00+00:00"
        },
        {
          "fold_id": 5,
          "mean": 0.002267168540735543,
          "n": 5,
          "test_end": "2025-07-30T00:00:00+00:00",
          "test_start": "2025-07-15T00:00:00+00:00"
        },
        {
          "fold_id": 6,
          "mean": -0.0009897589113435996,
          "n": 3,
          "test_end": "2025-08-14T00:00:00+00:00",
          "test_start": "2025-07-30T00:00:00+00:00"
        },
        {
          "fold_id": 7,
          "mean": 0.003211202413849233,
          "n": 7,
          "test_end": "2025-08-29T00:00:00+00:00",
          "test_start": "2025-08-14T00:00:00+00:00"
        },
        {
          "fold_id": 8,
          "mean": 0.0003516975312571677,
          "n": 5,
          "test_end": "2025-09-13T00:00:00+00:00",
          "test_start": "2025-08-29T00:00:00+00:00"
        },
        {
          "fold_id": 9,
          "mean": -0.0009415757229051701,
          "n": 3,
          "test_end": "2025-09-28T00:00:00+00:00",
          "test_start": "2025-09-13T00:00:00+00:00"
        },
        {
          "fold_id": 10,
          "mean": 0.0020263735566517236,
          "n": 4,
          "test_end": "2025-10-13T00:00:00+00:00",
          "test_start": "2025-09-28T00:00:00+00:00"
        },
        {
          "fold_id": 11,
          "mean": 0.003899516422016158,
          "n": 5,
          "test_end": "2025-10-28T00:00:00+00:00",
          "test_start": "2025-10-13T00:00:00+00:00"
        },
        {
          "fold_id": 12,
          "mean": 0.002982640781935109,
          "n": 2,
          "test_end": "2025-11-12T00:00:00+00:00",
          "test_start": "2025-10-28T00:00:00+00:00"
        },
        {
          "fold_id": 13,
          "mean": -0.002070614102246337,
          "n": 5,
          "test_end": "2025-11-27T00:00:00+00:00",
          "test_start": "2025-11-12T00:00:00+00:00"
        },
        {
          "fold_id": 14,
          "mean": 0.0042141079664979415,
          "n": 3,
          "test_end": "2025-12-12T00:00:00+00:00",
          "test_start": "2025-11-27T00:00:00+00:00"
        },
        {
          "fold_id": 15,
          "mean": 0.004102079009011481,
          "n": 8,
          "test_end": "2025-12-27T00:00:00+00:00",
          "test_start": "2025-12-12T00:00:00+00:00"
        },
        {
          "fold_id": 16,
          "mean": 0.0019154990965397824,
          "n": 6,
          "test_end": "2026-01-11T00:00:00+00:00",
          "test_start": "2025-12-27T00:00:00+00:00"
        },
        {
          "fold_id": 17,
          "mean": -0.0007016403366709344,
          "n": 3,
          "test_end": "2026-01-26T00:00:00+00:00",
          "test_start": "2026-01-11T00:00:00+00:00"
        },
        {
          "fold_id": 18,
          "mean": 0.004791594682919269,
          "n": 3,
          "test_end": "2026-02-10T00:00:00+00:00",
          "test_start": "2026-01-26T00:00:00+00:00"
        }
      ],
      "positive_folds": {
        "count": 13,
        "pct": 72.22222222222223,
        "total": 18
      },
      "split": {
        "step_days": 15,
        "test_days": 15,
        "train_days": 60
      }
    },
    "bps8": {
      "aggregate": {
        "mean": 0.0021416954764980505,
        "mean_ci_high": 0.003467506581745953,
        "mean_ci_low": 0.000827101225801073,
        "n": 76,
        "p_mean_gt_0": 1.0
      },
      "folds": [
        {
          "fold_id": 1,
          "mean": 0.004335910354354634,
          "n": 5,
          "test_end": "2025-05-31T00:00:00+00:00",
          "test_start": "2025-05-16T00:00:00+00:00"
        },
        {
          "fold_id": 2,
          "mean": 0.00048445212002326055,
          "n": 4,
          "test_end": "2025-06-15T00:00:00+00:00",
          "test_start": "2025-05-31T00:00:00+00:00"
        },
        {
          "fold_id": 3,
          "mean": 0.0025754986039119156,
          "n": 3,
          "test_end": "2025-06-30T00:00:00+00:00",
          "test_start": "2025-06-15T00:00:00+00:00"
        },
        {
          "fold_id": 4,