{
  "baseline": {
    "bps10": {
      "mean": 0.0015079511977433046,
      "mean_ci_high": 0.003102239049665632,
      "mean_ci_low": -2.9399006011687514e-05,
      "n": 54,
      "p_mean_gt_0": 0.9726666666666667,
      "std": 0.006035849243164869,
      "win_rate": 0.5555555555555556
    },
    "bps8": {
      "mean": 0.0017079511977433058,
      "mean_ci_high": 0.003302239049665634,
      "mean_ci_low": 0.0001706009939883126,
      "n": 54,
      "p_mean_gt_0": 0.986,
      "std": 0.0060358492431648696,
      "win_rate": 0.5555555555555556
    },
    "gross": {
      "mean": 0.0025079511977433053,
      "mean_ci_high": 0.004102239049665632,
      "mean_ci_low": 0.0009706009939883127,
      "n": 54,
      "p_mean_gt_0": 0.999,
      "std": 0.006035849243164869,
      "win_rate": 0.5555555555555556
    }
  },
  "config": {
    "bootstrap_iters": 3000,
    "cost_mode": "all",
    "days": 365,
    "horizon": 8,
    "timeframe": "5m",
    "wf": {
      "step_days": 15,
      "test_days": 15,
      "train_days": 60
    }
  },
  "diagnostics_by_mode": {
    "bps10": {
      "mae_proxy_median": null,
      "median_hold_return": 0.000604141231491274,
      "return_histogram_bins": [
        "(-inf,-1%)",
        "[-1%,-0.5%)",
        "[-0.5%,-0.2%)",
        "[-0.2%,0%)",
        "[0%,0.2%)",
        "[0.2%,0.5%)",
        "[0.5%,1%)",
        "[1%,inf)"
      ],
      "return_histogram_counts": [
        2,
        2,
        14,
        6,
        8,
        8,
        9,
        5
      ],
      "top10_pct_pnl_contribution": 0.923258147059276,
      "trades_per_day": 0.16515865936026508
    },
    "bps8": {
      "mae_proxy_median": null,
      "median_hold_return": 0.0008041412314912739,
      "return_histogram_bins": [
        "(-inf,-1%)",
        "[-1%,-0.5%)",
        "[-0.5%,-0.2%)",
        "[-0.2%,0%)",
        "[0%,0.2%)",
        "[0.2%,0.5%)",
        "[0.5%,1%)",
        "[1%,inf)"
      ],
      "return_histogram_counts": [
        2,
        2,
        11,
        9,
        8,
        7,
        9,
        6
      ],
      "top10_pct_pnl_contribution": 0.8281562451991703,
      "trades_per_day": 0.16515865936026508
    },
    "gross": {
      "mae_proxy_median": null,
      "median_hold_return": 0.001604141231491274,
      "return_histogram_bins": [
        "(-inf,-1%)",
        "[-1%,-0.5%)",
        "[-0.5%,-0.2%)",
        "[-0.2%,0%)",
        "[0%,0.2%)",
        "[0.2%,0.5%)",
        "[0.5%,1%)",
        "[1%,inf)"
      ],
      "return_histogram_counts": [
        2,
        0,
        10,
        12,
        6,
        7,
        9,
        8
      ],
      "top10_pct_pnl_contribution": 0.5994292636747236,
      "trades_per_day": 0.16515865936026508
    }
  },
  "family": "volume_state",
  "hypothesis_id": "H164",
  "timestamp_utc": "2026-02-24T00:13:40+00:00",
  "wf_by_mode": {
    "bps10": {
      "aggregate": {
        "mean": 0.0015701510249373869,
        "mean_ci_high": 0.0036331988491304294,
        "mean_ci_low": -0.00038625917238178584,
        "n": 36,
        "p_mean_gt_0": 0.9376666666666666
      },
      "folds": [
        {
          "fold_id": 1,
          "mean": 0.001787078552215494,
          "n": 2,
          "test_end": "2025-05-31T00:00:00+00:00",
          "test_start": "2025-05-16T00:00:00+00:00"
        },
        {
          "fold_id": 2,
          "mean": 0.0028036776595018477,
          "n": 3,
          "test_end": "2025-06-15T00:00:00+00:00",
          "test_start": "2025-05-31T00:00:00+00:00"
        },
        {
          "fold_id": 3,
          "mean": 0.0,
          "n": 0,
          "test_end": "2025-06-30T00:00:00+00:00",
          "test_start": "2025-06-15T00:00:00+00:00"
        },
        {
          "fold_id": 4,
          "mean": 0.0,
          "n": 0,
          "test_end": "2025-07-15T00:00:00+00:00",
          "test_start": "2025-06-30T00:00:00+00:00"
        },
        {
          "fold_id": 5,
          "mean": 0.002719182249639704,
          "n": 3,
          "test_end": "2025-07-30T00:00:00+00:00",
          "test_start": "2025-07-15T00:00:00+00:00"
        },
        {
          "fold_id": 6,
          "mean": -0.00197943555773633,
          "n": 2,
          "test_end": "2025-08-14T00:00:00+00:00",
          "test_start": "2025-07-30T00:00:00+00:00"
        },
        {
          "fold_id": 7,
          "mean": 0.004239860468540048,
          "n": 7,
          "test_end": "2025-08-29T00:00:00+00:00",
          "test_start": "2025-08-14T00:00:00+00:00"
        },
        {
          "fold_id": 8,
          "mean": -0.0004832909467343078,
          "n": 3,
          "test_end": "2025-09-13T00:00:00+00:00",
          "test_start": "2025-08-29T00:00:00+00:00"
        },
        {
          "fold_id": 9,
          "mean": 0.0005372364864245647,
          "n": 1,
          "test_end": "2025-09-28T00:00:00+00:00",
          "test_start": "2025-09-13T00:00:00+00:00"
        },
        {
          "fold_id": 10,
          "mean": 0.006804402498503893,
          "n": 1,
          "test_end": "2025-10-13T00:00:00+00:00",
          "test_start": "2025-09-28T00:00:00+00:00"
        },
        {
          "fold_id": 11,
          "mean": 0.005541096833016401,
          "n": 3,
          "test_end": "2025-10-28T00:00:00+00:00",
          "test_start": "2025-10-13T00:00:00+00:00"
        },
        {
          "fold_id": 12,
          "mean": -0.00330472168321727,
          "n": 1,
          "test_end": "2025-11-12T00:00:00+00:00",
          "test_start": "2025-10-28T00:00:00+00:00"
        },
        {
          "fold_id": 13,
          "mean": -0.004493541233160014,
          "n": 5,
          "test_end": "2025-11-27T00:00:00+00:00",
          "test_start": "2025-11-12T00:00:00+00:00"
        },
        {
          "fold_id": 14,
          "mean": 0.0,
          "n": 0,
          "test_end": "2025-12-12T00:00:00+00:00",
          "test_start": "2025-11-27T00:00:00+00:00"
        },
        {
          "fold_id": 15,
          "mean": 0.009125074209117068,
          "n": 2,
          "test_end": "2025-12-27T00:00:00+00:00",
          "test_start": "2025-12-12T00:00:00+00:00"
        },
        {
          "fold_id": 16,
          "mean": -0.0007606389477592948,
          "n": 2,
          "test_end": "2026-01-11T00:00:00+00:00",
          "test_start": "2025-12-27T00:00:00+00:00"
        },
        {
          "fold_id": 17,
          "mean": -0.0028089514158903253,
          "n": 1,
          "test_end": "2026-01-26T00:00:00+00:00",
          "test_start": "2026-01-11T00:00:00+00:00"
        }
      ],
      "positive_folds": {
        "count": 8,
        "pct": 47.05882352941177,
        "total": 17
      },
      "split": {
        "step_days": 15,
        "test_days": 15,
        "train_days": 60
      }
    },
    "bps8": {
      "aggregate": {
        "mean": 0.001770151024937388,
        "mean_ci_high": 0.0038331988491304304,
        "mean_ci_low": -0.00018625917238178542,
        "n": 36,
        "p_mean_gt_0": 0.9613333333333334
      },
      "folds": [
        {
          "fold_id": 1,
          "mean": 0.001987078552215494,
          "n": 2,
          "test_end": "2025-05-31T00:00:00+00:00",
          "test_start": "2025-05-16T00:00:00+00:00"
        },
        {
          "fold_id": 2,
          "mean": 0.0030036776595018474,
          "n": 3,
          "test_end": "2025-06-15T00:00:00+00:00",
          "test_start": "2025-05-31T00:00:00+00:00"
        },
        {
          "fold_id": 3,
          "mean": 0.0,
          "n": 0,
          "test_end": "2025-06-30T00:00:00+00:00",
          "test_start": "2025-06-15T00:00:00+00:00"
        },
        {
          "fold_id": 4,
          "mean": 0.0,
          "n": 0,
          "test_end": "2025-07-15T00:00:00+00:00",
          "test_start": "2025-06-30T00:00:00+00:00"
        },
        {
          "fold_id": 5,
          "mean": 0.0029191822496397036,
          "n": 3,
          "test_end": "2025-07-30T00:00:00+00:00",