{
  "baseline": {
    "bps10": {
      "mean": 0.0005857940916336631,
      "mean_ci_high": 0.0023430918425647097,
      "mean_ci_low": -0.0011095297293547684,
      "n": 15,
      "p_mean_gt_0": 0.7263333333333334,
      "std": 0.003363221530380704,
      "win_rate": 0.4666666666666667
    },
    "bps8": {
      "mean": 0.0007857940916336634,
      "mean_ci_high": 0.0025430918425647098,
      "mean_ci_low": -0.0009095297293547682,
      "n": 15,
      "p_mean_gt_0": 0.7976666666666666,
      "std": 0.0033632215303807046,
      "win_rate": 0.4666666666666667
    },
    "gross": {
      "mean": 0.0015857940916336633,
      "mean_ci_high": 0.0033430918425647106,
      "mean_ci_low": -0.00010952972935476811,
      "n": 15,
      "p_mean_gt_0": 0.966,
      "std": 0.003363221530380704,
      "win_rate": 0.6
    }
  },
  "config": {
    "bootstrap_iters": 3000,
    "cost_mode": "all",
    "days": 365,
    "horizon": 8,
    "timeframe": "5m",
    "wf": {
      "step_days": 15,
      "test_days": 15,
      "train_days": 60
    }
  },
  "diagnostics_by_mode": {
    "bps10": {
      "mae_proxy_median": null,
      "median_hold_return": -0.0005010961756261026,
      "return_histogram_bins": [
        "(-inf,-1%)",
        "[-1%,-0.5%)",
        "[-0.5%,-0.2%)",
        "[-0.2%,0%)",
        "[0%,0.2%)",
        "[0.2%,0.5%)",
        "[0.5%,1%)",
        "[1%,inf)"
      ],
      "return_histogram_counts": [
        0,
        0,
        3,
        5,
        3,
        3,
        1,
        0
      ],
      "top10_pct_pnl_contribution": 1.4824068978034857,
      "trades_per_day": 0.06695183187651108
    },
    "bps8": {
      "mae_proxy_median": null,
      "median_hold_return": -0.0003010961756261026,
      "return_histogram_bins": [
        "(-inf,-1%)",
        "[-1%,-0.5%)",
        "[-0.5%,-0.2%)",
        "[-0.2%,0%)",
        "[0%,0.2%)",
        "[0.2%,0.5%)",
        "[0.5%,1%)",
        "[1%,inf)"
      ],
      "return_histogram_counts": [
        0,
        0,
        3,
        5,
        2,
        4,
        1,
        0
      ],
      "top10_pct_pnl_contribution": 1.139041230172813,
      "trades_per_day": 0.06695183187651108
    },
    "gross": {
      "mae_proxy_median": null,
      "median_hold_return": 0.0004989038243738975,
      "return_histogram_bins": [
        "(-inf,-1%)",
        "[-1%,-0.5%)",
        "[-0.5%,-0.2%)",
        "[-0.2%,0%)",
        "[0%,0.2%)",
        "[0.2%,0.5%)",
        "[0.5%,1%)",
        "[1%,inf)"
      ],
      "return_histogram_counts": [
        0,
        0,
        1,
        5,
        4,
        3,
        2,
        0
      ],
      "top10_pct_pnl_contribution": 0.6316826003757184,
      "trades_per_day": 0.06695183187651108
    }
  },
  "family": "volume_state",
  "hypothesis_id": "H165",
  "timestamp_utc": "2026-02-24T00:13:48+00:00",
  "wf_by_mode": {
    "bps10": {
      "aggregate": {
        "mean": 0.0005205100872893852,
        "mean_ci_high": 0.0020815770346729813,
        "mean_ci_low": -0.0010024640651221284,
        "n": 9,
        "p_mean_gt_0": 0.7253333333333334
      },
      "folds": [
        {
          "fold_id": 1,
          "mean": 0.002938268852593796,
          "n": 2,
          "test_end": "2025-07-30T00:00:00+00:00",
          "test_start": "2025-07-15T00:00:00+00:00"
        },
        {
          "fold_id": 2,
          "mean": 0.0,
          "n": 0,
          "test_end": "2025-08-14T00:00:00+00:00",
          "test_start": "2025-07-30T00:00:00+00:00"
        },
        {
          "fold_id": 3,
          "mean": 0.0,
          "n": 0,
          "test_end": "2025-08-29T00:00:00+00:00",
          "test_start": "2025-08-14T00:00:00+00:00"
        },
        {
          "fold_id": 4,
          "mean": 0.001604180248244381,
          "n": 2,
          "test_end": "2025-09-13T00:00:00+00:00",
          "test_start": "2025-08-29T00:00:00+00:00"
        },
        {
          "fold_id": 5,
          "mean": -0.0010295213127667893,
          "n": 1,
          "test_end": "2025-09-28T00:00:00+00:00",
          "test_start": "2025-09-13T00:00:00+00:00"
        },
        {
          "fold_id": 6,
          "mean": 0.0009132771675235416,
          "n": 1,
          "test_end": "2025-10-13T00:00:00+00:00",
          "test_start": "2025-09-28T00:00:00+00:00"
        },
        {
          "fold_id": 7,
          "mean": -0.0028285909053139538,
          "n": 1,
          "test_end": "2025-10-28T00:00:00+00:00",
          "test_start": "2025-10-13T00:00:00+00:00"
        },
        {
          "fold_id": 8,
          "mean": 0.0,
          "n": 0,
          "test_end": "2025-11-12T00:00:00+00:00",
          "test_start": "2025-10-28T00:00:00+00:00"
        },
        {
          "fold_id": 9,
          "mean": -0.0007277361827573428,
          "n": 2,
          "test_end": "2025-11-27T00:00:00+00:00",
          "test_start": "2025-11-12T00:00:00+00:00"
        },
        {
          "fold_id": 10,
          "mean": 0.0,
          "n": 0,
          "test_end": "2025-12-12T00:00:00+00:00",
          "test_start": "2025-11-27T00:00:00+00:00"
        }
      ],
      "positive_folds": {
        "count": 3,
        "pct": 30.0,
        "total": 10
      },
      "split": {
        "step_days": 15,
        "test_days": 15,
        "train_days": 60
      }
    },
    "bps8": {
      "aggregate": {
        "mean": 0.0007205100872893851,
        "mean_ci_high": 0.0022815770346729814,
        "mean_ci_low": -0.0008024640651221282,
        "n": 9,
        "p_mean_gt_0": 0.8043333333333333
      },
      "folds": [
        {
          "fold_id": 1,
          "mean": 0.0031382688525937955,
          "n": 2,
          "test_end": "2025-07-30T00:00:00+00:00",
          "test_start": "2025-07-15T00:00:00+00:00"
        },
        {
          "fold_id": 2,
          "mean": 0.0,
          "n": 0,
          "test_end": "2025-08-14T00:00:00+00:00",
          "test_start": "2025-07-30T00:00:00+00:00"
        },
        {
          "fold_id": 3,
          "mean": 0.0,
          "n": 0,
          "test_end": "2025-08-29T00:00:00+00:00",
          "test_start": "2025-08-14T00:00:00+00:00"
        },
        {
          "fold_id": 4,
          "mean": 0.0018041802482443808,
          "n": 2,
          "test_end": "2025-09-13T00:00:00+00:00",
          "test_start": "2025-08-29T00:00:00+00:00"
        },
        {
          "fold_id": 5,
          "mean": -0.0008295213127667893,
          "n": 1,
          "test_end": "2025-09-28T00:00:00+00:00",
          "test_start": "2025-09-13T00:00:00+00:00"
        },
        {
          "fold_id": 6,
          "mean": 0.0011132771675235417,
          "n": 1,
          "test_end": "2025-10-13T00:00:00+00:00",
          "test_start": "2025-09-28T00:00:00+00:00"
        },
        {
          "fold_id": 7,
          "mean": -0.0026285909053139537,
          "n": 1,
          "test_end": "2025-10-28T00:00:00+00:00",
          "test_start": "2025-10-13T00:00:00+00:00"
        },
        {
          "fold_id": 8,
          "mean": 0.0,
          "n": 0,
          "test_end": "2025-11-12T00:00:00+00:00",
          "test_start": "2025-10-28T00:00:00+00:00"
        },
        {
          "fold_id": 9,
          "mean": -0.0005277361827573428,
          "n": 2,
          "test_end": "2025-11-27T00:00:00+00:00",
          "test_start": "2025-11-12T00:00:00+00:00"
        },
        {
          "fold_id": 10,
          "mean": 0.0,
          "n": 0,
          "test_end": "2025-12-12T00:00:00+00:00",
          "test_start": "2025-11-27T00:00:00+00:00"
        }
      ],
      "positive_folds": {
        "count": 3,
        "pct": 30.0,
        "total": 10
      },
      "split": {
        "step_days": 15,
        "test_days": 15,
        "train_days": 60
      }
    },
    "gross": {
      "aggregate": {
        "mean": 0.0015205100872893852,
        "mean_ci_high": 0.0030815770346729818,
        "mean_ci_low": -2.4640651221282304e-06,
        "n": 9,