{
  "baseline": {
    "bps10": {
      "mean": 0.001939509042574991,
      "mean_ci_high": 0.003325863572002903,
      "mean_ci_low": 0.0006207992268643685,
      "n": 67,
      "p_mean_gt_0": 0.9986666666666667,
      "std": 0.00574655783159701,
      "win_rate": 0.5671641791044776
    },
    "bps8": {
      "mean": 0.002139509042574991,
      "mean_ci_high": 0.003525863572002904,
      "mean_ci_low": 0.0008207992268643689,
      "n": 67,
      "p_mean_gt_0": 0.9996666666666667,
      "std": 0.00574655783159701,
      "win_rate": 0.5970149253731343
    },
    "gross": {
      "mean": 0.002939509042574991,
      "mean_ci_high": 0.004325863572002904,
      "mean_ci_low": 0.001620799226864369,
      "n": 67,
      "p_mean_gt_0": 1.0,
      "std": 0.00574655783159701,
      "win_rate": 0.6417910447761194
    }
  },
  "config": {
    "bootstrap_iters": 3000,
    "cost_mode": "all",
    "days": 365,
    "horizon": 8,
    "timeframe": "5m",
    "wf": {
      "step_days": 15,
      "test_days": 15,
      "train_days": 60
    }
  },
  "diagnostics_by_mode": {
    "bps10": {
      "mae_proxy_median": null,
      "median_hold_return": 0.0005906078610603558,
      "return_histogram_bins": [
        "(-inf,-1%)",
        "[-1%,-0.5%)",
        "[-0.5%,-0.2%)",
        "[-0.2%,0%)",
        "[0%,0.2%)",
        "[0.2%,0.5%)",
        "[0.5%,1%)",
        "[1%,inf)"
      ],
      "return_histogram_counts": [
        0,
        2,
        15,
        12,
        11,
        13,
        7,
        7
      ],
      "top10_pct_pnl_contribution": 0.7981600893059365,
      "trades_per_day": 0.20195930670685758
    },
    "bps8": {
      "mae_proxy_median": null,
      "median_hold_return": 0.0007906078610603557,
      "return_histogram_bins": [
        "(-inf,-1%)",
        "[-1%,-0.5%)",
        "[-0.5%,-0.2%)",
        "[-0.2%,0%)",
        "[0%,0.2%)",
        "[0.2%,0.5%)",
        "[0.5%,1%)",
        "[1%,inf)"
      ],
      "return_histogram_counts": [
        0,
        2,
        14,
        11,
        13,
        13,
        7,
        7
      ],
      "top10_pct_pnl_contribution": 0.7333150745327566,
      "trades_per_day": 0.20195930670685758
    },
    "gross": {
      "mae_proxy_median": null,
      "median_hold_return": 0.0015906078610603558,
      "return_histogram_bins": [
        "(-inf,-1%)",
        "[-1%,-0.5%)",
        "[-0.5%,-0.2%)",
        "[-0.2%,0%)",
        "[0%,0.2%)",
        "[0.2%,0.5%)",
        "[0.5%,1%)",
        "[1%,inf)"
      ],
      "return_histogram_counts": [
        0,
        1,
        10,
        13,
        12,
        14,
        8,
        9
      ],
      "top10_pct_pnl_contribution": 0.5621742606119119,
      "trades_per_day": 0.20195930670685758
    }
  },
  "family": "volume_state",
  "hypothesis_id": "H166",
  "timestamp_utc": "2026-02-24T00:13:58+00:00",
  "wf_by_mode": {
    "bps10": {
      "aggregate": {
        "mean": 0.0012696589894606414,
        "mean_ci_high": 0.0026787532750135543,
        "mean_ci_low": -2.7327123434047232e-05,
        "n": 47,
        "p_mean_gt_0": 0.972
      },
      "folds": [
        {
          "fold_id": 1,
          "mean": -0.0031374376372571003,
          "n": 2,
          "test_end": "2025-06-08T00:00:00+00:00",
          "test_start": "2025-05-24T00:00:00+00:00"
        },
        {
          "fold_id": 2,
          "mean": 0.0006022985968069392,
          "n": 1,
          "test_end": "2025-06-23T00:00:00+00:00",
          "test_start": "2025-06-08T00:00:00+00:00"
        },
        {
          "fold_id": 3,
          "mean": 0.0012220732400971554,
          "n": 5,
          "test_end": "2025-07-08T00:00:00+00:00",
          "test_start": "2025-06-23T00:00:00+00:00"
        },
        {
          "fold_id": 4,
          "mean": -0.0006019320886295967,
          "n": 5,
          "test_end": "2025-07-23T00:00:00+00:00",
          "test_start": "2025-07-08T00:00:00+00:00"
        },
        {
          "fold_id": 5,
          "mean": 0.0009895943814418615,
          "n": 1,
          "test_end": "2025-08-07T00:00:00+00:00",
          "test_start": "2025-07-23T00:00:00+00:00"
        },
        {
          "fold_id": 6,
          "mean": -0.004147670515533774,
          "n": 1,
          "test_end": "2025-08-22T00:00:00+00:00",
          "test_start": "2025-08-07T00:00:00+00:00"
        },
        {
          "fold_id": 7,
          "mean": -0.0057129963650045515,
          "n": 1,
          "test_end": "2025-09-06T00:00:00+00:00",
          "test_start": "2025-08-22T00:00:00+00:00"
        },
        {
          "fold_id": 8,
          "mean": 0.000424146649277036,
          "n": 2,
          "test_end": "2025-09-21T00:00:00+00:00",
          "test_start": "2025-09-06T00:00:00+00:00"
        },
        {
          "fold_id": 9,
          "mean": -0.0018771924886901705,
          "n": 4,
          "test_end": "2025-10-06T00:00:00+00:00",
          "test_start": "2025-09-21T00:00:00+00:00"
        },
        {
          "fold_id": 10,
          "mean": 0.0036370906048895937,
          "n": 3,
          "test_end": "2025-10-21T00:00:00+00:00",
          "test_start": "2025-10-06T00:00:00+00:00"
        },
        {
          "fold_id": 11,
          "mean": 0.0006425580603733891,
          "n": 2,
          "test_end": "2025-11-05T00:00:00+00:00",
          "test_start": "2025-10-21T00:00:00+00:00"
        },
        {
          "fold_id": 12,
          "mean": 0.005196076094552249,
          "n": 2,
          "test_end": "2025-11-20T00:00:00+00:00",
          "test_start": "2025-11-05T00:00:00+00:00"
        },
        {
          "fold_id": 13,
          "mean": -0.00013815049585796848,
          "n": 2,
          "test_end": "2025-12-05T00:00:00+00:00",
          "test_start": "2025-11-20T00:00:00+00:00"
        },
        {
          "fold_id": 14,
          "mean": 0.007520592828151503,
          "n": 3,
          "test_end": "2025-12-20T00:00:00+00:00",
          "test_start": "2025-12-05T00:00:00+00:00"
        },
        {
          "fold_id": 15,
          "mean": -0.0002622169463401816,
          "n": 4,
          "test_end": "2026-01-04T00:00:00+00:00",
          "test_start": "2025-12-20T00:00:00+00:00"
        },
        {
          "fold_id": 16,
          "mean": 0.001915086161199379,
          "n": 6,
          "test_end": "2026-01-19T00:00:00+00:00",
          "test_start": "2026-01-04T00:00:00+00:00"
        },
        {
          "fold_id": 17,
          "mean": -0.002444580482999558,
          "n": 1,
          "test_end": "2026-02-03T00:00:00+00:00",
          "test_start": "2026-01-19T00:00:00+00:00"
        },
        {
          "fold_id": 18,
          "mean": 0.012453153132114037,
          "n": 2,
          "test_end": "2026-02-18T00:00:00+00:00",
          "test_start": "2026-02-03T00:00:00+00:00"
        }
      ],
      "positive_folds": {
        "count": 10,
        "pct": 55.55555555555556,
        "total": 18
      },
      "split": {
        "step_days": 15,
        "test_days": 15,
        "train_days": 60
      }
    },
    "bps8": {
      "aggregate": {
        "mean": 0.0014696589894606412,
        "mean_ci_high": 0.0028787532750135553,
        "mean_ci_low": 0.00017267287656595281,
        "n": 47,
        "p_mean_gt_0": 0.9863333333333333
      },
      "folds": [
        {
          "fold_id": 1,
          "mean": -0.0029374376372571006,
          "n": 2,
          "test_end": "2025-06-08T00:00:00+00:00",
          "test_start": "2025-05-24T00:00:00+00:00"
        },
        {
          "fold_id": 2,
          "mean": 0.0008022985968069392,
          "n": 1,
          "test_end": "2025-06-23T00:00:00+00:00",
          "test_start": "2025-06-08T00:00:00+00:00"
        },
        {
          "fold_id": 3,
          "mean": 0.001422073240097155,
          "n": 5,
          "test_end": "2025-07-08T00:00:00+00:00",
          "test_start": "2025-06-23T00:00:00+00:00"
        },
        {
          "fold_id": 4,