{
  "baseline": {
    "bps10": {
      "mean": 0.002863192584961382,
      "mean_ci_high": 0.004121980568786691,
      "mean_ci_low": 0.0016944255126539933,
      "n": 136,
      "p_mean_gt_0": 1.0,
      "std": 0.007176932769091833,
      "win_rate": 0.6029411764705882
    },
    "bps8": {
      "mean": 0.003063192584961383,
      "mean_ci_high": 0.004321980568786693,
      "mean_ci_low": 0.0018944255126539947,
      "n": 136,
      "p_mean_gt_0": 1.0,
      "std": 0.007176932769091833,
      "win_rate": 0.625
    },
    "gross": {
      "mean": 0.003863192584961383,
      "mean_ci_high": 0.005121980568786692,
      "mean_ci_low": 0.002694425512653994,
      "n": 136,
      "p_mean_gt_0": 1.0,
      "std": 0.007176932769091833,
      "win_rate": 0.6838235294117647
    }
  },
  "config": {
    "bootstrap_iters": 3000,
    "cost_mode": "all",
    "days": 365,
    "horizon": 12,
    "timeframe": "5m",
    "wf": {
      "step_days": 15,
      "test_days": 15,
      "train_days": 60
    }
  },
  "diagnostics_by_mode": {
    "bps10": {
      "mae_proxy_median": -0.0013612283211332787,
      "median_hold_return": 0.001513436584395623,
      "return_histogram_bins": [
        "(-inf,-1%)",
        "[-1%,-0.5%)",
        "[-0.5%,-0.2%)",
        "[-0.2%,0%)",
        "[0%,0.2%)",
        "[0.2%,0.5%)",
        "[0.5%,1%)",
        "[1%,inf)"
      ],
      "return_histogram_counts": [
        1,
        10,
        16,
        27,
        18,
        27,
        17,
        20
      ],
      "top10_pct_pnl_contribution": 0.6690025048952991,
      "trades_per_day": 0.3999019848076452
    },
    "bps8": {
      "mae_proxy_median": -0.0013612283211332787,
      "median_hold_return": 0.001713436584395623,
      "return_histogram_bins": [
        "(-inf,-1%)",
        "[-1%,-0.5%)",
        "[-0.5%,-0.2%)",
        "[-0.2%,0%)",
        "[0%,0.2%)",
        "[0.2%,0.5%)",
        "[0.5%,1%)",
        "[1%,inf)"
      ],
      "return_histogram_counts": [
        1,
        10,
        16,
        24,
        21,
        25,
        18,
        21
      ],
      "top10_pct_pnl_contribution": 0.6320435927326249,
      "trades_per_day": 0.3999019848076452
    },
    "gross": {
      "mae_proxy_median": -0.0013612283211332787,
      "median_hold_return": 0.002513436584395623,
      "return_histogram_bins": [
        "(-inf,-1%)",
        "[-1%,-0.5%)",
        "[-0.5%,-0.2%)",
        "[-0.2%,0%)",
        "[0%,0.2%)",
        "[0.2%,0.5%)",
        "[0.5%,1%)",
        "[1%,inf)"
      ],
      "return_histogram_counts": [
        0,
        10,
        13,
        20,
        19,
        29,
        21,
        24
      ],
      "top10_pct_pnl_contribution": 0.522475683885062,
      "trades_per_day": 0.3999019848076452
    }
  },
  "family": "volume_state",
  "hypothesis_id": "H167",
  "timestamp_utc": "2026-02-24T00:14:09+00:00",
  "wf_by_mode": {
    "bps10": {
      "aggregate": {
        "mean": 0.002524995482775718,
        "mean_ci_high": 0.0038877664108033414,
        "mean_ci_low": 0.001168593549179488,
        "n": 105,
        "p_mean_gt_0": 1.0
      },
      "folds": [
        {
          "fold_id": 1,
          "mean": 0.0036714598306828443,
          "n": 8,
          "test_end": "2025-05-31T00:00:00+00:00",
          "test_start": "2025-05-16T00:00:00+00:00"
        },
        {
          "fold_id": 2,
          "mean": 0.0006640990609918712,
          "n": 6,
          "test_end": "2025-06-15T00:00:00+00:00",
          "test_start": "2025-05-31T00:00:00+00:00"
        },
        {
          "fold_id": 3,
          "mean": 0.0009976489647500095,
          "n": 5,
          "test_end": "2025-06-30T00:00:00+00:00",
          "test_start": "2025-06-15T00:00:00+00:00"
        },
        {
          "fold_id": 4,
          "mean": -0.0037762914724621295,
          "n": 3,
          "test_end": "2025-07-15T00:00:00+00:00",
          "test_start": "2025-06-30T00:00:00+00:00"
        },
        {
          "fold_id": 5,
          "mean": 0.0008991895449840396,
          "n": 8,
          "test_end": "2025-07-30T00:00:00+00:00",
          "test_start": "2025-07-15T00:00:00+00:00"
        },
        {
          "fold_id": 6,
          "mean": 0.003192698577927034,
          "n": 3,
          "test_end": "2025-08-14T00:00:00+00:00",
          "test_start": "2025-07-30T00:00:00+00:00"
        },
        {
          "fold_id": 7,
          "mean": 0.004474672754635114,
          "n": 9,
          "test_end": "2025-08-29T00:00:00+00:00",
          "test_start": "2025-08-14T00:00:00+00:00"
        },
        {
          "fold_id": 8,
          "mean": 0.0006071123569106338,
          "n": 6,
          "test_end": "2025-09-13T00:00:00+00:00",
          "test_start": "2025-08-29T00:00:00+00:00"
        },
        {
          "fold_id": 9,
          "mean": 0.0014723177134859941,
          "n": 5,
          "test_end": "2025-09-28T00:00:00+00:00",
          "test_start": "2025-09-13T00:00:00+00:00"
        },
        {
          "fold_id": 10,
          "mean": 0.002734256188645335,
          "n": 5,
          "test_end": "2025-10-13T00:00:00+00:00",
          "test_start": "2025-09-28T00:00:00+00:00"
        },
        {
          "fold_id": 11,
          "mean": 0.007022971769230676,
          "n": 7,
          "test_end": "2025-10-28T00:00:00+00:00",
          "test_start": "2025-10-13T00:00:00+00:00"
        },
        {
          "fold_id": 12,
          "mean": 0.005850731724766356,
          "n": 3,
          "test_end": "2025-11-12T00:00:00+00:00",
          "test_start": "2025-10-28T00:00:00+00:00"
        },
        {
          "fold_id": 13,
          "mean": -0.000136169177339037,
          "n": 8,
          "test_end": "2025-11-27T00:00:00+00:00",
          "test_start": "2025-11-12T00:00:00+00:00"
        },
        {
          "fold_id": 14,
          "mean": 0.006162842302560183,
          "n": 3,
          "test_end": "2025-12-12T00:00:00+00:00",
          "test_start": "2025-11-27T00:00:00+00:00"
        },
        {
          "fold_id": 15,
          "mean": 0.006063204744571806,
          "n": 9,
          "test_end": "2025-12-27T00:00:00+00:00",
          "test_start": "2025-12-12T00:00:00+00:00"
        },
        {
          "fold_id": 16,
          "mean": 0.0010866512396081754,
          "n": 8,
          "test_end": "2026-01-11T00:00:00+00:00",
          "test_start": "2025-12-27T00:00:00+00:00"
        },
        {
          "fold_id": 17,
          "mean": 0.00034120927922964926,
          "n": 4,
          "test_end": "2026-01-26T00:00:00+00:00",
          "test_start": "2026-01-11T00:00:00+00:00"
        },
        {
          "fold_id": 18,
          "mean": 0.001530122190674122,
          "n": 5,
          "test_end": "2026-02-10T00:00:00+00:00",
          "test_start": "2026-01-26T00:00:00+00:00"
        }
      ],
      "positive_folds": {
        "count": 16,
        "pct": 88.88888888888889,
        "total": 18
      },
      "split": {
        "step_days": 15,
        "test_days": 15,
        "train_days": 60
      }
    },
    "bps8": {
      "aggregate": {
        "mean": 0.0027249954827757183,
        "mean_ci_high": 0.0040877664108033415,
        "mean_ci_low": 0.0013685935491794885,
        "n": 105,
        "p_mean_gt_0": 1.0
      },
      "folds": [
        {
          "fold_id": 1,
          "mean": 0.0038714598306828453,
          "n": 8,
          "test_end": "2025-05-31T00:00:00+00:00",
          "test_start": "2025-05-16T00:00:00+00:00"
        },
        {
          "fold_id": 2,
          "mean": 0.0008640990609918711,
          "n": 6,
          "test_end": "2025-06-15T00:00:00+00:00",
          "test_start": "2025-05-31T00:00:00+00:00"
        },
        {
          "fold_id": 3,
          "mean": 0.0011976489647500092,
          "n": 5,
          "test_end": "2025-06-30T00:00:00+00:00",
          "test_start": "2025-06-15T00:00:00+00:00"
        },
        {
          "fold_id": 4,