{
  "baseline": {
    "bps10": {
      "mean": 0.002634920658262544,
      "mean_ci_high": 0.004343562343860846,
      "mean_ci_low": 0.0010924280795294777,
      "n": 65,
      "p_mean_gt_0": 0.9996666666666667,
      "std": 0.00669917785021562,
      "win_rate": 0.5846153846153846
    },
    "bps8": {
      "mean": 0.002834920658262545,
      "mean_ci_high": 0.004543562343860845,
      "mean_ci_low": 0.001292428079529478,
      "n": 65,
      "p_mean_gt_0": 0.9996666666666667,
      "std": 0.00669917785021562,
      "win_rate": 0.6307692307692307
    },
    "gross": {
      "mean": 0.003634920658262545,
      "mean_ci_high": 0.0053435623438608465,
      "mean_ci_low": 0.002092428079529478,
      "n": 65,
      "p_mean_gt_0": 1.0,
      "std": 0.00669917785021562,
      "win_rate": 0.7230769230769231
    }
  },
  "config": {
    "bootstrap_iters": 3000,
    "cost_mode": "all",
    "days": 365,
    "horizon": 12,
    "timeframe": "5m",
    "wf": {
      "step_days": 15,
      "test_days": 15,
      "train_days": 60
    }
  },
  "diagnostics_by_mode": {
    "bps10": {
      "mae_proxy_median": null,
      "median_hold_return": 0.0016845524918888142,
      "return_histogram_bins": [
        "(-inf,-1%)",
        "[-1%,-0.5%)",
        "[-0.5%,-0.2%)",
        "[-0.2%,0%)",
        "[0%,0.2%)",
        "[0.2%,0.5%)",
        "[0.5%,1%)",
        "[1%,inf)"
      ],
      "return_histogram_counts": [
        1,
        4,
        6,
        16,
        7,
        14,
        9,
        8
      ],
      "top10_pct_pnl_contribution": 0.6648161257366871,
      "trades_per_day": 0.19880208997068946
    },
    "bps8": {
      "mae_proxy_median": null,
      "median_hold_return": 0.0018845524918888142,
      "return_histogram_bins": [
        "(-inf,-1%)",
        "[-1%,-0.5%)",
        "[-0.5%,-0.2%)",
        "[-0.2%,0%)",
        "[0%,0.2%)",
        "[0.2%,0.5%)",
        "[0.5%,1%)",
        "[1%,inf)"
      ],
      "return_histogram_counts": [
        1,
        4,
        6,
        13,
        10,
        13,
        9,
        9
      ],
      "top10_pct_pnl_contribution": 0.6255117581579607,
      "trades_per_day": 0.19880208997068946
    },
    "gross": {
      "mae_proxy_median": null,
      "median_hold_return": 0.002684552491888814,
      "return_histogram_bins": [
        "(-inf,-1%)",
        "[-1%,-0.5%)",
        "[-0.5%,-0.2%)",
        "[-0.2%,0%)",
        "[0%,0.2%)",
        "[0.2%,0.5%)",
        "[0.5%,1%)",
        "[1%,inf)"
      ],
      "return_histogram_counts": [
        0,
        5,
        3,
        10,
        13,
        12,
        12,
        10
      ],
      "top10_pct_pnl_contribution": 0.5115462553812007,
      "trades_per_day": 0.19880208997068946
    }
  },
  "family": "volume_state",
  "hypothesis_id": "H169",
  "timestamp_utc": "2026-02-24T00:20:42+00:00",
  "wf_by_mode": {
    "bps10": {
      "aggregate": {
        "mean": 0.002970247036885608,
        "mean_ci_high": 0.005081149159164175,
        "mean_ci_low": 0.0011444567136470892,
        "n": 48,
        "p_mean_gt_0": 0.9996666666666667
      },
      "folds": [
        {
          "fold_id": 1,
          "mean": 0.0131818324821558,
          "n": 3,
          "test_end": "2025-05-31T00:00:00+00:00",
          "test_start": "2025-05-16T00:00:00+00:00"
        },
        {
          "fold_id": 2,
          "mean": -0.0018329685974488022,
          "n": 2,
          "test_end": "2025-06-15T00:00:00+00:00",
          "test_start": "2025-05-31T00:00:00+00:00"
        },
        {
          "fold_id": 3,
          "mean": 0.0009976489647500095,
          "n": 5,
          "test_end": "2025-06-30T00:00:00+00:00",
          "test_start": "2025-06-15T00:00:00+00:00"
        },
        {
          "fold_id": 4,
          "mean": -0.0021645083700871917,
          "n": 2,
          "test_end": "2025-07-15T00:00:00+00:00",
          "test_start": "2025-06-30T00:00:00+00:00"
        },
        {
          "fold_id": 5,
          "mean": 0.002572314871205711,
          "n": 4,
          "test_end": "2025-07-30T00:00:00+00:00",
          "test_start": "2025-07-15T00:00:00+00:00"
        },
        {
          "fold_id": 6,
          "mean": 0.0,
          "n": 0,
          "test_end": "2025-08-14T00:00:00+00:00",
          "test_start": "2025-07-30T00:00:00+00:00"
        },
        {
          "fold_id": 7,
          "mean": 0.006626534328445288,
          "n": 2,
          "test_end": "2025-08-29T00:00:00+00:00",
          "test_start": "2025-08-14T00:00:00+00:00"
        },
        {
          "fold_id": 8,
          "mean": 0.0016715418253072942,
          "n": 4,
          "test_end": "2025-09-13T00:00:00+00:00",
          "test_start": "2025-08-29T00:00:00+00:00"
        },
        {
          "fold_id": 9,
          "mean": 0.002248666429720881,
          "n": 4,
          "test_end": "2025-09-28T00:00:00+00:00",
          "test_start": "2025-09-13T00:00:00+00:00"
        },
        {
          "fold_id": 10,
          "mean": 0.006545119482046614,
          "n": 1,
          "test_end": "2025-10-13T00:00:00+00:00",
          "test_start": "2025-09-28T00:00:00+00:00"
        },
        {
          "fold_id": 11,
          "mean": 0.009676632098091331,
          "n": 3,
          "test_end": "2025-10-28T00:00:00+00:00",
          "test_start": "2025-10-13T00:00:00+00:00"
        },
        {
          "fold_id": 12,
          "mean": 0.01351349125266299,
          "n": 1,
          "test_end": "2025-11-12T00:00:00+00:00",
          "test_start": "2025-10-28T00:00:00+00:00"
        },
        {
          "fold_id": 13,
          "mean": -0.0035502414033902743,
          "n": 4,
          "test_end": "2025-11-27T00:00:00+00:00",
          "test_start": "2025-11-12T00:00:00+00:00"
        },
        {
          "fold_id": 14,
          "mean": 0.01040100087032203,
          "n": 1,
          "test_end": "2025-12-12T00:00:00+00:00",
          "test_start": "2025-11-27T00:00:00+00:00"
        },
        {
          "fold_id": 15,
          "mean": 0.005543720557689591,
          "n": 4,
          "test_end": "2025-12-27T00:00:00+00:00",
          "test_start": "2025-12-12T00:00:00+00:00"
        },
        {
          "fold_id": 16,
          "mean": 0.00048182692788991766,
          "n": 5,
          "test_end": "2026-01-11T00:00:00+00:00",
          "test_start": "2025-12-27T00:00:00+00:00"
        },
        {
          "fold_id": 17,
          "mean": -0.0010208836274716202,
          "n": 3,
          "test_end": "2026-01-26T00:00:00+00:00",
          "test_start": "2026-01-11T00:00:00+00:00"
        }
      ],
      "positive_folds": {
        "count": 12,
        "pct": 70.58823529411765,
        "total": 17
      },
      "split": {
        "step_days": 15,
        "test_days": 15,
        "train_days": 60
      }
    },
    "bps8": {
      "aggregate": {
        "mean": 0.003170247036885609,
        "mean_ci_high": 0.0052811491591641755,
        "mean_ci_low": 0.0013444567136470893,
        "n": 48,
        "p_mean_gt_0": 0.9996666666666667
      },
      "folds": [
        {
          "fold_id": 1,
          "mean": 0.013381832482155803,
          "n": 3,
          "test_end": "2025-05-31T00:00:00+00:00",
          "test_start": "2025-05-16T00:00:00+00:00"
        },
        {
          "fold_id": 2,
          "mean": -0.001632968597448802,
          "n": 2,
          "test_end": "2025-06-15T00:00:00+00:00",
          "test_start": "2025-05-31T00:00:00+00:00"
        },
        {
          "fold_id": 3,
          "mean": 0.0011976489647500092,
          "n": 5,
          "test_end": "2025-06-30T00:00:00+00:00",
          "test_start": "2025-06-15T00:00:00+00:00"
        },
        {
          "fold_id": 4,
          "mean": -0.0019645083700871916,
          "n": 2,
          "test_end": "2025-07-15T00:00:00+00:00",
          "test_start": "2025-06-30T00:00:00+00:00"
        },
        {
          "fold_id": 5,
          "mean": 0.002772314871205712,