{
  "baseline": {
    "bps10": {
      "mean": 0.003072173926305389,
      "mean_ci_high": 0.004869361623356954,
      "mean_ci_low": 0.001373722808559174,
      "n": 71,
      "p_mean_gt_0": 1.0,
      "std": 0.007581961289557379,
      "win_rate": 0.6197183098591549
    },
    "bps8": {
      "mean": 0.0032721739263053898,
      "mean_ci_high": 0.005069361623356952,
      "mean_ci_low": 0.0015737228085591747,
      "n": 71,
      "p_mean_gt_0": 1.0,
      "std": 0.007581961289557379,
      "win_rate": 0.6197183098591549
    },
    "gross": {
      "mean": 0.00407217392630539,
      "mean_ci_high": 0.005869361623356955,
      "mean_ci_low": 0.0023737228085591745,
      "n": 71,
      "p_mean_gt_0": 1.0,
      "std": 0.007581961289557378,
      "win_rate": 0.647887323943662
    }
  },
  "config": {
    "bootstrap_iters": 3000,
    "cost_mode": "all",
    "days": 365,
    "horizon": 12,
    "timeframe": "5m",
    "wf": {
      "step_days": 15,
      "test_days": 15,
      "train_days": 60
    }
  },
  "diagnostics_by_mode": {
    "bps10": {
      "mae_proxy_median": null,
      "median_hold_return": 0.0013423206769024318,
      "return_histogram_bins": [
        "(-inf,-1%)",
        "[-1%,-0.5%)",
        "[-0.5%,-0.2%)",
        "[-0.2%,0%)",
        "[0%,0.2%)",
        "[0.2%,0.5%)",
        "[0.5%,1%)",
        "[1%,inf)"
      ],
      "return_histogram_counts": [
        0,
        6,
        10,
        11,
        11,
        13,
        8,
        12
      ],
      "top10_pct_pnl_contribution": 0.7090145829037466,
      "trades_per_day": 0.2191076250482191
    },
    "bps8": {
      "mae_proxy_median": null,
      "median_hold_return": 0.001542320676902432,
      "return_histogram_bins": [
        "(-inf,-1%)",
        "[-1%,-0.5%)",
        "[-0.5%,-0.2%)",
        "[-0.2%,0%)",
        "[0%,0.2%)",
        "[0.2%,0.5%)",
        "[0.5%,1%)",
        "[1%,inf)"
      ],
      "return_histogram_counts": [
        0,
        6,
        10,
        11,
        11,
        12,
        9,
        12
      ],
      "top10_pct_pnl_contribution": 0.6725655102079657,
      "trades_per_day": 0.2191076250482191
    },
    "gross": {
      "mae_proxy_median": null,
      "median_hold_return": 0.002342320676902432,
      "return_histogram_bins": [
        "(-inf,-1%)",
        "[-1%,-0.5%)",
        "[-0.5%,-0.2%)",
        "[-0.2%,0%)",
        "[0%,0.2%)",
        "[0.2%,0.5%)",
        "[0.5%,1%)",
        "[1%,inf)"
      ],
      "return_histogram_counts": [
        0,
        5,
        10,
        10,
        6,
        17,
        9,
        14
      ],
      "top10_pct_pnl_contribution": 0.5625722802522078,
      "trades_per_day": 0.2191076250482191
    }
  },
  "family": "volume_state",
  "hypothesis_id": "H170",
  "timestamp_utc": "2026-02-24T00:20:51+00:00",
  "wf_by_mode": {
    "bps10": {
      "aggregate": {
        "mean": 0.0028372153181874487,
        "mean_ci_high": 0.004992982584834868,
        "mean_ci_low": 0.0008405860438322384,
        "n": 49,
        "p_mean_gt_0": 0.9963333333333333
      },
      "folds": [
        {
          "fold_id": 1,
          "mean": 0.0019126328902122078,
          "n": 4,
          "test_end": "2025-06-16T00:00:00+00:00",
          "test_start": "2025-06-01T00:00:00+00:00"
        },
        {
          "fold_id": 2,
          "mean": 0.0,
          "n": 0,
          "test_end": "2025-07-01T00:00:00+00:00",
          "test_start": "2025-06-16T00:00:00+00:00"
        },
        {
          "fold_id": 3,
          "mean": -0.006999857677212006,
          "n": 1,
          "test_end": "2025-07-16T00:00:00+00:00",
          "test_start": "2025-07-01T00:00:00+00:00"
        },
        {
          "fold_id": 4,
          "mean": 0.0005963414021013346,
          "n": 6,
          "test_end": "2025-07-31T00:00:00+00:00",
          "test_start": "2025-07-16T00:00:00+00:00"
        },
        {
          "fold_id": 5,
          "mean": 0.012393014271088187,
          "n": 2,
          "test_end": "2025-08-15T00:00:00+00:00",
          "test_start": "2025-07-31T00:00:00+00:00"
        },
        {
          "fold_id": 6,
          "mean": 0.000856210298145274,
          "n": 6,
          "test_end": "2025-08-30T00:00:00+00:00",
          "test_start": "2025-08-15T00:00:00+00:00"
        },
        {
          "fold_id": 7,
          "mean": -0.001521746579882687,
          "n": 2,
          "test_end": "2025-09-14T00:00:00+00:00",
          "test_start": "2025-08-30T00:00:00+00:00"
        },
        {
          "fold_id": 8,
          "mean": -0.0016330771514535538,
          "n": 1,
          "test_end": "2025-09-29T00:00:00+00:00",
          "test_start": "2025-09-14T00:00:00+00:00"
        },
        {
          "fold_id": 9,
          "mean": 0.0017815403652950155,
          "n": 4,
          "test_end": "2025-10-14T00:00:00+00:00",
          "test_start": "2025-09-29T00:00:00+00:00"
        },
        {
          "fold_id": 10,
          "mean": 0.005032726522585185,
          "n": 4,
          "test_end": "2025-10-29T00:00:00+00:00",
          "test_start": "2025-10-14T00:00:00+00:00"
        },
        {
          "fold_id": 11,
          "mean": 0.0021254518509249798,
          "n": 3,
          "test_end": "2025-11-13T00:00:00+00:00",
          "test_start": "2025-10-29T00:00:00+00:00"
        },
        {
          "fold_id": 12,
          "mean": 0.0035913201879033143,
          "n": 3,
          "test_end": "2025-11-28T00:00:00+00:00",
          "test_start": "2025-11-13T00:00:00+00:00"
        },
        {
          "fold_id": 13,
          "mean": 0.011230443565862225,
          "n": 3,
          "test_end": "2025-12-13T00:00:00+00:00",
          "test_start": "2025-11-28T00:00:00+00:00"
        },
        {
          "fold_id": 14,
          "mean": 0.0016975389525399347,
          "n": 4,
          "test_end": "2025-12-28T00:00:00+00:00",
          "test_start": "2025-12-13T00:00:00+00:00"
        },
        {
          "fold_id": 15,
          "mean": 0.002094691759138605,
          "n": 3,
          "test_end": "2026-01-12T00:00:00+00:00",
          "test_start": "2025-12-28T00:00:00+00:00"
        },
        {
          "fold_id": 16,
          "mean": 0.004427487999333458,
          "n": 1,
          "test_end": "2026-01-27T00:00:00+00:00",
          "test_start": "2026-01-12T00:00:00+00:00"
        },
        {
          "fold_id": 17,
          "mean": 0.006973837411304862,
          "n": 2,
          "test_end": "2026-02-11T00:00:00+00:00",
          "test_start": "2026-01-27T00:00:00+00:00"
        }
      ],
      "positive_folds": {
        "count": 13,
        "pct": 76.47058823529412,
        "total": 17
      },
      "split": {
        "step_days": 15,
        "test_days": 15,
        "train_days": 60
      }
    },
    "bps8": {
      "aggregate": {
        "mean": 0.0030372153181874497,
        "mean_ci_high": 0.0051929825848348685,
        "mean_ci_low": 0.0010405860438322386,
        "n": 49,
        "p_mean_gt_0": 0.998
      },
      "folds": [
        {
          "fold_id": 1,
          "mean": 0.002112632890212208,
          "n": 4,
          "test_end": "2025-06-16T00:00:00+00:00",
          "test_start": "2025-06-01T00:00:00+00:00"
        },
        {
          "fold_id": 2,
          "mean": 0.0,
          "n": 0,
          "test_end": "2025-07-01T00:00:00+00:00",
          "test_start": "2025-06-16T00:00:00+00:00"
        },
        {
          "fold_id": 3,
          "mean": -0.006799857677212006,
          "n": 1,
          "test_end": "2025-07-16T00:00:00+00:00",
          "test_start": "2025-07-01T00:00:00+00:00"
        },
        {
          "fold_id": 4,
          "mean": 0.0007963414021013344,
          "n": 6,
          "test_end": "2025-07-31T00:00:00+00:00",
          "test_start": "2025-07-16T00:00:00+00:00"
        },
        {
          "fold_id": 5,
          "mean": 0.01259301427108819,
          "n": 2,