{
  "baseline": {
    "bps10": {
      "mean": 0.0024941710239636205,
      "mean_ci_high": 0.0036660538942690185,
      "mean_ci_low": 0.0013648831744354887,
      "n": 136,
      "p_mean_gt_0": 1.0,
      "std": 0.006749943203193335,
      "win_rate": 0.6323529411764706
    },
    "bps8": {
      "mean": 0.002694171023963621,
      "mean_ci_high": 0.0038660538942690195,
      "mean_ci_low": 0.00156488317443549,
      "n": 136,
      "p_mean_gt_0": 1.0,
      "std": 0.006749943203193336,
      "win_rate": 0.6323529411764706
    },
    "gross": {
      "mean": 0.0034941710239636214,
      "mean_ci_high": 0.00466605389426902,
      "mean_ci_low": 0.00236488317443549,
      "n": 136,
      "p_mean_gt_0": 1.0,
      "std": 0.006749943203193336,
      "win_rate": 0.7058823529411765
    }
  },
  "config": {
    "bootstrap_iters": 3000,
    "cost_mode": "all",
    "days": 365,
    "horizon": 12,
    "timeframe": "5m",
    "wf": {
      "step_days": 15,
      "test_days": 15,
      "train_days": 60
    }
  },
  "diagnostics_by_mode": {
    "bps10": {
      "mae_proxy_median": -0.0011690448564253275,
      "median_hold_return": 0.0017957289489437542,
      "return_histogram_bins": [
        "(-inf,-1%)",
        "[-1%,-0.5%)",
        "[-0.5%,-0.2%)",
        "[-0.2%,0%)",
        "[0%,0.2%)",
        "[0.2%,0.5%)",
        "[0.5%,1%)",
        "[1%,inf)"
      ],
      "return_histogram_counts": [
        1,
        16,
        18,
        15,
        22,
        29,
        16,
        19
      ],
      "top10_pct_pnl_contribution": 0.7115600247585155,
      "trades_per_day": 0.3999019848076452
    },
    "bps8": {
      "mae_proxy_median": -0.0011690448564253275,
      "median_hold_return": 0.0019957289489437543,
      "return_histogram_bins": [
        "(-inf,-1%)",
        "[-1%,-0.5%)",
        "[-0.5%,-0.2%)",
        "[-0.2%,0%)",
        "[0%,0.2%)",
        "[0.2%,0.5%)",
        "[0.5%,1%)",
        "[1%,inf)"
      ],
      "return_histogram_counts": [
        0,
        16,
        15,
        19,
        18,
        31,
        18,
        19
      ],
      "top10_pct_pnl_contribution": 0.6663796080088368,
      "trades_per_day": 0.3999019848076452
    },
    "gross": {
      "mae_proxy_median": -0.0011690448564253275,
      "median_hold_return": 0.0027957289489437542,
      "return_histogram_bins": [
        "(-inf,-1%)",
        "[-1%,-0.5%)",
        "[-0.5%,-0.2%)",
        "[-0.2%,0%)",
        "[0%,0.2%)",
        "[0.2%,0.5%)",
        "[0.5%,1%)",
        "[1%,inf)"
      ],
      "return_histogram_counts": [
        0,
        9,
        15,
        16,
        23,
        32,
        22,
        19
      ],
      "top10_pct_pnl_contribution": 0.5373788401187496,
      "trades_per_day": 0.3999019848076452
    }
  },
  "family": "volume_state",
  "hypothesis_id": "H171",
  "timestamp_utc": "2026-02-24T00:21:01+00:00",
  "wf_by_mode": {
    "bps10": {
      "aggregate": {
        "mean": 0.0022318087970579718,
        "mean_ci_high": 0.0035464626370540655,
        "mean_ci_low": 0.0009303876122134403,
        "n": 105,
        "p_mean_gt_0": 1.0
      },
      "folds": [
        {
          "fold_id": 1,
          "mean": 0.0024691919138386535,
          "n": 8,
          "test_end": "2025-05-31T00:00:00+00:00",
          "test_start": "2025-05-16T00:00:00+00:00"
        },
        {
          "fold_id": 2,
          "mean": 0.0012911608190026762,
          "n": 6,
          "test_end": "2025-06-15T00:00:00+00:00",
          "test_start": "2025-05-31T00:00:00+00:00"
        },
        {
          "fold_id": 3,
          "mean": -0.0007037953727178738,
          "n": 5,
          "test_end": "2025-06-30T00:00:00+00:00",
          "test_start": "2025-06-15T00:00:00+00:00"
        },
        {
          "fold_id": 4,
          "mean": -0.004199723260184732,
          "n": 3,
          "test_end": "2025-07-15T00:00:00+00:00",
          "test_start": "2025-06-30T00:00:00+00:00"
        },
        {
          "fold_id": 5,
          "mean": 0.000633720010983955,
          "n": 8,
          "test_end": "2025-07-30T00:00:00+00:00",
          "test_start": "2025-07-15T00:00:00+00:00"
        },
        {
          "fold_id": 6,
          "mean": 0.0036506633196426996,
          "n": 3,
          "test_end": "2025-08-14T00:00:00+00:00",
          "test_start": "2025-07-30T00:00:00+00:00"
        },
        {
          "fold_id": 7,
          "mean": 0.002939617777618987,
          "n": 9,
          "test_end": "2025-08-29T00:00:00+00:00",
          "test_start": "2025-08-14T00:00:00+00:00"
        },
        {
          "fold_id": 8,
          "mean": 0.0005993740540691618,
          "n": 6,
          "test_end": "2025-09-13T00:00:00+00:00",
          "test_start": "2025-08-29T00:00:00+00:00"
        },
        {
          "fold_id": 9,
          "mean": 0.002000182310875554,
          "n": 5,
          "test_end": "2025-09-28T00:00:00+00:00",
          "test_start": "2025-09-13T00:00:00+00:00"
        },
        {
          "fold_id": 10,
          "mean": 0.0010688864061561673,
          "n": 5,
          "test_end": "2025-10-13T00:00:00+00:00",
          "test_start": "2025-09-28T00:00:00+00:00"
        },
        {
          "fold_id": 11,
          "mean": 0.006344165553102117,
          "n": 7,
          "test_end": "2025-10-28T00:00:00+00:00",
          "test_start": "2025-10-13T00:00:00+00:00"
        },
        {
          "fold_id": 12,
          "mean": 0.005904231778347128,
          "n": 3,
          "test_end": "2025-11-12T00:00:00+00:00",
          "test_start": "2025-10-28T00:00:00+00:00"
        },
        {
          "fold_id": 13,
          "mean": 0.0009943348247563608,
          "n": 8,
          "test_end": "2025-11-27T00:00:00+00:00",
          "test_start": "2025-11-12T00:00:00+00:00"
        },
        {
          "fold_id": 14,
          "mean": 0.006826362075679733,
          "n": 3,
          "test_end": "2025-12-12T00:00:00+00:00",
          "test_start": "2025-11-27T00:00:00+00:00"
        },
        {
          "fold_id": 15,
          "mean": 0.005376838264387457,
          "n": 9,
          "test_end": "2025-12-27T00:00:00+00:00",
          "test_start": "2025-12-12T00:00:00+00:00"
        },
        {
          "fold_id": 16,
          "mean": 0.0006314618155010146,
          "n": 8,
          "test_end": "2026-01-11T00:00:00+00:00",
          "test_start": "2025-12-27T00:00:00+00:00"
        },
        {
          "fold_id": 17,
          "mean": 0.00018991156350217728,
          "n": 4,
          "test_end": "2026-01-26T00:00:00+00:00",
          "test_start": "2026-01-11T00:00:00+00:00"
        },
        {
          "fold_id": 18,
          "mean": 0.003355833593242186,
          "n": 5,
          "test_end": "2026-02-10T00:00:00+00:00",
          "test_start": "2026-01-26T00:00:00+00:00"
        }
      ],
      "positive_folds": {
        "count": 16,
        "pct": 88.88888888888889,
        "total": 18
      },
      "split": {
        "step_days": 15,
        "test_days": 15,
        "train_days": 60
      }
    },
    "bps8": {
      "aggregate": {
        "mean": 0.002431808797057972,
        "mean_ci_high": 0.0037464626370540656,
        "mean_ci_low": 0.0011303876122134408,
        "n": 105,
        "p_mean_gt_0": 1.0
      },
      "folds": [
        {
          "fold_id": 1,
          "mean": 0.002669191913838654,
          "n": 8,
          "test_end": "2025-05-31T00:00:00+00:00",
          "test_start": "2025-05-16T00:00:00+00:00"
        },
        {
          "fold_id": 2,
          "mean": 0.0014911608190026763,
          "n": 6,
          "test_end": "2025-06-15T00:00:00+00:00",
          "test_start": "2025-05-31T00:00:00+00:00"
        },
        {
          "fold_id": 3,
          "mean": -0.0005037953727178737,
          "n": 5,
          "test_end": "2025-06-30T00:00:00+00:00",
          "test_start": "2025-06-15T00:00:00+00:00"
        },
        {
          "fold_id": 4,