{
  "baseline": {
    "bps10": {
      "mean": 0.0007136473370051486,
      "mean_ci_high": 0.0013964328523747701,
      "mean_ci_low": 7.512690296290318e-05,
      "n": 113,
      "p_mean_gt_0": 0.9863333333333333,
      "std": 0.0035712766243282826,
      "win_rate": 0.4690265486725664
    },
    "bps8": {
      "mean": 0.000913647337005149,
      "mean_ci_high": 0.0015964328523747704,
      "mean_ci_low": 0.00027512690296290344,
      "n": 113,
      "p_mean_gt_0": 0.9986666666666667,
      "std": 0.003571276624328283,
      "win_rate": 0.5132743362831859
    },
    "gross": {
      "mean": 0.001713647337005149,
      "mean_ci_high": 0.0023964328523747706,
      "mean_ci_low": 0.0010751269029629035,
      "n": 113,
      "p_mean_gt_0": 1.0,
      "std": 0.0035712766243282835,
      "win_rate": 0.6902654867256637
    }
  },
  "config": {
    "bootstrap_iters": 3000,
    "cost_mode": "all",
    "days": 365,
    "horizon": 8,
    "timeframe": "5m",
    "wf": {
      "step_days": 15,
      "test_days": 15,
      "train_days": 60
    }
  },
  "diagnostics_by_mode": {
    "bps10": {
      "mae_proxy_median": null,
      "median_hold_return": -0.00010816770029431402,
      "return_histogram_bins": [
        "(-inf,-1%)",
        "[-1%,-0.5%)",
        "[-0.5%,-0.2%)",
        "[-0.2%,0%)",
        "[0%,0.2%)",
        "[0.2%,0.5%)",
        "[0.5%,1%)",
        "[1%,inf)"
      ],
      "return_histogram_counts": [
        1,
        2,
        10,
        47,
        24,
        17,
        10,
        2
      ],
      "top10_pct_pnl_contribution": 1.2468242688384166,
      "trades_per_day": 0.34057516011553435
    },
    "bps8": {
      "mae_proxy_median": null,
      "median_hold_return": 9.183229970568597e-05,
      "return_histogram_bins": [
        "(-inf,-1%)",
        "[-1%,-0.5%)",
        "[-0.5%,-0.2%)",
        "[-0.2%,0%)",
        "[0%,0.2%)",
        "[0.2%,0.5%)",
        "[0.5%,1%)",
        "[1%,inf)"
      ],
      "return_histogram_counts": [
        1,
        1,
        8,
        45,
        26,
        20,
        10,
        2
      ],
      "top10_pct_pnl_contribution": 0.9971372107418409,
      "trades_per_day": 0.34057516011553435
    },
    "gross": {
      "mae_proxy_median": null,
      "median_hold_return": 0.000891832299705686,
      "return_histogram_bins": [
        "(-inf,-1%)",
        "[-1%,-0.5%)",
        "[-0.5%,-0.2%)",
        "[-0.2%,0%)",
        "[0%,0.2%)",
        "[0.2%,0.5%)",
        "[0.5%,1%)",
        "[1%,inf)"
      ],
      "return_histogram_counts": [
        1,
        1,
        4,
        29,
        43,
        17,
        14,
        4
      ],
      "top10_pct_pnl_contribution": 0.5812091484214302,
      "trades_per_day": 0.34057516011553435
    }
  },
  "family": "oi_liq",
  "hypothesis_id": "H181",
  "timestamp_utc": "2026-02-24T01:41:01+00:00",
  "wf_by_mode": {
    "bps10": {
      "aggregate": {
        "mean": 0.0005963967592948713,
        "mean_ci_high": 0.0013489036382680986,
        "mean_ci_low": -0.00011956155878272884,
        "n": 84,
        "p_mean_gt_0": 0.9513333333333334
      },
      "folds": [
        {
          "fold_id": 1,
          "mean": 0.0004614331749092657,
          "n": 8,
          "test_end": "2025-06-10T00:00:00+00:00",
          "test_start": "2025-05-26T00:00:00+00:00"
        },
        {
          "fold_id": 2,
          "mean": 0.0,
          "n": 0,
          "test_end": "2025-06-25T00:00:00+00:00",
          "test_start": "2025-06-10T00:00:00+00:00"
        },
        {
          "fold_id": 3,
          "mean": -0.0011887505135566292,
          "n": 8,
          "test_end": "2025-07-10T00:00:00+00:00",
          "test_start": "2025-06-25T00:00:00+00:00"
        },
        {
          "fold_id": 4,
          "mean": 0.007014290134743529,
          "n": 1,
          "test_end": "2025-07-25T00:00:00+00:00",
          "test_start": "2025-07-10T00:00:00+00:00"
        },
        {
          "fold_id": 5,
          "mean": -0.00012954574512851115,
          "n": 5,
          "test_end": "2025-08-09T00:00:00+00:00",
          "test_start": "2025-07-25T00:00:00+00:00"
        },
        {
          "fold_id": 6,
          "mean": 0.0,
          "n": 0,
          "test_end": "2025-08-24T00:00:00+00:00",
          "test_start": "2025-08-09T00:00:00+00:00"
        },
        {
          "fold_id": 7,
          "mean": 0.0016924554546509844,
          "n": 3,
          "test_end": "2025-09-08T00:00:00+00:00",
          "test_start": "2025-08-24T00:00:00+00:00"
        },
        {
          "fold_id": 8,
          "mean": 0.006433084148582236,
          "n": 1,
          "test_end": "2025-09-23T00:00:00+00:00",
          "test_start": "2025-09-08T00:00:00+00:00"
        },
        {
          "fold_id": 9,
          "mean": 0.000553855189806679,
          "n": 7,
          "test_end": "2025-10-08T00:00:00+00:00",
          "test_start": "2025-09-23T00:00:00+00:00"
        },
        {
          "fold_id": 10,
          "mean": 0.0,
          "n": 0,
          "test_end": "2025-10-23T00:00:00+00:00",
          "test_start": "2025-10-08T00:00:00+00:00"
        },
        {
          "fold_id": 11,
          "mean": 0.0,
          "n": 0,
          "test_end": "2025-11-07T00:00:00+00:00",
          "test_start": "2025-10-23T00:00:00+00:00"
        },
        {
          "fold_id": 12,
          "mean": 0.0004497186541284621,
          "n": 15,
          "test_end": "2025-11-22T00:00:00+00:00",
          "test_start": "2025-11-07T00:00:00+00:00"
        },
        {
          "fold_id": 13,
          "mean": 0.0,
          "n": 0,
          "test_end": "2025-12-07T00:00:00+00:00",
          "test_start": "2025-11-22T00:00:00+00:00"
        },
        {
          "fold_id": 14,
          "mean": 0.0020579546219105663,
          "n": 8,
          "test_end": "2025-12-22T00:00:00+00:00",
          "test_start": "2025-12-07T00:00:00+00:00"
        },
        {
          "fold_id": 15,
          "mean": 1.8154825695257277e-05,
          "n": 15,
          "test_end": "2026-01-06T00:00:00+00:00",
          "test_start": "2025-12-22T00:00:00+00:00"
        },
        {
          "fold_id": 16,
          "mean": 0.0002387825873819332,
          "n": 3,
          "test_end": "2026-01-21T00:00:00+00:00",
          "test_start": "2026-01-06T00:00:00+00:00"
        },
        {
          "fold_id": 17,
          "mean": 0.0,
          "n": 0,
          "test_end": "2026-02-05T00:00:00+00:00",
          "test_start": "2026-01-21T00:00:00+00:00"
        },
        {
          "fold_id": 18,
          "mean": 0.0009963781304879078,
          "n": 10,
          "test_end": "2026-02-20T00:00:00+00:00",
          "test_start": "2026-02-05T00:00:00+00:00"
        }
      ],
      "positive_folds": {
        "count": 10,
        "pct": 55.55555555555556,
        "total": 18
      },
      "split": {
        "step_days": 15,
        "test_days": 15,
        "train_days": 60
      }
    },
    "bps8": {
      "aggregate": {
        "mean": 0.0007963967592948715,
        "mean_ci_high": 0.0015489036382680989,
        "mean_ci_low": 8.04384412172712e-05,
        "n": 84,
        "p_mean_gt_0": 0.9873333333333333
      },
      "folds": [
        {
          "fold_id": 1,
          "mean": 0.0006614331749092656,
          "n": 8,
          "test_end": "2025-06-10T00:00:00+00:00",
          "test_start": "2025-05-26T00:00:00+00:00"
        },
        {
          "fold_id": 2,
          "mean": 0.0,
          "n": 0,
          "test_end": "2025-06-25T00:00:00+00:00",
          "test_start": "2025-06-10T00:00:00+00:00"
        },
        {
          "fold_id": 3,
          "mean": -0.0009887505135566291,
          "n": 8,
          "test_end": "2025-07-10T00:00:00+00:00",
          "test_start": "2025-06-25T00:00:00+00:00"
        },
        {
          "fold_id": 4,
          "mean": 0.007214290134743529,
          "n": 1,
          "test_end": "2025-07-25T00:00:00+00:00",