{
  "baseline": {
    "bps10": {
      "mean": 0.0005619121296454892,
      "mean_ci_high": 0.0012145850060376673,
      "mean_ci_low": -7.278715507809771e-05,
      "n": 104,
      "p_mean_gt_0": 0.9583333333333334,
      "std": 0.0033624751616334143,
      "win_rate": 0.46153846153846156
    },
    "bps8": {
      "mean": 0.0007619121296454896,
      "mean_ci_high": 0.0014145850060376679,
      "mean_ci_low": 0.00012721284492190233,
      "n": 104,
      "p_mean_gt_0": 0.9906666666666667,
      "std": 0.0033624751616334143,
      "win_rate": 0.4807692307692308
    },
    "gross": {
      "mean": 0.0015619121296454896,
      "mean_ci_high": 0.0022145850060376676,
      "mean_ci_low": 0.0009272128449219024,
      "n": 104,
      "p_mean_gt_0": 1.0,
      "std": 0.0033624751616334143,
      "win_rate": 0.6730769230769231
    }
  },
  "config": {
    "bootstrap_iters": 3000,
    "cost_mode": "all",
    "days": 365,
    "horizon": 8,
    "timeframe": "5m",
    "wf": {
      "step_days": 15,
      "test_days": 15,
      "train_days": 60
    }
  },
  "diagnostics_by_mode": {
    "bps10": {
      "mae_proxy_median": null,
      "median_hold_return": -0.0003841402430079235,
      "return_histogram_bins": [
        "(-inf,-1%)",
        "[-1%,-0.5%)",
        "[-0.5%,-0.2%)",
        "[-0.2%,0%)",
        "[0%,0.2%)",
        "[0.2%,0.5%)",
        "[0.5%,1%)",
        "[1%,inf)"
      ],
      "return_histogram_counts": [
        0,
        1,
        16,
        39,
        24,
        14,
        7,
        3
      ],
      "top10_pct_pnl_contribution": 1.54989472437039,
      "trades_per_day": 0.3119220194951262
    },
    "bps8": {
      "mae_proxy_median": null,
      "median_hold_return": -0.00018414024300792353,
      "return_histogram_bins": [
        "(-inf,-1%)",
        "[-1%,-0.5%)",
        "[-0.5%,-0.2%)",
        "[-0.2%,0%)",
        "[0%,0.2%)",
        "[0.2%,0.5%)",
        "[0.5%,1%)",
        "[1%,inf)"
      ],
      "return_histogram_counts": [
        0,
        1,
        13,
        40,
        26,
        14,
        7,
        3
      ],
      "top10_pct_pnl_contribution": 1.170815448057228,
      "trades_per_day": 0.3119220194951262
    },
    "gross": {
      "mae_proxy_median": null,
      "median_hold_return": 0.0006158597569920765,
      "return_histogram_bins": [
        "(-inf,-1%)",
        "[-1%,-0.5%)",
        "[-0.5%,-0.2%)",
        "[-0.2%,0%)",
        "[0%,0.2%)",
        "[0.2%,0.5%)",
        "[0.5%,1%)",
        "[1%,inf)"
      ],
      "return_histogram_counts": [
        0,
        0,
        6,
        27,
        36,
        24,
        8,
        3
      ],
      "top10_pct_pnl_contribution": 0.62530654415763,
      "trades_per_day": 0.3119220194951262
    }
  },
  "family": "oi_liq",
  "hypothesis_id": "H182",
  "timestamp_utc": "2026-02-24T01:41:13+00:00",
  "wf_by_mode": {
    "bps10": {
      "aggregate": {
        "mean": 0.0003102767718040538,
        "mean_ci_high": 0.001159529212341377,
        "mean_ci_low": -0.00042537172912506075,
        "n": 65,
        "p_mean_gt_0": 0.7833333333333333
      },
      "folds": [
        {
          "fold_id": 1,
          "mean": 0.0007163687406214877,
          "n": 5,
          "test_end": "2025-06-09T00:00:00+00:00",
          "test_start": "2025-05-25T00:00:00+00:00"
        },
        {
          "fold_id": 2,
          "mean": 0.0,
          "n": 0,
          "test_end": "2025-06-24T00:00:00+00:00",
          "test_start": "2025-06-09T00:00:00+00:00"
        },
        {
          "fold_id": 3,
          "mean": -0.0008551473981571181,
          "n": 4,
          "test_end": "2025-07-09T00:00:00+00:00",
          "test_start": "2025-06-24T00:00:00+00:00"
        },
        {
          "fold_id": 4,
          "mean": -0.0010378557359058673,
          "n": 2,
          "test_end": "2025-07-24T00:00:00+00:00",
          "test_start": "2025-07-09T00:00:00+00:00"
        },
        {
          "fold_id": 5,
          "mean": -0.00026429096694457945,
          "n": 1,
          "test_end": "2025-08-08T00:00:00+00:00",
          "test_start": "2025-07-24T00:00:00+00:00"
        },
        {
          "fold_id": 6,
          "mean": 0.007839354241489516,
          "n": 2,
          "test_end": "2025-08-23T00:00:00+00:00",
          "test_start": "2025-08-08T00:00:00+00:00"
        },
        {
          "fold_id": 7,
          "mean": -0.000694825978320656,
          "n": 6,
          "test_end": "2025-09-07T00:00:00+00:00",
          "test_start": "2025-08-23T00:00:00+00:00"
        },
        {
          "fold_id": 8,
          "mean": -0.000564650207213079,
          "n": 1,
          "test_end": "2025-09-22T00:00:00+00:00",
          "test_start": "2025-09-07T00:00:00+00:00"
        },
        {
          "fold_id": 9,
          "mean": -0.00035572952489689266,
          "n": 9,
          "test_end": "2025-10-07T00:00:00+00:00",
          "test_start": "2025-09-22T00:00:00+00:00"
        },
        {
          "fold_id": 10,
          "mean": 0.0,
          "n": 0,
          "test_end": "2025-10-22T00:00:00+00:00",
          "test_start": "2025-10-07T00:00:00+00:00"
        },
        {
          "fold_id": 11,
          "mean": 0.0,
          "n": 0,
          "test_end": "2025-11-06T00:00:00+00:00",
          "test_start": "2025-10-22T00:00:00+00:00"
        },
        {
          "fold_id": 12,
          "mean": 0.0003650817046566982,
          "n": 8,
          "test_end": "2025-11-21T00:00:00+00:00",
          "test_start": "2025-11-06T00:00:00+00:00"
        },
        {
          "fold_id": 13,
          "mean": 0.0033695997112780382,
          "n": 1,
          "test_end": "2025-12-06T00:00:00+00:00",
          "test_start": "2025-11-21T00:00:00+00:00"
        },
        {
          "fold_id": 14,
          "mean": -0.0009565333031542047,
          "n": 2,
          "test_end": "2025-12-21T00:00:00+00:00",
          "test_start": "2025-12-06T00:00:00+00:00"
        },
        {
          "fold_id": 15,
          "mean": -0.0005367697017815929,
          "n": 14,
          "test_end": "2026-01-05T00:00:00+00:00",
          "test_start": "2025-12-21T00:00:00+00:00"
        },
        {
          "fold_id": 16,
          "mean": -0.0008934534988298539,
          "n": 2,
          "test_end": "2026-01-20T00:00:00+00:00",
          "test_start": "2026-01-05T00:00:00+00:00"
        },
        {
          "fold_id": 17,
          "mean": 0.0,
          "n": 0,
          "test_end": "2026-02-04T00:00:00+00:00",
          "test_start": "2026-01-20T00:00:00+00:00"
        },
        {
          "fold_id": 18,
          "mean": 0.002440962236768707,
          "n": 8,
          "test_end": "2026-02-19T00:00:00+00:00",
          "test_start": "2026-02-04T00:00:00+00:00"
        }
      ],
      "positive_folds": {
        "count": 5,
        "pct": 27.77777777777778,
        "total": 18
      },
      "split": {
        "step_days": 15,
        "test_days": 15,
        "train_days": 60
      }
    },
    "bps8": {
      "aggregate": {
        "mean": 0.0005102767718040538,
        "mean_ci_high": 0.0013595292123413773,
        "mean_ci_low": -0.0002253717291250606,
        "n": 65,
        "p_mean_gt_0": 0.913
      },
      "folds": [
        {
          "fold_id": 1,
          "mean": 0.0009163687406214878,
          "n": 5,
          "test_end": "2025-06-09T00:00:00+00:00",
          "test_start": "2025-05-25T00:00:00+00:00"
        },
        {
          "fold_id": 2,
          "mean": 0.0,
          "n": 0,
          "test_end": "2025-06-24T00:00:00+00:00",
          "test_start": "2025-06-09T00:00:00+00:00"
        },
        {
          "fold_id": 3,
          "mean": -0.000655147398157118,
          "n": 4,
          "test_end": "2025-07-09T00:00:00+00:00",
          "test_start": "2025-06-24T00:00:00+00:00"
        },
        {
          "fold_id": 4,
          "mean": -0.0008378557359058673,
          "n": 2,