{
  "baseline": {
    "bps10": {
      "mean": 0.00048713480331366425,
      "mean_ci_high": 0.0009857369240044687,
      "mean_ci_low": 3.111835008273687e-05,
      "n": 217,
      "p_mean_gt_0": 0.9823333333333333,
      "std": 0.003515975978026066,
      "win_rate": 0.4838709677419355
    },
    "bps8": {
      "mean": 0.0006871348033136643,
      "mean_ci_high": 0.0011857369240044692,
      "mean_ci_low": 0.00023111835008273696,
      "n": 217,
      "p_mean_gt_0": 0.9986666666666667,
      "std": 0.003515975978026066,
      "win_rate": 0.5253456221198156
    },
    "gross": {
      "mean": 0.0014871348033136645,
      "mean_ci_high": 0.0019857369240044694,
      "mean_ci_low": 0.001031118350082737,
      "n": 217,
      "p_mean_gt_0": 1.0,
      "std": 0.003515975978026066,
      "win_rate": 0.7004608294930875
    }
  },
  "config": {
    "bootstrap_iters": 3000,
    "cost_mode": "all",
    "days": 365,
    "horizon": 8,
    "timeframe": "5m",
    "wf": {
      "step_days": 15,
      "test_days": 15,
      "train_days": 60
    }
  },
  "diagnostics_by_mode": {
    "bps10": {
      "mae_proxy_median": -0.000525782186946433,
      "median_hold_return": -6.519153795603218e-05,
      "return_histogram_bins": [
        "(-inf,-1%)",
        "[-1%,-0.5%)",
        "[-0.5%,-0.2%)",
        "[-0.2%,0%)",
        "[0%,0.2%)",
        "[0.2%,0.5%)",
        "[0.5%,1%)",
        "[1%,inf)"
      ],
      "return_histogram_counts": [
        1,
        3,
        30,
        78,
        52,
        35,
        14,
        4
      ],
      "top10_pct_pnl_contribution": 1.6596359947083357,
      "trades_per_day": 0.6508372906773306
    },
    "bps8": {
      "mae_proxy_median": -0.000525782186946433,
      "median_hold_return": 0.0001348084620439678,
      "return_histogram_bins": [
        "(-inf,-1%)",
        "[-1%,-0.5%)",
        "[-0.5%,-0.2%)",
        "[-0.2%,0%)",
        "[0%,0.2%)",
        "[0.2%,0.5%)",
        "[0.5%,1%)",
        "[1%,inf)"
      ],
      "return_histogram_counts": [
        1,
        3,
        25,
        74,
        59,
        36,
        15,
        4
      ],
      "top10_pct_pnl_contribution": 1.206084959681586,
      "trades_per_day": 0.6508372906773306
    },
    "gross": {
      "mae_proxy_median": -0.000525782186946433,
      "median_hold_return": 0.0009348084620439678,
      "return_histogram_bins": [
        "(-inf,-1%)",
        "[-1%,-0.5%)",
        "[-0.5%,-0.2%)",
        "[-0.2%,0%)",
        "[0%,0.2%)",
        "[0.2%,0.5%)",
        "[0.5%,1%)",
        "[1%,inf)"
      ],
      "return_histogram_counts": [
        1,
        3,
        11,
        50,
        89,
        39,
        20,
        4
      ],
      "top10_pct_pnl_contribution": 0.6118133610392555,
      "trades_per_day": 0.6508372906773306
    }
  },
  "family": "oi_liq",
  "hypothesis_id": "H183",
  "timestamp_utc": "2026-02-24T01:41:26+00:00",
  "wf_by_mode": {
    "bps10": {
      "aggregate": {
        "mean": 0.00030696971176882637,
        "mean_ci_high": 0.0008994456814689195,
        "mean_ci_low": -0.0002557577514215525,
        "n": 147,
        "p_mean_gt_0": 0.852
      },
      "folds": [
        {
          "fold_id": 1,
          "mean": -0.000648672361533236,
          "n": 12,
          "test_end": "2025-06-09T00:00:00+00:00",
          "test_start": "2025-05-25T00:00:00+00:00"
        },
        {
          "fold_id": 2,
          "mean": 0.003851133300791899,
          "n": 1,
          "test_end": "2025-06-24T00:00:00+00:00",
          "test_start": "2025-06-09T00:00:00+00:00"
        },
        {
          "fold_id": 3,
          "mean": -0.000810650626688863,
          "n": 12,
          "test_end": "2025-07-09T00:00:00+00:00",
          "test_start": "2025-06-24T00:00:00+00:00"
        },
        {
          "fold_id": 4,
          "mean": -0.0008804288290886374,
          "n": 3,
          "test_end": "2025-07-24T00:00:00+00:00",
          "test_start": "2025-07-09T00:00:00+00:00"
        },
        {
          "fold_id": 5,
          "mean": 0.00018567259257771707,
          "n": 6,
          "test_end": "2025-08-08T00:00:00+00:00",
          "test_start": "2025-07-24T00:00:00+00:00"
        },
        {
          "fold_id": 6,
          "mean": 0.005370601478482229,
          "n": 2,
          "test_end": "2025-08-23T00:00:00+00:00",
          "test_start": "2025-08-08T00:00:00+00:00"
        },
        {
          "fold_id": 7,
          "mean": -0.00029505132839598554,
          "n": 9,
          "test_end": "2025-09-07T00:00:00+00:00",
          "test_start": "2025-08-23T00:00:00+00:00"
        },
        {
          "fold_id": 8,
          "mean": 0.0023672090848039793,
          "n": 2,
          "test_end": "2025-09-22T00:00:00+00:00",
          "test_start": "2025-09-07T00:00:00+00:00"
        },
        {
          "fold_id": 9,
          "mean": 0.0008154182928162286,
          "n": 16,
          "test_end": "2025-10-07T00:00:00+00:00",
          "test_start": "2025-09-22T00:00:00+00:00"
        },
        {
          "fold_id": 10,
          "mean": 0.0,
          "n": 0,
          "test_end": "2025-10-22T00:00:00+00:00",
          "test_start": "2025-10-07T00:00:00+00:00"
        },
        {
          "fold_id": 11,
          "mean": 0.0,
          "n": 0,
          "test_end": "2025-11-06T00:00:00+00:00",
          "test_start": "2025-10-22T00:00:00+00:00"
        },
        {
          "fold_id": 12,
          "mean": 0.00031899087645009653,
          "n": 23,
          "test_end": "2025-11-21T00:00:00+00:00",
          "test_start": "2025-11-06T00:00:00+00:00"
        },
        {
          "fold_id": 13,
          "mean": 0.0023744199081314763,
          "n": 1,
          "test_end": "2025-12-06T00:00:00+00:00",
          "test_start": "2025-11-21T00:00:00+00:00"
        },
        {
          "fold_id": 14,
          "mean": 0.0032343112624098804,
          "n": 6,
          "test_end": "2025-12-21T00:00:00+00:00",
          "test_start": "2025-12-06T00:00:00+00:00"
        },
        {
          "fold_id": 15,
          "mean": -0.000263186142744664,
          "n": 31,
          "test_end": "2026-01-05T00:00:00+00:00",
          "test_start": "2025-12-21T00:00:00+00:00"
        },
        {
          "fold_id": 16,
          "mean": -0.0008369462430969515,
          "n": 7,
          "test_end": "2026-01-20T00:00:00+00:00",
          "test_start": "2026-01-05T00:00:00+00:00"
        },
        {
          "fold_id": 17,
          "mean": 0.0,
          "n": 0,
          "test_end": "2026-02-04T00:00:00+00:00",
          "test_start": "2026-01-20T00:00:00+00:00"
        },
        {
          "fold_id": 18,
          "mean": 0.0012091253593401541,
          "n": 16,
          "test_end": "2026-02-19T00:00:00+00:00",
          "test_start": "2026-02-04T00:00:00+00:00"
        }
      ],
      "positive_folds": {
        "count": 9,
        "pct": 50.0,
        "total": 18
      },
      "split": {
        "step_days": 15,
        "test_days": 15,
        "train_days": 60
      }
    },
    "bps8": {
      "aggregate": {
        "mean": 0.0005069697117688266,
        "mean_ci_high": 0.00109944568146892,
        "mean_ci_low": -5.575775142155235e-05,
        "n": 147,
        "p_mean_gt_0": 0.9586666666666667
      },
      "folds": [
        {
          "fold_id": 1,
          "mean": -0.0004486723615332359,
          "n": 12,
          "test_end": "2025-06-09T00:00:00+00:00",
          "test_start": "2025-05-25T00:00:00+00:00"
        },
        {
          "fold_id": 2,
          "mean": 0.0040511333007918985,
          "n": 1,
          "test_end": "2025-06-24T00:00:00+00:00",
          "test_start": "2025-06-09T00:00:00+00:00"
        },
        {
          "fold_id": 3,
          "mean": -0.0006106506266888627,
          "n": 12,
          "test_end": "2025-07-09T00:00:00+00:00",
          "test_start": "2025-06-24T00:00:00+00:00"
        },
        {
          "fold_id": 4,