{
  "baseline": {
    "bps10": {
      "mean": 0.0008062579799221512,
      "mean_ci_high": 0.0011333600397712199,
      "mean_ci_low": 0.0004934608614008003,
      "n": 1437,
      "p_mean_gt_0": 1.0,
      "std": 0.006266545155657953,
      "win_rate": 0.535142658315936
    },
    "bps8": {
      "mean": 0.0010062579799221517,
      "mean_ci_high": 0.0013333600397712204,
      "mean_ci_low": 0.0006934608614008006,
      "n": 1437,
      "p_mean_gt_0": 1.0,
      "std": 0.006266545155657953,
      "win_rate": 0.5511482254697286
    },
    "gross": {
      "mean": 0.001806257979922152,
      "mean_ci_high": 0.00213336003977122,
      "mean_ci_low": 0.0014934608614008006,
      "n": 1437,
      "p_mean_gt_0": 1.0,
      "std": 0.006266545155657954,
      "win_rate": 0.6151704940848991
    }
  },
  "config": {
    "bootstrap_iters": 3000,
    "cost_mode": "all",
    "days": 365,
    "horizon": 8,
    "timeframe": "5m",
    "wf": {
      "step_days": 15,
      "test_days": 15,
      "train_days": 60
    }
  },
  "diagnostics_by_mode": {
    "bps10": {
      "mae_proxy_median": -0.0010893815430632614,
      "median_hold_return": 0.00035534214279176,
      "return_histogram_bins": [
        "(-inf,-1%)",
        "[-1%,-0.5%)",
        "[-0.5%,-0.2%)",
        "[-0.2%,0%)",
        "[0%,0.2%)",
        "[0.2%,0.5%)",
        "[0.5%,1%)",
        "[1%,inf)"
      ],
      "return_histogram_counts": [
        38,
        129,
        276,
        225,
        222,
        268,
        180,
        99
      ],
      "top10_pct_pnl_contribution": 1.5995064797807816,
      "trades_per_day": 4.312796998749479
    },
    "bps8": {
      "mae_proxy_median": -0.0010893815430632614,
      "median_hold_return": 0.00055534214279176,
      "return_histogram_bins": [
        "(-inf,-1%)",
        "[-1%,-0.5%)",
        "[-0.5%,-0.2%)",
        "[-0.2%,0%)",
        "[0%,0.2%)",
        "[0.2%,0.5%)",
        "[0.5%,1%)",
        "[1%,inf)"
      ],
      "return_histogram_counts": [
        36,
        125,
        266,
        218,
        228,
        280,
        179,
        105
      ],
      "top10_pct_pnl_contribution": 1.3015117823117384,
      "trades_per_day": 4.312796998749479
    },
    "gross": {
      "mae_proxy_median": -0.0010893815430632614,
      "median_hold_return": 0.00135534214279176,
      "return_histogram_bins": [
        "(-inf,-1%)",
        "[-1%,-0.5%)",
        "[-0.5%,-0.2%)",
        "[-0.2%,0%)",
        "[0%,0.2%)",
        "[0.2%,0.5%)",
        "[0.5%,1%)",
        "[1%,inf)"
      ],
      "return_histogram_counts": [
        34,
        83,
        235,
        201,
        229,
        310,
        223,
        122
      ],
      "top10_pct_pnl_contribution": 0.7694491301777213,
      "trades_per_day": 4.312796998749479
    }
  },
  "family": "oi_liq",
  "hypothesis_id": "H184",
  "timestamp_utc": "2026-02-24T01:41:03+00:00",
  "wf_by_mode": {
    "bps10": {
      "aggregate": {
        "mean": 0.0007867002469430347,
        "mean_ci_high": 0.0011566686859836074,
        "mean_ci_low": 0.0004457348429825647,
        "n": 1187,
        "p_mean_gt_0": 1.0
      },
      "folds": [
        {
          "fold_id": 1,
          "mean": 0.0007162105862198203,
          "n": 78,
          "test_end": "2025-06-09T00:00:00+00:00",
          "test_start": "2025-05-25T00:00:00+00:00"
        },
        {
          "fold_id": 2,
          "mean": 0.0010078088295605678,
          "n": 54,
          "test_end": "2025-06-24T00:00:00+00:00",
          "test_start": "2025-06-09T00:00:00+00:00"
        },
        {
          "fold_id": 3,
          "mean": -0.00024010029066044039,
          "n": 28,
          "test_end": "2025-07-09T00:00:00+00:00",
          "test_start": "2025-06-24T00:00:00+00:00"
        },
        {
          "fold_id": 4,
          "mean": -0.0005953800225413577,
          "n": 82,
          "test_end": "2025-07-24T00:00:00+00:00",
          "test_start": "2025-07-09T00:00:00+00:00"
        },
        {
          "fold_id": 5,
          "mean": -0.00018149924121692906,
          "n": 65,
          "test_end": "2025-08-08T00:00:00+00:00",
          "test_start": "2025-07-24T00:00:00+00:00"
        },
        {
          "fold_id": 6,
          "mean": 0.0005798326036456255,
          "n": 77,
          "test_end": "2025-08-23T00:00:00+00:00",
          "test_start": "2025-08-08T00:00:00+00:00"
        },
        {
          "fold_id": 7,
          "mean": 0.0006894139660169788,
          "n": 64,
          "test_end": "2025-09-07T00:00:00+00:00",
          "test_start": "2025-08-23T00:00:00+00:00"
        },
        {
          "fold_id": 8,
          "mean": -0.0002048699510053896,
          "n": 26,
          "test_end": "2025-09-22T00:00:00+00:00",
          "test_start": "2025-09-07T00:00:00+00:00"
        },
        {
          "fold_id": 9,
          "mean": -0.00016037501685440444,
          "n": 69,
          "test_end": "2025-10-07T00:00:00+00:00",
          "test_start": "2025-09-22T00:00:00+00:00"
        },
        {
          "fold_id": 10,
          "mean": 0.0011814665663432225,
          "n": 119,
          "test_end": "2025-10-22T00:00:00+00:00",
          "test_start": "2025-10-07T00:00:00+00:00"
        },
        {
          "fold_id": 11,
          "mean": 0.0005142391501413994,
          "n": 68,
          "test_end": "2025-11-06T00:00:00+00:00",
          "test_start": "2025-10-22T00:00:00+00:00"
        },
        {
          "fold_id": 12,
          "mean": 0.001738597189979844,
          "n": 91,
          "test_end": "2025-11-21T00:00:00+00:00",
          "test_start": "2025-11-06T00:00:00+00:00"
        },
        {
          "fold_id": 13,
          "mean": 0.0005878075760556358,
          "n": 35,
          "test_end": "2025-12-06T00:00:00+00:00",
          "test_start": "2025-11-21T00:00:00+00:00"
        },
        {
          "fold_id": 14,
          "mean": 0.0031132279466368836,
          "n": 39,
          "test_end": "2025-12-21T00:00:00+00:00",
          "test_start": "2025-12-06T00:00:00+00:00"
        },
        {
          "fold_id": 15,
          "mean": 0.0011441172918576486,
          "n": 37,
          "test_end": "2026-01-05T00:00:00+00:00",
          "test_start": "2025-12-21T00:00:00+00:00"
        },
        {
          "fold_id": 16,
          "mean": -0.00020043979258839217,
          "n": 72,
          "test_end": "2026-01-20T00:00:00+00:00",
          "test_start": "2026-01-05T00:00:00+00:00"
        },
        {
          "fold_id": 17,
          "mean": 0.0013952215908609661,
          "n": 108,
          "test_end": "2026-02-04T00:00:00+00:00",
          "test_start": "2026-01-20T00:00:00+00:00"
        },
        {
          "fold_id": 18,
          "mean": 0.002188566831073075,
          "n": 75,
          "test_end": "2026-02-19T00:00:00+00:00",
          "test_start": "2026-02-04T00:00:00+00:00"
        }
      ],
      "positive_folds": {
        "count": 12,
        "pct": 66.66666666666667,
        "total": 18
      },
      "split": {
        "step_days": 15,
        "test_days": 15,
        "train_days": 60
      }
    },
    "bps8": {
      "aggregate": {
        "mean": 0.000986700246943035,
        "mean_ci_high": 0.0013566686859836077,
        "mean_ci_low": 0.0006457348429825652,
        "n": 1187,
        "p_mean_gt_0": 1.0
      },
      "folds": [
        {
          "fold_id": 1,
          "mean": 0.0009162105862198208,
          "n": 78,
          "test_end": "2025-06-09T00:00:00+00:00",
          "test_start": "2025-05-25T00:00:00+00:00"
        },
        {
          "fold_id": 2,
          "mean": 0.0012078088295605688,
          "n": 54,
          "test_end": "2025-06-24T00:00:00+00:00",
          "test_start": "2025-06-09T00:00:00+00:00"
        },
        {
          "fold_id": 3,
          "mean": -4.010029066044043e-05,
          "n": 28,
          "test_end": "2025-07-09T00:00:00+00:00",