{
  "baseline": {
    "bps10": {
      "mean": 0.0003720305680417914,
      "mean_ci_high": 0.0006744462196767012,
      "mean_ci_low": 5.9896294310369855e-05,
      "n": 1474,
      "p_mean_gt_0": 0.9893333333333333,
      "std": 0.005926225628932276,
      "win_rate": 0.5379918588873813
    },
    "bps8": {
      "mean": 0.0005720305680417916,
      "mean_ci_high": 0.0008744462196767015,
      "mean_ci_low": 0.00025989629431037015,
      "n": 1474,
      "p_mean_gt_0": 0.9993333333333333,
      "std": 0.005926225628932276,
      "win_rate": 0.5603799185888738
    },
    "gross": {
      "mean": 0.0013720305680417918,
      "mean_ci_high": 0.0016744462196767015,
      "mean_ci_low": 0.0010598962943103704,
      "n": 1474,
      "p_mean_gt_0": 1.0,
      "std": 0.005926225628932276,
      "win_rate": 0.6336499321573948
    }
  },
  "config": {
    "bootstrap_iters": 3000,
    "cost_mode": "all",
    "days": 365,
    "horizon": 8,
    "timeframe": "5m",
    "wf": {
      "step_days": 15,
      "test_days": 15,
      "train_days": 60
    }
  },
  "diagnostics_by_mode": {
    "bps10": {
      "mae_proxy_median": -0.000946694100348977,
      "median_hold_return": 0.00045185348584531135,
      "return_histogram_bins": [
        "(-inf,-1%)",
        "[-1%,-0.5%)",
        "[-0.5%,-0.2%)",
        "[-0.2%,0%)",
        "[0%,0.2%)",
        "[0.2%,0.5%)",
        "[0.5%,1%)",
        "[1%,inf)"
      ],
      "return_histogram_counts": [
        56,
        112,
        242,
        271,
        271,
        292,
        160,
        70
      ],
      "top10_pct_pnl_contribution": 2.87398072469654,
      "trades_per_day": 4.435491285994901
    },
    "bps8": {
      "mae_proxy_median": -0.000946694100348977,
      "median_hold_return": 0.0006518534858453113,
      "return_histogram_bins": [
        "(-inf,-1%)",
        "[-1%,-0.5%)",
        "[-0.5%,-0.2%)",
        "[-0.2%,0%)",
        "[0%,0.2%)",
        "[0.2%,0.5%)",
        "[0.5%,1%)",
        "[1%,inf)"
      ],
      "return_histogram_counts": [
        55,
        104,
        229,
        260,
        276,
        305,
        175,
        70
      ],
      "top10_pct_pnl_contribution": 1.9042515444674957,
      "trades_per_day": 4.435491285994901
    },
    "gross": {
      "mae_proxy_median": -0.000946694100348977,
      "median_hold_return": 0.0014518534858453114,
      "return_histogram_bins": [
        "(-inf,-1%)",
        "[-1%,-0.5%)",
        "[-0.5%,-0.2%)",
        "[-0.2%,0%)",
        "[0%,0.2%)",
        "[0.2%,0.5%)",
        "[0.5%,1%)",
        "[1%,inf)"
      ],
      "return_histogram_counts": [
        50,
        76,
        181,
        233,
        278,
        354,
        225,
        77
      ],
      "top10_pct_pnl_contribution": 0.8524706113875178,
      "trades_per_day": 4.435491285994901
    }
  },
  "family": "oi_liq",
  "hypothesis_id": "H185",
  "timestamp_utc": "2026-02-24T01:41:15+00:00",
  "wf_by_mode": {
    "bps10": {
      "aggregate": {
        "mean": 0.00027329890707237814,
        "mean_ci_high": 0.0005964275492360749,
        "mean_ci_low": -7.233336042248217e-05,
        "n": 1194,
        "p_mean_gt_0": 0.9406666666666667
      },
      "folds": [
        {
          "fold_id": 1,
          "mean": 3.419887930172859e-05,
          "n": 44,
          "test_end": "2025-06-09T00:00:00+00:00",
          "test_start": "2025-05-25T00:00:00+00:00"
        },
        {
          "fold_id": 2,
          "mean": -0.00010349382204407226,
          "n": 79,
          "test_end": "2025-06-24T00:00:00+00:00",
          "test_start": "2025-06-09T00:00:00+00:00"
        },
        {
          "fold_id": 3,
          "mean": 0.00010753934252315948,
          "n": 44,
          "test_end": "2025-07-09T00:00:00+00:00",
          "test_start": "2025-06-24T00:00:00+00:00"
        },
        {
          "fold_id": 4,
          "mean": 0.0010240341515018265,
          "n": 63,
          "test_end": "2025-07-24T00:00:00+00:00",
          "test_start": "2025-07-09T00:00:00+00:00"
        },
        {
          "fold_id": 5,
          "mean": 0.0002687749413002133,
          "n": 58,
          "test_end": "2025-08-08T00:00:00+00:00",
          "test_start": "2025-07-24T00:00:00+00:00"
        },
        {
          "fold_id": 6,
          "mean": 0.0003859063643450176,
          "n": 66,
          "test_end": "2025-08-23T00:00:00+00:00",
          "test_start": "2025-08-08T00:00:00+00:00"
        },
        {
          "fold_id": 7,
          "mean": -0.00030559709395700646,
          "n": 67,
          "test_end": "2025-09-07T00:00:00+00:00",
          "test_start": "2025-08-23T00:00:00+00:00"
        },
        {
          "fold_id": 8,
          "mean": 0.000321923019131998,
          "n": 46,
          "test_end": "2025-09-22T00:00:00+00:00",
          "test_start": "2025-09-07T00:00:00+00:00"
        },
        {
          "fold_id": 9,
          "mean": 0.0005172786237796159,
          "n": 96,
          "test_end": "2025-10-07T00:00:00+00:00",
          "test_start": "2025-09-22T00:00:00+00:00"
        },
        {
          "fold_id": 10,
          "mean": 0.0009278166854493372,
          "n": 63,
          "test_end": "2025-10-22T00:00:00+00:00",
          "test_start": "2025-10-07T00:00:00+00:00"
        },
        {
          "fold_id": 11,
          "mean": 0.00031506667048216314,
          "n": 62,
          "test_end": "2025-11-06T00:00:00+00:00",
          "test_start": "2025-10-22T00:00:00+00:00"
        },
        {
          "fold_id": 12,
          "mean": 0.0005391902079423641,
          "n": 71,
          "test_end": "2025-11-21T00:00:00+00:00",
          "test_start": "2025-11-06T00:00:00+00:00"
        },
        {
          "fold_id": 13,
          "mean": 0.00046755716570112124,
          "n": 96,
          "test_end": "2025-12-06T00:00:00+00:00",
          "test_start": "2025-11-21T00:00:00+00:00"
        },
        {
          "fold_id": 14,
          "mean": 0.00026145480939762444,
          "n": 48,
          "test_end": "2025-12-21T00:00:00+00:00",
          "test_start": "2025-12-06T00:00:00+00:00"
        },
        {
          "fold_id": 15,
          "mean": 0.000294267885228975,
          "n": 48,
          "test_end": "2026-01-05T00:00:00+00:00",
          "test_start": "2025-12-21T00:00:00+00:00"
        },
        {
          "fold_id": 16,
          "mean": 0.0008252821308918738,
          "n": 65,
          "test_end": "2026-01-20T00:00:00+00:00",
          "test_start": "2026-01-05T00:00:00+00:00"
        },
        {
          "fold_id": 17,
          "mean": -0.0007152124534666154,
          "n": 87,
          "test_end": "2026-02-04T00:00:00+00:00",
          "test_start": "2026-01-20T00:00:00+00:00"
        },
        {
          "fold_id": 18,
          "mean": -6.107870899548998e-06,
          "n": 91,
          "test_end": "2026-02-19T00:00:00+00:00",
          "test_start": "2026-02-04T00:00:00+00:00"
        }
      ],
      "positive_folds": {
        "count": 14,
        "pct": 77.77777777777777,
        "total": 18
      },
      "split": {
        "step_days": 15,
        "test_days": 15,
        "train_days": 60
      }
    },
    "bps8": {
      "aggregate": {
        "mean": 0.0004732989070723785,
        "mean_ci_high": 0.0007964275492360751,
        "mean_ci_low": 0.00012766663957751814,
        "n": 1194,
        "p_mean_gt_0": 0.997
      },
      "folds": [
        {
          "fold_id": 1,
          "mean": 0.00023419887930172854,
          "n": 44,
          "test_end": "2025-06-09T00:00:00+00:00",
          "test_start": "2025-05-25T00:00:00+00:00"
        },
        {
          "fold_id": 2,
          "mean": 9.650617795592777e-05,
          "n": 79,
          "test_end": "2025-06-24T00:00:00+00:00",
          "test_start": "2025-06-09T00:00:00+00:00"
        },
        {
          "fold_id": 3,
          "mean": 0.00030753934252315964,
          "n": 44,
          "test_end": "2025-07-09T00:00:00+00:00",