{
  "baseline": {
    "bps10": {
      "mean": 0.002134681829088798,
      "mean_ci_high": 0.0028505269839616465,
      "mean_ci_low": 0.0014192838164681658,
      "n": 166,
      "p_mean_gt_0": 1.0,
      "std": 0.004751701022622333,
      "win_rate": 0.6807228915662651
    },
    "bps8": {
      "mean": 0.0023346818290887984,
      "mean_ci_high": 0.0030505269839616466,
      "mean_ci_low": 0.001619283816468166,
      "n": 166,
      "p_mean_gt_0": 1.0,
      "std": 0.004751701022622333,
      "win_rate": 0.7048192771084337
    },
    "gross": {
      "mean": 0.0031346818290887983,
      "mean_ci_high": 0.0038505269839616474,
      "mean_ci_low": 0.0024192838164681656,
      "n": 166,
      "p_mean_gt_0": 1.0,
      "std": 0.004751701022622333,
      "win_rate": 0.7951807228915663
    }
  },
  "config": {
    "bootstrap_iters": 3000,
    "cost_mode": "all",
    "days": 365,
    "horizon": 8,
    "timeframe": "5m",
    "wf": {
      "step_days": 15,
      "test_days": 15,
      "train_days": 60
    }
  },
  "diagnostics_by_mode": {
    "bps10": {
      "mae_proxy_median": -0.0007360551806530058,
      "median_hold_return": 0.0019176912100002394,
      "return_histogram_bins": [
        "(-inf,-1%)",
        "[-1%,-0.5%)",
        "[-0.5%,-0.2%)",
        "[-0.2%,0%)",
        "[0%,0.2%)",
        "[0.2%,0.5%)",
        "[0.5%,1%)",
        "[1%,inf)"
      ],
      "return_histogram_counts": [
        1,
        5,
        18,
        29,
        31,
        46,
        27,
        9
      ],
      "top10_pct_pnl_contribution": 0.546443696519064,
      "trades_per_day": 0.5053272450532724
    },
    "bps8": {
      "mae_proxy_median": -0.0007360551806530058,
      "median_hold_return": 0.0021176912100002395,
      "return_histogram_bins": [
        "(-inf,-1%)",
        "[-1%,-0.5%)",
        "[-0.5%,-0.2%)",
        "[-0.2%,0%)",
        "[0%,0.2%)",
        "[0.2%,0.5%)",
        "[0.5%,1%)",
        "[1%,inf)"
      ],
      "return_histogram_counts": [
        1,
        5,
        17,
        26,
        32,
        48,
        27,
        10
      ],
      "top10_pct_pnl_contribution": 0.5084056176311883,
      "trades_per_day": 0.5053272450532724
    },
    "gross": {
      "mae_proxy_median": -0.0007360551806530058,
      "median_hold_return": 0.0029176912100002395,
      "return_histogram_bins": [
        "(-inf,-1%)",
        "[-1%,-0.5%)",
        "[-0.5%,-0.2%)",
        "[-0.2%,0%)",
        "[0%,0.2%)",
        "[0.2%,0.5%)",
        "[0.5%,1%)",
        "[1%,inf)"
      ],
      "return_histogram_counts": [
        1,
        4,
        11,
        18,
        34,
        53,
        32,
        13
      ],
      "top10_pct_pnl_contribution": 0.4047916622218795,
      "trades_per_day": 0.5053272450532724
    }
  },
  "family": "oi_liq",
  "hypothesis_id": "H186",
  "timestamp_utc": "2026-02-24T01:41:27+00:00",
  "wf_by_mode": {
    "bps10": {
      "aggregate": {
        "mean": 0.0018861919851564065,
        "mean_ci_high": 0.002638829319579138,
        "mean_ci_low": 0.0011471986965039679,
        "n": 126,
        "p_mean_gt_0": 1.0
      },
      "folds": [
        {
          "fold_id": 1,
          "mean": 0.001492816019695513,
          "n": 12,
          "test_end": "2025-06-09T00:00:00+00:00",
          "test_start": "2025-05-25T00:00:00+00:00"
        },
        {
          "fold_id": 2,
          "mean": 0.0038103160872696566,
          "n": 7,
          "test_end": "2025-06-24T00:00:00+00:00",
          "test_start": "2025-06-09T00:00:00+00:00"
        },
        {
          "fold_id": 3,
          "mean": 0.00034058200885833754,
          "n": 3,
          "test_end": "2025-07-09T00:00:00+00:00",
          "test_start": "2025-06-24T00:00:00+00:00"
        },
        {
          "fold_id": 4,
          "mean": -0.0005020400769585471,
          "n": 7,
          "test_end": "2025-07-24T00:00:00+00:00",
          "test_start": "2025-07-09T00:00:00+00:00"
        },
        {
          "fold_id": 5,
          "mean": 0.0009765064962680712,
          "n": 8,
          "test_end": "2025-08-08T00:00:00+00:00",
          "test_start": "2025-07-24T00:00:00+00:00"
        },
        {
          "fold_id": 6,
          "mean": 0.0026861732025565597,
          "n": 9,
          "test_end": "2025-08-23T00:00:00+00:00",
          "test_start": "2025-08-08T00:00:00+00:00"
        },
        {
          "fold_id": 7,
          "mean": 0.0009337116070692802,
          "n": 7,
          "test_end": "2025-09-07T00:00:00+00:00",
          "test_start": "2025-08-23T00:00:00+00:00"
        },
        {
          "fold_id": 8,
          "mean": 0.0008597033184743402,
          "n": 7,
          "test_end": "2025-09-22T00:00:00+00:00",
          "test_start": "2025-09-07T00:00:00+00:00"
        },
        {
          "fold_id": 9,
          "mean": 0.001007533918742782,
          "n": 4,
          "test_end": "2025-10-07T00:00:00+00:00",
          "test_start": "2025-09-22T00:00:00+00:00"
        },
        {
          "fold_id": 10,
          "mean": 0.004409685290367532,
          "n": 8,
          "test_end": "2025-10-22T00:00:00+00:00",
          "test_start": "2025-10-07T00:00:00+00:00"
        },
        {
          "fold_id": 11,
          "mean": 0.0027151716041514838,
          "n": 7,
          "test_end": "2025-11-06T00:00:00+00:00",
          "test_start": "2025-10-22T00:00:00+00:00"
        },
        {
          "fold_id": 12,
          "mean": -0.00037539610318831223,
          "n": 9,
          "test_end": "2025-11-21T00:00:00+00:00",
          "test_start": "2025-11-06T00:00:00+00:00"
        },
        {
          "fold_id": 13,
          "mean": 0.0017376995209581355,
          "n": 9,
          "test_end": "2025-12-06T00:00:00+00:00",
          "test_start": "2025-11-21T00:00:00+00:00"
        },
        {
          "fold_id": 14,
          "mean": 0.0051663456324385505,
          "n": 9,
          "test_end": "2025-12-21T00:00:00+00:00",
          "test_start": "2025-12-06T00:00:00+00:00"
        },
        {
          "fold_id": 15,
          "mean": 0.0014181633663550102,
          "n": 11,
          "test_end": "2026-01-05T00:00:00+00:00",
          "test_start": "2025-12-21T00:00:00+00:00"
        },
        {
          "fold_id": 16,
          "mean": 0.002705060186350935,
          "n": 6,
          "test_end": "2026-01-20T00:00:00+00:00",
          "test_start": "2026-01-05T00:00:00+00:00"
        },
        {
          "fold_id": 17,
          "mean": 0.0007077952319305053,
          "n": 3,
          "test_end": "2026-02-04T00:00:00+00:00",
          "test_start": "2026-01-20T00:00:00+00:00"
        }
      ],
      "positive_folds": {
        "count": 15,
        "pct": 88.23529411764706,
        "total": 17
      },
      "split": {
        "step_days": 15,
        "test_days": 15,
        "train_days": 60
      }
    },
    "bps8": {
      "aggregate": {
        "mean": 0.002086191985156407,
        "mean_ci_high": 0.0028388293195791368,
        "mean_ci_low": 0.0013471986965039688,
        "n": 126,
        "p_mean_gt_0": 1.0
      },
      "folds": [
        {
          "fold_id": 1,
          "mean": 0.0016928160196955134,
          "n": 12,
          "test_end": "2025-06-09T00:00:00+00:00",
          "test_start": "2025-05-25T00:00:00+00:00"
        },
        {
          "fold_id": 2,
          "mean": 0.004010316087269657,
          "n": 7,
          "test_end": "2025-06-24T00:00:00+00:00",
          "test_start": "2025-06-09T00:00:00+00:00"
        },
        {
          "fold_id": 3,
          "mean": 0.0005405820088583376,
          "n": 3,
          "test_end": "2025-07-09T00:00:00+00:00",
          "test_start": "2025-06-24T00:00:00+00:00"
        },
        {
          "fold_id": 4,
          "mean": -0.00030204007695854707,
          "n": 7,
          "test_end": "2025-07-24T00:00:00+00:00",
          "test_start": "2025-07-09T00:00:00+00:00"
        },
        {
          "fold_id": 5,