{
  "baseline": {
    "bps10": {
      "mean": 0.00023809682041094733,
      "mean_ci_high": 0.00044703263372823914,
      "mean_ci_low": 1.9173794477781412e-05,
      "n": 2641,
      "p_mean_gt_0": 0.983,
      "std": 0.0055749486082473515,
      "win_rate": 0.5092767890950397
    },
    "bps8": {
      "mean": 0.00043809682041094763,
      "mean_ci_high": 0.0006470326337282393,
      "mean_ci_low": 0.00021917379447778174,
      "n": 2641,
      "p_mean_gt_0": 1.0,
      "std": 0.0055749486082473515,
      "win_rate": 0.5297235895494131
    },
    "gross": {
      "mean": 0.0012380968204109479,
      "mean_ci_high": 0.0014470326337282394,
      "mean_ci_low": 0.0010191737944777817,
      "n": 2641,
      "p_mean_gt_0": 1.0,
      "std": 0.0055749486082473515,
      "win_rate": 0.6069670579326013
    }
  },
  "config": {
    "bootstrap_iters": 3000,
    "cost_mode": "all",
    "days": 365,
    "horizon": 8,
    "timeframe": "5m",
    "wf": {
      "step_days": 15,
      "test_days": 15,
      "train_days": 60
    }
  },
  "diagnostics_by_mode": {
    "bps10": {
      "mae_proxy_median": -0.0010787652448585039,
      "median_hold_return": 7.443445038279959e-05,
      "return_histogram_bins": [
        "(-inf,-1%)",
        "[-1%,-0.5%)",
        "[-0.5%,-0.2%)",
        "[-0.2%,0%)",
        "[0%,0.2%)",
        "[0.2%,0.5%)",
        "[0.5%,1%)",
        "[1%,inf)"
      ],
      "return_histogram_counts": [
        75,
        221,
        477,
        523,
        524,
        483,
        242,
        96
      ],
      "top10_pct_pnl_contribution": 4.430112958559377,
      "trades_per_day": 8.311929011671111
    },
    "bps8": {
      "mae_proxy_median": -0.0010787652448585039,
      "median_hold_return": 0.00027443445038279957,
      "return_histogram_bins": [
        "(-inf,-1%)",
        "[-1%,-0.5%)",
        "[-0.5%,-0.2%)",
        "[-0.2%,0%)",
        "[0%,0.2%)",
        "[0.2%,0.5%)",
        "[0.5%,1%)",
        "[1%,inf)"
      ],
      "return_histogram_counts": [
        68,
        211,
        445,
        518,
        533,
        512,
        254,
        100
      ],
      "top10_pct_pnl_contribution": 2.45348497276831,
      "trades_per_day": 8.311929011671111
    },
    "gross": {
      "mae_proxy_median": -0.0010787652448585039,
      "median_hold_return": 0.0010744344503827996,
      "return_histogram_bins": [
        "(-inf,-1%)",
        "[-1%,-0.5%)",
        "[-0.5%,-0.2%)",
        "[-0.2%,0%)",
        "[0%,0.2%)",
        "[0.2%,0.5%)",
        "[0.5%,1%)",
        "[1%,inf)"
      ],
      "return_histogram_counts": [
        53,
        171,
        330,
        484,
        525,
        625,
        332,
        121
      ],
      "top10_pct_pnl_contribution": 0.9329937452859975,
      "trades_per_day": 8.311929011671111
    }
  },
  "family": "oi_liq",
  "hypothesis_id": "H188",
  "timestamp_utc": "2026-03-11T18:20:03+00:00",
  "wf_by_mode": {
    "bps10": {
      "aggregate": {
        "mean": 0.00028300746567085566,
        "mean_ci_high": 0.000525607359042068,
        "mean_ci_low": 3.4982409122962374e-05,
        "n": 2176,
        "p_mean_gt_0": 0.9873333333333333
      },
      "folds": [
        {
          "fold_id": 1,
          "mean": 0.0004453392482519428,
          "n": 115,
          "test_end": "2025-06-25T00:00:00+00:00",
          "test_start": "2025-06-10T00:00:00+00:00"
        },
        {
          "fold_id": 2,
          "mean": -0.0006489925648960999,
          "n": 78,
          "test_end": "2025-07-10T00:00:00+00:00",
          "test_start": "2025-06-25T00:00:00+00:00"
        },
        {
          "fold_id": 3,
          "mean": -0.0007298350763353747,
          "n": 173,
          "test_end": "2025-07-25T00:00:00+00:00",
          "test_start": "2025-07-10T00:00:00+00:00"
        },
        {
          "fold_id": 4,
          "mean": 1.5834874000478132e-05,
          "n": 109,
          "test_end": "2025-08-09T00:00:00+00:00",
          "test_start": "2025-07-25T00:00:00+00:00"
        },
        {
          "fold_id": 5,
          "mean": -0.00012981333750598973,
          "n": 136,
          "test_end": "2025-08-24T00:00:00+00:00",
          "test_start": "2025-08-09T00:00:00+00:00"
        },
        {
          "fold_id": 6,
          "mean": 0.0005083903531409142,
          "n": 121,
          "test_end": "2025-09-08T00:00:00+00:00",
          "test_start": "2025-08-24T00:00:00+00:00"
        },
        {
          "fold_id": 7,
          "mean": -0.00045531734347981014,
          "n": 84,
          "test_end": "2025-09-23T00:00:00+00:00",
          "test_start": "2025-09-08T00:00:00+00:00"
        },
        {
          "fold_id": 8,
          "mean": -0.0006492527257926866,
          "n": 156,
          "test_end": "2025-10-08T00:00:00+00:00",
          "test_start": "2025-09-23T00:00:00+00:00"
        },
        {
          "fold_id": 9,
          "mean": 0.0002458415560757692,
          "n": 197,
          "test_end": "2025-10-23T00:00:00+00:00",
          "test_start": "2025-10-08T00:00:00+00:00"
        },
        {
          "fold_id": 10,
          "mean": 0.0006589457133802107,
          "n": 117,
          "test_end": "2025-11-07T00:00:00+00:00",
          "test_start": "2025-10-23T00:00:00+00:00"
        },
        {
          "fold_id": 11,
          "mean": 0.0010249079243601505,
          "n": 161,
          "test_end": "2025-11-22T00:00:00+00:00",
          "test_start": "2025-11-07T00:00:00+00:00"
        },
        {
          "fold_id": 12,
          "mean": 0.0011707156010700617,
          "n": 76,
          "test_end": "2025-12-07T00:00:00+00:00",
          "test_start": "2025-11-22T00:00:00+00:00"
        },
        {
          "fold_id": 13,
          "mean": 0.0017696710463699311,
          "n": 82,
          "test_end": "2025-12-22T00:00:00+00:00",
          "test_start": "2025-12-07T00:00:00+00:00"
        },
        {
          "fold_id": 14,
          "mean": 0.00031022705568857007,
          "n": 80,
          "test_end": "2026-01-06T00:00:00+00:00",
          "test_start": "2025-12-22T00:00:00+00:00"
        },
        {
          "fold_id": 15,
          "mean": -0.00020117058169844904,
          "n": 138,
          "test_end": "2026-01-21T00:00:00+00:00",
          "test_start": "2026-01-06T00:00:00+00:00"
        },
        {
          "fold_id": 16,
          "mean": 0.0005689215794058342,
          "n": 205,
          "test_end": "2026-02-05T00:00:00+00:00",
          "test_start": "2026-01-21T00:00:00+00:00"
        },
        {
          "fold_id": 17,
          "mean": 0.0013319325116381685,
          "n": 148,
          "test_end": "2026-02-20T00:00:00+00:00",
          "test_start": "2026-02-05T00:00:00+00:00"
        }
      ],
      "positive_folds": {
        "count": 11,
        "pct": 64.70588235294117,
        "total": 17
      },
      "split": {
        "step_days": 15,
        "test_days": 15,
        "train_days": 60
      }
    },
    "bps8": {
      "aggregate": {
        "mean": 0.0004830074656708559,
        "mean_ci_high": 0.0007256073590420683,
        "mean_ci_low": 0.00023498240912296257,
        "n": 2176,
        "p_mean_gt_0": 1.0
      },
      "folds": [
        {
          "fold_id": 1,
          "mean": 0.0006453392482519433,
          "n": 115,
          "test_end": "2025-06-25T00:00:00+00:00",
          "test_start": "2025-06-10T00:00:00+00:00"
        },
        {
          "fold_id": 2,
          "mean": -0.0004489925648960999,
          "n": 78,
          "test_end": "2025-07-10T00:00:00+00:00",
          "test_start": "2025-06-25T00:00:00+00:00"
        },
        {
          "fold_id": 3,
          "mean": -0.0005298350763353743,
          "n": 173,
          "test_end": "2025-07-25T00:00:00+00:00",
          "test_start": "2025-07-10T00:00:00+00:00"
        },
        {
          "fold_id": 4,
          "mean": 0.0002158348740004782,
          "n": 109,
          "test_end": "2025-08-09T00:00:00+00:00",