{
  "baseline": {
    "bps10": {
      "mean": -0.00033731767986688204,
      "mean_ci_high": 0.0013088051355006846,
      "mean_ci_low": -0.0024238255514365268,
      "n": 19,
      "p_mean_gt_0": 0.36966666666666664,
      "std": 0.0041552125379268395,
      "win_rate": 0.5789473684210527
    },
    "bps8": {
      "mean": -0.00013731767986688208,
      "mean_ci_high": 0.0015088051355006847,
      "mean_ci_low": -0.0022238255514365267,
      "n": 19,
      "p_mean_gt_0": 0.4523333333333333,
      "std": 0.004155212537926839,
      "win_rate": 0.631578947368421
    },
    "gross": {
      "mean": 0.0006626823201331181,
      "mean_ci_high": 0.0023088051355006846,
      "mean_ci_low": -0.0014238255514365259,
      "n": 19,
      "p_mean_gt_0": 0.763,
      "std": 0.004155212537926839,
      "win_rate": 0.631578947368421
    }
  },
  "config": {
    "bootstrap_iters": 3000,
    "cost_mode": "all",
    "days": 365,
    "horizon": 6,
    "timeframe": "5m",
    "wf": {
      "step_days": 15,
      "test_days": 15,
      "train_days": 60
    }
  },
  "diagnostics_by_mode": {
    "bps10": {
      "mae_proxy_median": -0.0007711879535570176,
      "median_hold_return": 0.0002769572256108308,
      "return_histogram_bins": [
        "(-inf,-1%)",
        "[-1%,-0.5%)",
        "[-0.5%,-0.2%)",
        "[-0.2%,0%)",
        "[0%,0.2%)",
        "[0.2%,0.5%)",
        "[0.5%,1%)",
        "[1%,inf)"
      ],
      "return_histogram_counts": [
        1,
        0,
        3,
        4,
        6,
        5,
        0,
        0
      ],
      "top10_pct_pnl_contribution": -1.5496708067980878,
      "trades_per_day": 0.0778190195827467
    },
    "bps8": {
      "mae_proxy_median": -0.0007711879535570176,
      "median_hold_return": 0.00047695722561083077,
      "return_histogram_bins": [
        "(-inf,-1%)",
        "[-1%,-0.5%)",
        "[-0.5%,-0.2%)",
        "[-0.2%,0%)",
        "[0%,0.2%)",
        "[0.2%,0.5%)",
        "[0.5%,1%)",
        "[1%,inf)"
      ],
      "return_histogram_counts": [
        1,
        0,
        3,
        3,
        7,
        3,
        2,
        0
      ],
      "top10_pct_pnl_contribution": -3.960043551658244,
      "trades_per_day": 0.0778190195827467
    },
    "gross": {
      "mae_proxy_median": -0.0007711879535570176,
      "median_hold_return": 0.0012769572256108308,
      "return_histogram_bins": [
        "(-inf,-1%)",
        "[-1%,-0.5%)",
        "[-0.5%,-0.2%)",
        "[-0.2%,0%)",
        "[0%,0.2%)",
        "[0.2%,0.5%)",
        "[0.5%,1%)",
        "[1%,inf)"
      ],
      "return_histogram_counts": [
        1,
        0,
        2,
        4,
        4,
        6,
        2,
        0
      ],
      "top10_pct_pnl_contribution": 0.9476554601232713,
      "trades_per_day": 0.0778190195827467
    }
  },
  "family": "mean_reversion",
  "hypothesis_id": "H18",
  "timestamp_utc": "2026-02-23T06:42:34+00:00",
  "wf_by_mode": {
    "bps10": {
      "aggregate": {
        "mean": -0.0017759617164517794,
        "mean_ci_high": 0.0013702272723344784,
        "mean_ci_low": -0.006078895207736735,
        "n": 7,
        "p_mean_gt_0": 0.21
      },
      "folds": [
        {
          "fold_id": 1,
          "mean": 0.0,
          "n": 0,
          "test_end": "2025-08-11T00:00:00+00:00",
          "test_start": "2025-07-27T00:00:00+00:00"
        },
        {
          "fold_id": 2,
          "mean": -0.006773579606464908,
          "n": 2,
          "test_end": "2025-08-26T00:00:00+00:00",
          "test_start": "2025-08-11T00:00:00+00:00"
        },
        {
          "fold_id": 3,
          "mean": 0.0,
          "n": 0,
          "test_end": "2025-09-10T00:00:00+00:00",
          "test_start": "2025-08-26T00:00:00+00:00"
        },
        {
          "fold_id": 4,
          "mean": -0.0007268053905210561,
          "n": 2,
          "test_end": "2025-09-25T00:00:00+00:00",
          "test_start": "2025-09-10T00:00:00+00:00"
        },
        {
          "fold_id": 5,
          "mean": 0.0,
          "n": 0,
          "test_end": "2025-10-10T00:00:00+00:00",
          "test_start": "2025-09-25T00:00:00+00:00"
        },
        {
          "fold_id": 6,
          "mean": 0.0,
          "n": 0,
          "test_end": "2025-10-25T00:00:00+00:00",
          "test_start": "2025-10-10T00:00:00+00:00"
        },
        {
          "fold_id": 7,
          "mean": 0.0,
          "n": 0,
          "test_end": "2025-11-09T00:00:00+00:00",
          "test_start": "2025-10-25T00:00:00+00:00"
        },
        {
          "fold_id": 8,
          "mean": 0.0,
          "n": 0,
          "test_end": "2025-11-24T00:00:00+00:00",
          "test_start": "2025-11-09T00:00:00+00:00"
        },
        {
          "fold_id": 9,
          "mean": 0.0,
          "n": 0,
          "test_end": "2025-12-09T00:00:00+00:00",
          "test_start": "2025-11-24T00:00:00+00:00"
        },
        {
          "fold_id": 10,
          "mean": 0.0,
          "n": 0,
          "test_end": "2025-12-24T00:00:00+00:00",
          "test_start": "2025-12-09T00:00:00+00:00"
        },
        {
          "fold_id": 11,
          "mean": -0.0026639727592077103,
          "n": 1,
          "test_end": "2026-01-08T00:00:00+00:00",
          "test_start": "2025-12-24T00:00:00+00:00"
        },
        {
          "fold_id": 12,
          "mean": 0.0026165053690085935,
          "n": 2,
          "test_end": "2026-01-23T00:00:00+00:00",
          "test_start": "2026-01-08T00:00:00+00:00"
        }
      ],
      "positive_folds": {
        "count": 1,
        "pct": 8.333333333333334,
        "total": 12
      },
      "split": {
        "step_days": 15,
        "test_days": 15,
        "train_days": 60
      }
    },
    "bps8": {
      "aggregate": {
        "mean": -0.0015759617164517786,
        "mean_ci_high": 0.0015702272723344785,
        "mean_ci_low": -0.005878895207736735,
        "n": 7,
        "p_mean_gt_0": 0.24766666666666667
      },
      "folds": [
        {
          "fold_id": 1,
          "mean": 0.0,
          "n": 0,
          "test_end": "2025-08-11T00:00:00+00:00",
          "test_start": "2025-07-27T00:00:00+00:00"
        },
        {
          "fold_id": 2,
          "mean": -0.006573579606464907,
          "n": 2,
          "test_end": "2025-08-26T00:00:00+00:00",
          "test_start": "2025-08-11T00:00:00+00:00"
        },
        {
          "fold_id": 3,
          "mean": 0.0,
          "n": 0,
          "test_end": "2025-09-10T00:00:00+00:00",
          "test_start": "2025-08-26T00:00:00+00:00"
        },
        {
          "fold_id": 4,
          "mean": -0.000526805390521056,
          "n": 2,
          "test_end": "2025-09-25T00:00:00+00:00",
          "test_start": "2025-09-10T00:00:00+00:00"
        },
        {
          "fold_id": 5,
          "mean": 0.0,
          "n": 0,
          "test_end": "2025-10-10T00:00:00+00:00",
          "test_start": "2025-09-25T00:00:00+00:00"
        },
        {
          "fold_id": 6,
          "mean": 0.0,
          "n": 0,
          "test_end": "2025-10-25T00:00:00+00:00",
          "test_start": "2025-10-10T00:00:00+00:00"
        },
        {
          "fold_id": 7,
          "mean": 0.0,
          "n": 0,
          "test_end": "2025-11-09T00:00:00+00:00",
          "test_start": "2025-10-25T00:00:00+00:00"
        },
        {
          "fold_id": 8,
          "mean": 0.0,
          "n": 0,
          "test_end": "2025-11-24T00:00:00+00:00",
          "test_start": "2025-11-09T00:00:00+00:00"
        },
        {
          "fold_id": 9,
          "mean": 0.0,
          "n": 0,
          "test_end": "2025-12-09T00:00:00+00:00",
          "test_start": "2025-11-24T00:00:00+00:00"
        },
        {
          "fold_id": 10,
          "mean": 0.0,
          "n": 0,
          "test_end": "2025-12-24T00:00:00+00:00",
          "test_start": "2025-12-09T00:00:00+00:00"
        },
        {
          "fold_id": 11,
          "mean": -0.00246397275920771,