{
  "baseline": {
    "bps10": {
      "mean": 5.853663557137902e-05,
      "mean_ci_high": 0.0002583867156871147,
      "mean_ci_low": -0.00014052583922992136,
      "n": 2674,
      "p_mean_gt_0": 0.723,
      "std": 0.00524616623770359,
      "win_rate": 0.5071054599850411
    },
    "bps8": {
      "mean": 0.00025853663557137924,
      "mean_ci_high": 0.00045838671568711507,
      "mean_ci_low": 5.947416077007899e-05,
      "n": 2674,
      "p_mean_gt_0": 0.9936666666666667,
      "std": 0.00524616623770359,
      "win_rate": 0.5276738967838445
    },
    "gross": {
      "mean": 0.0010585366355713793,
      "mean_ci_high": 0.001258386715687115,
      "mean_ci_low": 0.0008594741607700789,
      "n": 2674,
      "p_mean_gt_0": 1.0,
      "std": 0.00524616623770359,
      "win_rate": 0.6204188481675392
    }
  },
  "config": {
    "bootstrap_iters": 3000,
    "cost_mode": "all",
    "days": 365,
    "horizon": 8,
    "timeframe": "5m",
    "wf": {
      "step_days": 15,
      "test_days": 15,
      "train_days": 60
    }
  },
  "diagnostics_by_mode": {
    "bps10": {
      "mae_proxy_median": -0.0009604481297342815,
      "median_hold_return": 6.688252527720182e-05,
      "return_histogram_bins": [
        "(-inf,-1%)",
        "[-1%,-0.5%)",
        "[-0.5%,-0.2%)",
        "[-0.2%,0%)",
        "[0%,0.2%)",
        "[0.2%,0.5%)",
        "[0.5%,1%)",
        "[1%,inf)"
      ],
      "return_histogram_counts": [
        86,
        177,
        469,
        586,
        567,
        471,
        249,
        69
      ],
      "top10_pct_pnl_contribution": 15.731257435493179,
      "trades_per_day": 8.438658777120315
    },
    "bps8": {
      "mae_proxy_median": -0.0009604481297342815,
      "median_hold_return": 0.0002668825252772018,
      "return_histogram_bins": [
        "(-inf,-1%)",
        "[-1%,-0.5%)",
        "[-0.5%,-0.2%)",
        "[-0.2%,0%)",
        "[0%,0.2%)",
        "[0.2%,0.5%)",
        "[0.5%,1%)",
        "[1%,inf)"
      ],
      "return_histogram_counts": [
        82,
        168,
        441,
        572,
        573,
        497,
        268,
        73
      ],
      "top10_pct_pnl_contribution": 3.639328554310894,
      "trades_per_day": 8.438658777120315
    },
    "gross": {
      "mae_proxy_median": -0.0009604481297342815,
      "median_hold_return": 0.0010668825252772018,
      "return_histogram_bins": [
        "(-inf,-1%)",
        "[-1%,-0.5%)",
        "[-0.5%,-0.2%)",
        "[-0.2%,0%)",
        "[0%,0.2%)",
        "[0.2%,0.5%)",
        "[0.5%,1%)",
        "[1%,inf)"
      ],
      "return_histogram_counts": [
        73,
        119,
        321,
        502,
        618,
        600,
        351,
        90
      ],
      "top10_pct_pnl_contribution": 0.9646140078815,
      "trades_per_day": 8.438658777120315
    }
  },
  "family": "oi_liq",
  "hypothesis_id": "H190",
  "timestamp_utc": "2026-03-11T18:20:20+00:00",
  "wf_by_mode": {
    "bps10": {
      "aggregate": {
        "mean": -5.5876018715323865e-05,
        "mean_ci_high": 0.00015996325810641954,
        "mean_ci_low": -0.00028162630465755146,
        "n": 2193,
        "p_mean_gt_0": 0.33566666666666667
      },
      "folds": [
        {
          "fold_id": 1,
          "mean": 4.8904245691737996e-05,
          "n": 132,
          "test_end": "2025-06-24T00:00:00+00:00",
          "test_start": "2025-06-09T00:00:00+00:00"
        },
        {
          "fold_id": 2,
          "mean": 0.00015266079048113294,
          "n": 91,
          "test_end": "2025-07-09T00:00:00+00:00",
          "test_start": "2025-06-24T00:00:00+00:00"
        },
        {
          "fold_id": 3,
          "mean": 0.000705707107395147,
          "n": 124,
          "test_end": "2025-07-24T00:00:00+00:00",
          "test_start": "2025-07-09T00:00:00+00:00"
        },
        {
          "fold_id": 4,
          "mean": -0.00018677703404482106,
          "n": 123,
          "test_end": "2025-08-08T00:00:00+00:00",
          "test_start": "2025-07-24T00:00:00+00:00"
        },
        {
          "fold_id": 5,
          "mean": -0.00010789615373184343,
          "n": 122,
          "test_end": "2025-08-23T00:00:00+00:00",
          "test_start": "2025-08-08T00:00:00+00:00"
        },
        {
          "fold_id": 6,
          "mean": -3.9724774320408114e-05,
          "n": 106,
          "test_end": "2025-09-07T00:00:00+00:00",
          "test_start": "2025-08-23T00:00:00+00:00"
        },
        {
          "fold_id": 7,
          "mean": -4.9556297870357765e-05,
          "n": 94,
          "test_end": "2025-09-22T00:00:00+00:00",
          "test_start": "2025-09-07T00:00:00+00:00"
        },
        {
          "fold_id": 8,
          "mean": 0.00011353345004266527,
          "n": 171,
          "test_end": "2025-10-07T00:00:00+00:00",
          "test_start": "2025-09-22T00:00:00+00:00"
        },
        {
          "fold_id": 9,
          "mean": -0.00011046918960679035,
          "n": 155,
          "test_end": "2025-10-22T00:00:00+00:00",
          "test_start": "2025-10-07T00:00:00+00:00"
        },
        {
          "fold_id": 10,
          "mean": -0.0003806759400289101,
          "n": 147,
          "test_end": "2025-11-06T00:00:00+00:00",
          "test_start": "2025-10-22T00:00:00+00:00"
        },
        {
          "fold_id": 11,
          "mean": 0.00012096616084986014,
          "n": 136,
          "test_end": "2025-11-21T00:00:00+00:00",
          "test_start": "2025-11-06T00:00:00+00:00"
        },
        {
          "fold_id": 12,
          "mean": 0.0007880821006598415,
          "n": 137,
          "test_end": "2025-12-06T00:00:00+00:00",
          "test_start": "2025-11-21T00:00:00+00:00"
        },
        {
          "fold_id": 13,
          "mean": -3.47023203425884e-05,
          "n": 84,
          "test_end": "2025-12-21T00:00:00+00:00",
          "test_start": "2025-12-06T00:00:00+00:00"
        },
        {
          "fold_id": 14,
          "mean": -0.0001767135505849243,
          "n": 88,
          "test_end": "2026-01-05T00:00:00+00:00",
          "test_start": "2025-12-21T00:00:00+00:00"
        },
        {
          "fold_id": 15,
          "mean": 9.882528037849645e-05,
          "n": 124,
          "test_end": "2026-01-20T00:00:00+00:00",
          "test_start": "2026-01-05T00:00:00+00:00"
        },
        {
          "fold_id": 16,
          "mean": -0.0010376053215792923,
          "n": 185,
          "test_end": "2026-02-04T00:00:00+00:00",
          "test_start": "2026-01-20T00:00:00+00:00"
        },
        {
          "fold_id": 17,
          "mean": -0.00033314712453280323,
          "n": 174,
          "test_end": "2026-02-19T00:00:00+00:00",
          "test_start": "2026-02-04T00:00:00+00:00"
        }
      ],
      "positive_folds": {
        "count": 7,
        "pct": 41.1764705882353,
        "total": 17
      },
      "split": {
        "step_days": 15,
        "test_days": 15,
        "train_days": 60
      }
    },
    "bps8": {
      "aggregate": {
        "mean": 0.0001441239812846763,
        "mean_ci_high": 0.0003599632581064198,
        "mean_ci_low": -8.162630465755123e-05,
        "n": 2193,
        "p_mean_gt_0": 0.8923333333333333
      },
      "folds": [
        {
          "fold_id": 1,
          "mean": 0.0002489042456917382,
          "n": 132,
          "test_end": "2025-06-24T00:00:00+00:00",
          "test_start": "2025-06-09T00:00:00+00:00"
        },
        {
          "fold_id": 2,
          "mean": 0.000352660790481133,
          "n": 91,
          "test_end": "2025-07-09T00:00:00+00:00",
          "test_start": "2025-06-24T00:00:00+00:00"
        },
        {
          "fold_id": 3,
          "mean": 0.0009057071073951472,
          "n": 124,
          "test_end": "2025-07-24T00:00:00+00:00",
          "test_start": "2025-07-09T00:00:00+00:00"
        },
        {
          "fold_id": 4,
          "mean": 1.3222965955178993e-05,
          "n": 123,