{
  "baseline": {
    "bps10": {
      "mean": 0.0027663266045968183,
      "mean_ci_high": 0.003275777725776202,
      "mean_ci_low": 0.0022679868492575684,
      "n": 776,
      "p_mean_gt_0": 1.0,
      "std": 0.007131845454841031,
      "win_rate": 0.6920103092783505
    },
    "bps8": {
      "mean": 0.0029663266045968184,
      "mean_ci_high": 0.0034757777257762024,
      "mean_ci_low": 0.002467986849257569,
      "n": 776,
      "p_mean_gt_0": 1.0,
      "std": 0.007131845454841031,
      "win_rate": 0.7164948453608248
    },
    "gross": {
      "mean": 0.003766326604596819,
      "mean_ci_high": 0.004275777725776203,
      "mean_ci_low": 0.0032679868492575693,
      "n": 776,
      "p_mean_gt_0": 1.0,
      "std": 0.007131845454841031,
      "win_rate": 0.7564432989690721
    }
  },
  "config": {
    "bootstrap_iters": 3000,
    "cost_mode": "all",
    "days": 365,
    "horizon": 12,
    "timeframe": "5m",
    "wf": {
      "step_days": 15,
      "test_days": 15,
      "train_days": 60
    }
  },
  "diagnostics_by_mode": {
    "bps10": {
      "mae_proxy_median": -0.0009563384375345096,
      "median_hold_return": 0.0025215425480183415,
      "return_histogram_bins": [
        "(-inf,-1%)",
        "[-1%,-0.5%)",
        "[-0.5%,-0.2%)",
        "[-0.2%,0%)",
        "[0%,0.2%)",
        "[0.2%,0.5%)",
        "[0.5%,1%)",
        "[1%,inf)"
      ],
      "return_histogram_counts": [
        26,
        54,
        73,
        86,
        107,
        185,
        149,
        96
      ],
      "top10_pct_pnl_contribution": 0.5981583811149693,
      "trades_per_day": 2.44698462751281
    },
    "bps8": {
      "mae_proxy_median": -0.0009563384375345096,
      "median_hold_return": 0.0027215425480183416,
      "return_histogram_bins": [
        "(-inf,-1%)",
        "[-1%,-0.5%)",
        "[-0.5%,-0.2%)",
        "[-0.2%,0%)",
        "[0%,0.2%)",
        "[0.2%,0.5%)",
        "[0.5%,1%)",
        "[1%,inf)"
      ],
      "return_histogram_counts": [
        26,
        52,
        71,
        71,
        113,
        190,
        155,
        98
      ],
      "top10_pct_pnl_contribution": 0.5646055743251668,
      "trades_per_day": 2.44698462751281
    },
    "gross": {
      "mae_proxy_median": -0.0009563384375345096,
      "median_hold_return": 0.0035215425480183415,
      "return_histogram_bins": [
        "(-inf,-1%)",
        "[-1%,-0.5%)",
        "[-0.5%,-0.2%)",
        "[-0.2%,0%)",
        "[0%,0.2%)",
        "[0.2%,0.5%)",
        "[0.5%,1%)",
        "[1%,inf)"
      ],
      "return_histogram_counts": [
        22,
        40,
        65,
        62,
        95,
        196,
        182,
        114
      ],
      "top10_pct_pnl_contribution": 0.466028863565942,
      "trades_per_day": 2.44698462751281
    }
  },
  "family": "oi_liq",
  "hypothesis_id": "H191",
  "timestamp_utc": "2026-03-11T18:22:11+00:00",
  "wf_by_mode": {
    "bps10": {
      "aggregate": {
        "mean": 0.0029000269434396363,
        "mean_ci_high": 0.0034482800087199325,
        "mean_ci_low": 0.0023536740977321054,
        "n": 633,
        "p_mean_gt_0": 1.0
      },
      "folds": [
        {
          "fold_id": 1,
          "mean": 0.0035966383818150796,
          "n": 30,
          "test_end": "2025-06-25T00:00:00+00:00",
          "test_start": "2025-06-10T00:00:00+00:00"
        },
        {
          "fold_id": 2,
          "mean": -0.0006564172786787415,
          "n": 18,
          "test_end": "2025-07-10T00:00:00+00:00",
          "test_start": "2025-06-25T00:00:00+00:00"
        },
        {
          "fold_id": 3,
          "mean": 0.00016488504430681644,
          "n": 45,
          "test_end": "2025-07-25T00:00:00+00:00",
          "test_start": "2025-07-10T00:00:00+00:00"
        },
        {
          "fold_id": 4,
          "mean": 0.0011674326196393224,
          "n": 37,
          "test_end": "2025-08-09T00:00:00+00:00",
          "test_start": "2025-07-25T00:00:00+00:00"
        },
        {
          "fold_id": 5,
          "mean": 0.002069282025865835,
          "n": 46,
          "test_end": "2025-08-24T00:00:00+00:00",
          "test_start": "2025-08-09T00:00:00+00:00"
        },
        {
          "fold_id": 6,
          "mean": 0.0029716372124193383,
          "n": 34,
          "test_end": "2025-09-08T00:00:00+00:00",
          "test_start": "2025-08-24T00:00:00+00:00"
        },
        {
          "fold_id": 7,
          "mean": 0.0013837798780217576,
          "n": 20,
          "test_end": "2025-09-23T00:00:00+00:00",
          "test_start": "2025-09-08T00:00:00+00:00"
        },
        {
          "fold_id": 8,
          "mean": 0.001741412380297379,
          "n": 39,
          "test_end": "2025-10-08T00:00:00+00:00",
          "test_start": "2025-09-23T00:00:00+00:00"
        },
        {
          "fold_id": 9,
          "mean": 0.003057243144963395,
          "n": 67,
          "test_end": "2025-10-23T00:00:00+00:00",
          "test_start": "2025-10-08T00:00:00+00:00"
        },
        {
          "fold_id": 10,
          "mean": 0.0028170833865444295,
          "n": 37,
          "test_end": "2025-11-07T00:00:00+00:00",
          "test_start": "2025-10-23T00:00:00+00:00"
        },
        {
          "fold_id": 11,
          "mean": 0.003610661448097119,
          "n": 57,
          "test_end": "2025-11-22T00:00:00+00:00",
          "test_start": "2025-11-07T00:00:00+00:00"
        },
        {
          "fold_id": 12,
          "mean": 0.005056562775173309,
          "n": 14,
          "test_end": "2025-12-07T00:00:00+00:00",
          "test_start": "2025-11-22T00:00:00+00:00"
        },
        {
          "fold_id": 13,
          "mean": 0.00626749587512372,
          "n": 23,
          "test_end": "2025-12-22T00:00:00+00:00",
          "test_start": "2025-12-07T00:00:00+00:00"
        },
        {
          "fold_id": 14,
          "mean": 0.002763541330734722,
          "n": 21,
          "test_end": "2026-01-06T00:00:00+00:00",
          "test_start": "2025-12-22T00:00:00+00:00"
        },
        {
          "fold_id": 15,
          "mean": 0.0010460780979887935,
          "n": 47,
          "test_end": "2026-01-21T00:00:00+00:00",
          "test_start": "2026-01-06T00:00:00+00:00"
        },
        {
          "fold_id": 16,
          "mean": 0.005092404355091885,
          "n": 61,
          "test_end": "2026-02-05T00:00:00+00:00",
          "test_start": "2026-01-21T00:00:00+00:00"
        },
        {
          "fold_id": 17,
          "mean": 0.006744572845580199,
          "n": 37,
          "test_end": "2026-02-20T00:00:00+00:00",
          "test_start": "2026-02-05T00:00:00+00:00"
        }
      ],
      "positive_folds": {
        "count": 16,
        "pct": 94.11764705882354,
        "total": 17
      },
      "split": {
        "step_days": 15,
        "test_days": 15,
        "train_days": 60
      }
    },
    "bps8": {
      "aggregate": {
        "mean": 0.003100026943439636,
        "mean_ci_high": 0.0036482800087199326,
        "mean_ci_low": 0.002553674097732106,
        "n": 633,
        "p_mean_gt_0": 1.0
      },
      "folds": [
        {
          "fold_id": 1,
          "mean": 0.003796638381815082,
          "n": 30,
          "test_end": "2025-06-25T00:00:00+00:00",
          "test_start": "2025-06-10T00:00:00+00:00"
        },
        {
          "fold_id": 2,
          "mean": -0.0004564172786787415,
          "n": 18,
          "test_end": "2025-07-10T00:00:00+00:00",
          "test_start": "2025-06-25T00:00:00+00:00"
        },
        {
          "fold_id": 3,
          "mean": 0.00036488504430681686,
          "n": 45,
          "test_end": "2025-07-25T00:00:00+00:00",
          "test_start": "2025-07-10T00:00:00+00:00"
        },
        {
          "fold_id": 4,
          "mean": 0.001367432619639322,
          "n": 37,
          "test_end": "2025-08-09T00:00:00+00:00",