{
  "baseline": {
    "bps10": {
      "mean": 0.0021887504930878875,
      "mean_ci_high": 0.0027085125166167144,
      "mean_ci_low": 0.0016779081968338416,
      "n": 783,
      "p_mean_gt_0": 1.0,
      "std": 0.007326813215029227,
      "win_rate": 0.6947637292464879
    },
    "bps8": {
      "mean": 0.002388750493087888,
      "mean_ci_high": 0.0029085125166167154,
      "mean_ci_low": 0.001877908196833842,
      "n": 783,
      "p_mean_gt_0": 1.0,
      "std": 0.007326813215029227,
      "win_rate": 0.7100893997445722
    },
    "gross": {
      "mean": 0.0031887504930878884,
      "mean_ci_high": 0.0037085125166167157,
      "mean_ci_low": 0.0026779081968338423,
      "n": 783,
      "p_mean_gt_0": 1.0,
      "std": 0.007326813215029227,
      "win_rate": 0.7573435504469987
    }
  },
  "config": {
    "bootstrap_iters": 3000,
    "cost_mode": "all",
    "days": 365,
    "horizon": 12,
    "timeframe": "5m",
    "wf": {
      "step_days": 15,
      "test_days": 15,
      "train_days": 60
    }
  },
  "diagnostics_by_mode": {
    "bps10": {
      "mae_proxy_median": -0.0006463121210423806,
      "median_hold_return": 0.0023649421018209224,
      "return_histogram_bins": [
        "(-inf,-1%)",
        "[-1%,-0.5%)",
        "[-0.5%,-0.2%)",
        "[-0.2%,0%)",
        "[0%,0.2%)",
        "[0.2%,0.5%)",
        "[0.5%,1%)",
        "[1%,inf)"
      ],
      "return_histogram_counts": [
        43,
        34,
        70,
        92,
        127,
        200,
        133,
        84
      ],
      "top10_pct_pnl_contribution": 0.6947050122806963,
      "trades_per_day": 2.475889328063241
    },
    "bps8": {
      "mae_proxy_median": -0.0006463121210423806,
      "median_hold_return": 0.0025649421018209225,
      "return_histogram_bins": [
        "(-inf,-1%)",
        "[-1%,-0.5%)",
        "[-0.5%,-0.2%)",
        "[-0.2%,0%)",
        "[0%,0.2%)",
        "[0.2%,0.5%)",
        "[0.5%,1%)",
        "[1%,inf)"
      ],
      "return_histogram_counts": [
        40,
        36,
        61,
        90,
        128,
        196,
        144,
        88
      ],
      "top10_pct_pnl_contribution": 0.6449877214582994,
      "trades_per_day": 2.475889328063241
    },
    "gross": {
      "mae_proxy_median": -0.0006463121210423806,
      "median_hold_return": 0.0033649421018209225,
      "return_histogram_bins": [
        "(-inf,-1%)",
        "[-1%,-0.5%)",
        "[-0.5%,-0.2%)",
        "[-0.2%,0%)",
        "[0%,0.2%)",
        "[0.2%,0.5%)",
        "[0.5%,1%)",
        "[1%,inf)"
      ],
      "return_histogram_counts": [
        37,
        31,
        52,
        70,
        105,
        214,
        172,
        102
      ],
      "top10_pct_pnl_contribution": 0.5084844170594166,
      "trades_per_day": 2.475889328063241
    }
  },
  "family": "oi_liq",
  "hypothesis_id": "H192",
  "timestamp_utc": "2026-03-11T18:22:19+00:00",
  "wf_by_mode": {
    "bps10": {
      "aggregate": {
        "mean": 0.0019206402757732432,
        "mean_ci_high": 0.0025160952822146925,
        "mean_ci_low": 0.0013390076901948417,
        "n": 636,
        "p_mean_gt_0": 1.0
      },
      "folds": [
        {
          "fold_id": 1,
          "mean": 0.0006000564605206316,
          "n": 37,
          "test_end": "2025-06-25T00:00:00+00:00",
          "test_start": "2025-06-10T00:00:00+00:00"
        },
        {
          "fold_id": 2,
          "mean": 0.0025382840347351146,
          "n": 27,
          "test_end": "2025-07-10T00:00:00+00:00",
          "test_start": "2025-06-25T00:00:00+00:00"
        },
        {
          "fold_id": 3,
          "mean": 0.003507335576840639,
          "n": 32,
          "test_end": "2025-07-25T00:00:00+00:00",
          "test_start": "2025-07-10T00:00:00+00:00"
        },
        {
          "fold_id": 4,
          "mean": 0.0014725466445392858,
          "n": 30,
          "test_end": "2025-08-09T00:00:00+00:00",
          "test_start": "2025-07-25T00:00:00+00:00"
        },
        {
          "fold_id": 5,
          "mean": 0.001900282843525398,
          "n": 36,
          "test_end": "2025-08-24T00:00:00+00:00",
          "test_start": "2025-08-09T00:00:00+00:00"
        },
        {
          "fold_id": 6,
          "mean": 0.0015895293869543873,
          "n": 37,
          "test_end": "2025-09-08T00:00:00+00:00",
          "test_start": "2025-08-24T00:00:00+00:00"
        },
        {
          "fold_id": 7,
          "mean": 0.002066515017007951,
          "n": 26,
          "test_end": "2025-09-23T00:00:00+00:00",
          "test_start": "2025-09-08T00:00:00+00:00"
        },
        {
          "fold_id": 8,
          "mean": 0.0017019147461620335,
          "n": 57,
          "test_end": "2025-10-08T00:00:00+00:00",
          "test_start": "2025-09-23T00:00:00+00:00"
        },
        {
          "fold_id": 9,
          "mean": 0.003144424234656181,
          "n": 36,
          "test_end": "2025-10-23T00:00:00+00:00",
          "test_start": "2025-10-08T00:00:00+00:00"
        },
        {
          "fold_id": 10,
          "mean": 0.002458070109306294,
          "n": 33,
          "test_end": "2025-11-07T00:00:00+00:00",
          "test_start": "2025-10-23T00:00:00+00:00"
        },
        {
          "fold_id": 11,
          "mean": 0.0021459886269434344,
          "n": 44,
          "test_end": "2025-11-22T00:00:00+00:00",
          "test_start": "2025-11-07T00:00:00+00:00"
        },
        {
          "fold_id": 12,
          "mean": 0.0022070668025239502,
          "n": 49,
          "test_end": "2025-12-07T00:00:00+00:00",
          "test_start": "2025-11-22T00:00:00+00:00"
        },
        {
          "fold_id": 13,
          "mean": 0.002999843354148815,
          "n": 27,
          "test_end": "2025-12-22T00:00:00+00:00",
          "test_start": "2025-12-07T00:00:00+00:00"
        },
        {
          "fold_id": 14,
          "mean": 0.002363657833410221,
          "n": 33,
          "test_end": "2026-01-06T00:00:00+00:00",
          "test_start": "2025-12-22T00:00:00+00:00"
        },
        {
          "fold_id": 15,
          "mean": 0.0012609168918437145,
          "n": 34,
          "test_end": "2026-01-21T00:00:00+00:00",
          "test_start": "2026-01-06T00:00:00+00:00"
        },
        {
          "fold_id": 16,
          "mean": 0.00017709732889740495,
          "n": 46,
          "test_end": "2026-02-05T00:00:00+00:00",
          "test_start": "2026-01-21T00:00:00+00:00"
        },
        {
          "fold_id": 17,
          "mean": 0.0017215294131054958,
          "n": 52,
          "test_end": "2026-02-20T00:00:00+00:00",
          "test_start": "2026-02-05T00:00:00+00:00"
        }
      ],
      "positive_folds": {
        "count": 17,
        "pct": 100.0,
        "total": 17
      },
      "split": {
        "step_days": 15,
        "test_days": 15,
        "train_days": 60
      }
    },
    "bps8": {
      "aggregate": {
        "mean": 0.0021206402757732437,
        "mean_ci_high": 0.002716095282214693,
        "mean_ci_low": 0.001539007690194842,
        "n": 636,
        "p_mean_gt_0": 1.0
      },
      "folds": [
        {
          "fold_id": 1,
          "mean": 0.0008000564605206319,
          "n": 37,
          "test_end": "2025-06-25T00:00:00+00:00",
          "test_start": "2025-06-10T00:00:00+00:00"
        },
        {
          "fold_id": 2,
          "mean": 0.0027382840347351146,
          "n": 27,
          "test_end": "2025-07-10T00:00:00+00:00",
          "test_start": "2025-06-25T00:00:00+00:00"
        },
        {
          "fold_id": 3,
          "mean": 0.0037073355768406386,
          "n": 32,
          "test_end": "2025-07-25T00:00:00+00:00",
          "test_start": "2025-07-10T00:00:00+00:00"
        },
        {
          "fold_id": 4,
          "mean": 0.0016725466445392859,
          "n": 30,
          "test_end": "2025-08-09T00:00:00+00:00",