{
  "baseline": {
    "bps10": {
      "mean": 0.0007828281169169221,
      "mean_ci_high": 0.0011001016763532681,
      "mean_ci_low": 0.0004573690383411428,
      "n": 1383,
      "p_mean_gt_0": 1.0,
      "std": 0.006125848483722129,
      "win_rate": 0.5386840202458424
    },
    "bps8": {
      "mean": 0.0009828281169169224,
      "mean_ci_high": 0.0013001016763532684,
      "mean_ci_low": 0.0006573690383411432,
      "n": 1383,
      "p_mean_gt_0": 1.0,
      "std": 0.006125848483722129,
      "win_rate": 0.559652928416486
    },
    "gross": {
      "mean": 0.0017828281169169223,
      "mean_ci_high": 0.0021001016763532686,
      "mean_ci_low": 0.0014573690383411432,
      "n": 1383,
      "p_mean_gt_0": 1.0,
      "std": 0.006125848483722129,
      "win_rate": 0.6355748373101953
    }
  },
  "config": {
    "bootstrap_iters": 3000,
    "cost_mode": "all",
    "days": 365,
    "horizon": 8,
    "timeframe": "5m",
    "wf": {
      "step_days": 15,
      "test_days": 15,
      "train_days": 60
    }
  },
  "diagnostics_by_mode": {
    "bps10": {
      "mae_proxy_median": -0.001056491349695543,
      "median_hold_return": 0.00041004974448843965,
      "return_histogram_bins": [
        "(-inf,-1%)",
        "[-1%,-0.5%)",
        "[-0.5%,-0.2%)",
        "[-0.2%,0%)",
        "[0%,0.2%)",
        "[0.2%,0.5%)",
        "[0.5%,1%)",
        "[1%,inf)"
      ],
      "return_histogram_counts": [
        34,
        104,
        251,
        249,
        267,
        243,
        155,
        80
      ],
      "top10_pct_pnl_contribution": 1.6087350363858735,
      "trades_per_day": 4.425206648297929
    },
    "bps8": {
      "mae_proxy_median": -0.001056491349695543,
      "median_hold_return": 0.0006100497444884396,
      "return_histogram_bins": [
        "(-inf,-1%)",
        "[-1%,-0.5%)",
        "[-0.5%,-0.2%)",
        "[-0.2%,0%)",
        "[0%,0.2%)",
        "[0.2%,0.5%)",
        "[0.5%,1%)",
        "[1%,inf)"
      ],
      "return_histogram_counts": [
        31,
        96,
        239,
        243,
        276,
        253,
        160,
        85
      ],
      "top10_pct_pnl_contribution": 1.301818930839806,
      "trades_per_day": 4.425206648297929
    },
    "gross": {
      "mae_proxy_median": -0.001056491349695543,
      "median_hold_return": 0.0014100497444884397,
      "return_histogram_bins": [
        "(-inf,-1%)",
        "[-1%,-0.5%)",
        "[-0.5%,-0.2%)",
        "[-0.2%,0%)",
        "[0%,0.2%)",
        "[0.2%,0.5%)",
        "[0.5%,1%)",
        "[1%,inf)"
      ],
      "return_histogram_counts": [
        24,
        82,
        178,
        220,
        279,
        302,
        196,
        102
      ],
      "top10_pct_pnl_contribution": 0.7627595460874645,
      "trades_per_day": 4.425206648297929
    }
  },
  "family": "oi_liq",
  "hypothesis_id": "H193",
  "timestamp_utc": "2026-03-11T18:22:28+00:00",
  "wf_by_mode": {
    "bps10": {
      "aggregate": {
        "mean": 0.0008110058451692416,
        "mean_ci_high": 0.0012103206427955305,
        "mean_ci_low": 0.0004131862021896566,
        "n": 1062,
        "p_mean_gt_0": 1.0
      },
      "folds": [
        {
          "fold_id": 1,
          "mean": 0.0008185158355598269,
          "n": 72,
          "test_end": "2025-06-27T00:00:00+00:00",
          "test_start": "2025-06-12T00:00:00+00:00"
        },
        {
          "fold_id": 2,
          "mean": -0.0011157427906661195,
          "n": 45,
          "test_end": "2025-07-12T00:00:00+00:00",
          "test_start": "2025-06-27T00:00:00+00:00"
        },
        {
          "fold_id": 3,
          "mean": 1.423646371317564e-05,
          "n": 92,
          "test_end": "2025-07-27T00:00:00+00:00",
          "test_start": "2025-07-12T00:00:00+00:00"
        },
        {
          "fold_id": 4,
          "mean": -7.17367203248372e-05,
          "n": 79,
          "test_end": "2025-08-11T00:00:00+00:00",
          "test_start": "2025-07-27T00:00:00+00:00"
        },
        {
          "fold_id": 5,
          "mean": 0.0008501017959692436,
          "n": 76,
          "test_end": "2025-08-26T00:00:00+00:00",
          "test_start": "2025-08-11T00:00:00+00:00"
        },
        {
          "fold_id": 6,
          "mean": 0.001159102104162914,
          "n": 44,
          "test_end": "2025-09-10T00:00:00+00:00",
          "test_start": "2025-08-26T00:00:00+00:00"
        },
        {
          "fold_id": 7,
          "mean": -0.00018729210504600914,
          "n": 48,
          "test_end": "2025-09-25T00:00:00+00:00",
          "test_start": "2025-09-10T00:00:00+00:00"
        },
        {
          "fold_id": 8,
          "mean": 0.00013610442258753399,
          "n": 68,
          "test_end": "2025-10-10T00:00:00+00:00",
          "test_start": "2025-09-25T00:00:00+00:00"
        },
        {
          "fold_id": 9,
          "mean": 0.0009510336394641108,
          "n": 80,
          "test_end": "2025-10-25T00:00:00+00:00",
          "test_start": "2025-10-10T00:00:00+00:00"
        },
        {
          "fold_id": 10,
          "mean": 0.0014241811664176323,
          "n": 59,
          "test_end": "2025-11-09T00:00:00+00:00",
          "test_start": "2025-10-25T00:00:00+00:00"
        },
        {
          "fold_id": 11,
          "mean": 0.002695486776125333,
          "n": 75,
          "test_end": "2025-11-24T00:00:00+00:00",
          "test_start": "2025-11-09T00:00:00+00:00"
        },
        {
          "fold_id": 12,
          "mean": 0.0014211749989479186,
          "n": 32,
          "test_end": "2025-12-09T00:00:00+00:00",
          "test_start": "2025-11-24T00:00:00+00:00"
        },
        {
          "fold_id": 13,
          "mean": 0.0009872442656115004,
          "n": 59,
          "test_end": "2025-12-24T00:00:00+00:00",
          "test_start": "2025-12-09T00:00:00+00:00"
        },
        {
          "fold_id": 14,
          "mean": 0.0010514008897342805,
          "n": 37,
          "test_end": "2026-01-08T00:00:00+00:00",
          "test_start": "2025-12-24T00:00:00+00:00"
        },
        {
          "fold_id": 15,
          "mean": 0.00018352163134824503,
          "n": 83,
          "test_end": "2026-01-23T00:00:00+00:00",
          "test_start": "2026-01-08T00:00:00+00:00"
        },
        {
          "fold_id": 16,
          "mean": 0.0019550230293648154,
          "n": 113,
          "test_end": "2026-02-07T00:00:00+00:00",
          "test_start": "2026-01-23T00:00:00+00:00"
        }
      ],
      "positive_folds": {
        "count": 13,
        "pct": 81.25,
        "total": 16
      },
      "split": {
        "step_days": 15,
        "test_days": 15,
        "train_days": 60
      }
    },
    "bps8": {
      "aggregate": {
        "mean": 0.001011005845169242,
        "mean_ci_high": 0.001410320642795531,
        "mean_ci_low": 0.0006131862021896569,
        "n": 1062,
        "p_mean_gt_0": 1.0
      },
      "folds": [
        {
          "fold_id": 1,
          "mean": 0.0010185158355598268,
          "n": 72,
          "test_end": "2025-06-27T00:00:00+00:00",
          "test_start": "2025-06-12T00:00:00+00:00"
        },
        {
          "fold_id": 2,
          "mean": -0.0009157427906661194,
          "n": 45,
          "test_end": "2025-07-12T00:00:00+00:00",
          "test_start": "2025-06-27T00:00:00+00:00"
        },
        {
          "fold_id": 3,
          "mean": 0.0002142364637131757,
          "n": 92,
          "test_end": "2025-07-27T00:00:00+00:00",
          "test_start": "2025-07-12T00:00:00+00:00"
        },
        {
          "fold_id": 4,
          "mean": 0.0001282632796751627,
          "n": 79,
          "test_end": "2025-08-11T00:00:00+00:00",
          "test_start": "2025-07-27T00:00:00+00:00"
        },
        {
          "fold_id": 5,
          "mean": 0.001050101795969244,
          "n": 76,
          "test_end": "2025-08-26T00:00:00+00:00",