{
  "baseline": {
    "bps10": {
      "mean": 0.00023134095478039834,
      "mean_ci_high": 0.0005321184812050213,
      "mean_ci_low": -6.52569331150363e-05,
      "n": 1402,
      "p_mean_gt_0": 0.9326666666666666,
      "std": 0.005821986809913296,
      "win_rate": 0.5042796005706134
    },
    "bps8": {
      "mean": 0.00043134095478039857,
      "mean_ci_high": 0.0007321184812050217,
      "mean_ci_low": 0.00013474306688496406,
      "n": 1402,
      "p_mean_gt_0": 0.9993333333333333,
      "std": 0.005821986809913296,
      "win_rate": 0.5271041369472182
    },
    "gross": {
      "mean": 0.0012313409547803987,
      "mean_ci_high": 0.0015321184812050219,
      "mean_ci_low": 0.0009347430668849641,
      "n": 1402,
      "p_mean_gt_0": 1.0,
      "std": 0.005821986809913296,
      "win_rate": 0.6255349500713266
    }
  },
  "config": {
    "bootstrap_iters": 3000,
    "cost_mode": "all",
    "days": 365,
    "horizon": 8,
    "timeframe": "5m",
    "wf": {
      "step_days": 15,
      "test_days": 15,
      "train_days": 60
    }
  },
  "diagnostics_by_mode": {
    "bps10": {
      "mae_proxy_median": -0.0010563993481741418,
      "median_hold_return": 4.669811761781693e-05,
      "return_histogram_bins": [
        "(-inf,-1%)",
        "[-1%,-0.5%)",
        "[-0.5%,-0.2%)",
        "[-0.2%,0%)",
        "[0%,0.2%)",
        "[0.2%,0.5%)",
        "[0.5%,1%)",
        "[1%,inf)"
      ],
      "return_histogram_counts": [
        53,
        88,
        238,
        316,
        268,
        239,
        144,
        56
      ],
      "top10_pct_pnl_contribution": 4.651500981002558,
      "trades_per_day": 4.428728118281929
    },
    "bps8": {
      "mae_proxy_median": -0.0010563993481741418,
      "median_hold_return": 0.0002466981176178169,
      "return_histogram_bins": [
        "(-inf,-1%)",
        "[-1%,-0.5%)",
        "[-0.5%,-0.2%)",
        "[-0.2%,0%)",
        "[0%,0.2%)",
        "[0.2%,0.5%)",
        "[0.5%,1%)",
        "[1%,inf)"
      ],
      "return_histogram_counts": [
        52,
        83,
        224,
        304,
        275,
        253,
        151,
        60
      ],
      "top10_pct_pnl_contribution": 2.5413696256759644,
      "trades_per_day": 4.428728118281929
    },
    "gross": {
      "mae_proxy_median": -0.0010563993481741418,
      "median_hold_return": 0.001046698117617817,
      "return_histogram_bins": [
        "(-inf,-1%)",
        "[-1%,-0.5%)",
        "[-0.5%,-0.2%)",
        "[-0.2%,0%)",
        "[0%,0.2%)",
        "[0.2%,0.5%)",
        "[0.5%,1%)",
        "[1%,inf)"
      ],
      "return_histogram_counts": [
        46,
        63,
        170,
        246,
        318,
        294,
        193,
        72
      ],
      "top10_pct_pnl_contribution": 0.9555869046249296,
      "trades_per_day": 4.428728118281929
    }
  },
  "family": "oi_liq",
  "hypothesis_id": "H194",
  "timestamp_utc": "2026-03-11T18:22:36+00:00",
  "wf_by_mode": {
    "bps10": {
      "aggregate": {
        "mean": 0.00018193317498056192,
        "mean_ci_high": 0.0005381325999174123,
        "mean_ci_low": -0.00017964307937947045,
        "n": 1126,
        "p_mean_gt_0": 0.831
      },
      "folds": [
        {
          "fold_id": 1,
          "mean": -0.00019123778232200552,
          "n": 85,
          "test_end": "2025-06-25T00:00:00+00:00",
          "test_start": "2025-06-10T00:00:00+00:00"
        },
        {
          "fold_id": 2,
          "mean": 0.0004111566880456531,
          "n": 47,
          "test_end": "2025-07-10T00:00:00+00:00",
          "test_start": "2025-06-25T00:00:00+00:00"
        },
        {
          "fold_id": 3,
          "mean": 0.00031550774403388846,
          "n": 85,
          "test_end": "2025-07-25T00:00:00+00:00",
          "test_start": "2025-07-10T00:00:00+00:00"
        },
        {
          "fold_id": 4,
          "mean": 0.00021220712457691149,
          "n": 66,
          "test_end": "2025-08-09T00:00:00+00:00",
          "test_start": "2025-07-25T00:00:00+00:00"
        },
        {
          "fold_id": 5,
          "mean": -0.0004978260720618492,
          "n": 78,
          "test_end": "2025-08-24T00:00:00+00:00",
          "test_start": "2025-08-09T00:00:00+00:00"
        },
        {
          "fold_id": 6,
          "mean": 0.0009213581541475961,
          "n": 29,
          "test_end": "2025-09-08T00:00:00+00:00",
          "test_start": "2025-08-24T00:00:00+00:00"
        },
        {
          "fold_id": 7,
          "mean": -0.0004315871803434603,
          "n": 36,
          "test_end": "2025-09-23T00:00:00+00:00",
          "test_start": "2025-09-08T00:00:00+00:00"
        },
        {
          "fold_id": 8,
          "mean": 0.0003266746341182619,
          "n": 86,
          "test_end": "2025-10-08T00:00:00+00:00",
          "test_start": "2025-09-23T00:00:00+00:00"
        },
        {
          "fold_id": 9,
          "mean": 0.0005767231171314996,
          "n": 82,
          "test_end": "2025-10-23T00:00:00+00:00",
          "test_start": "2025-10-08T00:00:00+00:00"
        },
        {
          "fold_id": 10,
          "mean": 0.0006594895247866236,
          "n": 48,
          "test_end": "2025-11-07T00:00:00+00:00",
          "test_start": "2025-10-23T00:00:00+00:00"
        },
        {
          "fold_id": 11,
          "mean": -0.00018160177316273762,
          "n": 72,
          "test_end": "2025-11-22T00:00:00+00:00",
          "test_start": "2025-11-07T00:00:00+00:00"
        },
        {
          "fold_id": 12,
          "mean": 0.0012066922565668707,
          "n": 63,
          "test_end": "2025-12-07T00:00:00+00:00",
          "test_start": "2025-11-22T00:00:00+00:00"
        },
        {
          "fold_id": 13,
          "mean": 0.0012462351584740352,
          "n": 54,
          "test_end": "2025-12-22T00:00:00+00:00",
          "test_start": "2025-12-07T00:00:00+00:00"
        },
        {
          "fold_id": 14,
          "mean": 0.0006706299303377391,
          "n": 48,
          "test_end": "2026-01-06T00:00:00+00:00",
          "test_start": "2025-12-22T00:00:00+00:00"
        },
        {
          "fold_id": 15,
          "mean": 0.0008274568839277892,
          "n": 63,
          "test_end": "2026-01-21T00:00:00+00:00",
          "test_start": "2026-01-06T00:00:00+00:00"
        },
        {
          "fold_id": 16,
          "mean": -0.0010091472172153132,
          "n": 110,
          "test_end": "2026-02-05T00:00:00+00:00",
          "test_start": "2026-01-21T00:00:00+00:00"
        },
        {
          "fold_id": 17,
          "mean": -0.00029710353333775043,
          "n": 74,
          "test_end": "2026-02-20T00:00:00+00:00",
          "test_start": "2026-02-05T00:00:00+00:00"
        }
      ],
      "positive_folds": {
        "count": 11,
        "pct": 64.70588235294117,
        "total": 17
      },
      "split": {
        "step_days": 15,
        "test_days": 15,
        "train_days": 60
      }
    },
    "bps8": {
      "aggregate": {
        "mean": 0.00038193317498056226,
        "mean_ci_high": 0.0007381325999174126,
        "mean_ci_low": 2.0356920620529876e-05,
        "n": 1126,
        "p_mean_gt_0": 0.9796666666666667
      },
      "folds": [
        {
          "fold_id": 1,
          "mean": 8.762217677994558e-06,
          "n": 85,
          "test_end": "2025-06-25T00:00:00+00:00",
          "test_start": "2025-06-10T00:00:00+00:00"
        },
        {
          "fold_id": 2,
          "mean": 0.0006111566880456532,
          "n": 47,
          "test_end": "2025-07-10T00:00:00+00:00",
          "test_start": "2025-06-25T00:00:00+00:00"
        },
        {
          "fold_id": 3,
          "mean": 0.0005155077440338887,
          "n": 85,
          "test_end": "2025-07-25T00:00:00+00:00",
          "test_start": "2025-07-10T00:00:00+00:00"
        },
        {
          "fold_id": 4,
          "mean": 0.00041220712457691155,
          "n": 66,