{
  "baseline": {
    "bps10": {
      "mean": 6.859944759523419e-05,
      "mean_ci_high": 0.00017261993274331612,
      "mean_ci_low": -4.095921836131296e-05,
      "n": 5316,
      "p_mean_gt_0": 0.8966666666666666,
      "std": 0.003895226737448291,
      "win_rate": 0.4525959367945824
    },
    "bps8": {
      "mean": 0.0002685994475952343,
      "mean_ci_high": 0.00037261993274331626,
      "mean_ci_low": 0.00015904078163868717,
      "n": 5316,
      "p_mean_gt_0": 1.0,
      "std": 0.003895226737448291,
      "win_rate": 0.4877727614747931
    },
    "gross": {
      "mean": 0.0010685994475952345,
      "mean_ci_high": 0.0011726199327433164,
      "mean_ci_low": 0.0009590407816386873,
      "n": 5316,
      "p_mean_gt_0": 1.0,
      "std": 0.003895226737448291,
      "win_rate": 0.6179458239277652
    }
  },
  "config": {
    "bootstrap_iters": 3000,
    "cost_mode": "all",
    "days": 365,
    "horizon": 8,
    "timeframe": "5m",
    "wf": {
      "step_days": 15,
      "test_days": 15,
      "train_days": 60
    }
  },
  "diagnostics_by_mode": {
    "bps10": {
      "mae_proxy_median": -0.0007858387515845555,
      "median_hold_return": -0.0002642472748440863,
      "return_histogram_bins": [
        "(-inf,-1%)",
        "[-1%,-0.5%)",
        "[-0.5%,-0.2%)",
        "[-0.2%,0%)",
        "[0%,0.2%)",
        "[0.2%,0.5%)",
        "[0.5%,1%)",
        "[1%,inf)"
      ],
      "return_histogram_counts": [
        34,
        231,
        982,
        1663,
        1319,
        703,
        285,
        99
      ],
      "top10_pct_pnl_contribution": 11.404182969784463,
      "trades_per_day": 15.277081503951464
    },
    "bps8": {
      "mae_proxy_median": -0.0007858387515845555,
      "median_hold_return": -6.424727484408632e-05,
      "return_histogram_bins": [
        "(-inf,-1%)",
        "[-1%,-0.5%)",
        "[-0.5%,-0.2%)",
        "[-0.2%,0%)",
        "[0%,0.2%)",
        "[0.2%,0.5%)",
        "[0.5%,1%)",
        "[1%,inf)"
      ],
      "return_histogram_counts": [
        32,
        208,
        875,
        1608,
        1425,
        755,
        306,
        107
      ],
      "top10_pct_pnl_contribution": 2.9871085294271507,
      "trades_per_day": 15.277081503951464
    },
    "gross": {
      "mae_proxy_median": -0.0007858387515845555,
      "median_hold_return": 0.0007357527251559137,
      "return_histogram_bins": [
        "(-inf,-1%)",
        "[-1%,-0.5%)",
        "[-0.5%,-0.2%)",
        "[-0.2%,0%)",
        "[0%,0.2%)",
        "[0.2%,0.5%)",
        "[0.5%,1%)",
        "[1%,inf)"
      ],
      "return_histogram_counts": [
        24,
        138,
        563,
        1305,
        1638,
        1098,
        426,
        124
      ],
      "top10_pct_pnl_contribution": 0.8257499089417434,
      "trades_per_day": 15.277081503951464
    }
  },
  "family": "oi_liq",
  "hypothesis_id": "H195",
  "timestamp_utc": "2026-03-11T18:22:46+00:00",
  "wf_by_mode": {
    "bps10": {
      "aggregate": {
        "mean": 5.486492772723102e-05,
        "mean_ci_high": 0.0001722198507828491,
        "mean_ci_low": -5.677420179862085e-05,
        "n": 4401,
        "p_mean_gt_0": 0.8223333333333334
      },
      "folds": [
        {
          "fold_id": 1,
          "mean": 0.0001409174870880009,
          "n": 234,
          "test_end": "2025-05-25T00:00:00+00:00",
          "test_start": "2025-05-10T00:00:00+00:00"
        },
        {
          "fold_id": 2,
          "mean": -2.8374982522415945e-05,
          "n": 225,
          "test_end": "2025-06-09T00:00:00+00:00",
          "test_start": "2025-05-25T00:00:00+00:00"
        },
        {
          "fold_id": 3,
          "mean": -0.00013369153982818394,
          "n": 250,
          "test_end": "2025-06-24T00:00:00+00:00",
          "test_start": "2025-06-09T00:00:00+00:00"
        },
        {
          "fold_id": 4,
          "mean": -0.00044886788126576835,
          "n": 192,
          "test_end": "2025-07-09T00:00:00+00:00",
          "test_start": "2025-06-24T00:00:00+00:00"
        },
        {
          "fold_id": 5,
          "mean": -0.0004894275322966555,
          "n": 214,
          "test_end": "2025-07-24T00:00:00+00:00",
          "test_start": "2025-07-09T00:00:00+00:00"
        },
        {
          "fold_id": 6,
          "mean": -0.0002832444025322838,
          "n": 234,
          "test_end": "2025-08-08T00:00:00+00:00",
          "test_start": "2025-07-24T00:00:00+00:00"
        },
        {
          "fold_id": 7,
          "mean": -0.00034399326620925187,
          "n": 248,
          "test_end": "2025-08-23T00:00:00+00:00",
          "test_start": "2025-08-08T00:00:00+00:00"
        },
        {
          "fold_id": 8,
          "mean": -1.0455644941200465e-05,
          "n": 255,
          "test_end": "2025-09-07T00:00:00+00:00",
          "test_start": "2025-08-23T00:00:00+00:00"
        },
        {
          "fold_id": 9,
          "mean": -0.0006694590117527705,
          "n": 220,
          "test_end": "2025-09-22T00:00:00+00:00",
          "test_start": "2025-09-07T00:00:00+00:00"
        },
        {
          "fold_id": 10,
          "mean": -0.000373476619020107,
          "n": 200,
          "test_end": "2025-10-07T00:00:00+00:00",
          "test_start": "2025-09-22T00:00:00+00:00"
        },
        {
          "fold_id": 11,
          "mean": 0.0005135247215320465,
          "n": 274,
          "test_end": "2025-10-22T00:00:00+00:00",
          "test_start": "2025-10-07T00:00:00+00:00"
        },
        {
          "fold_id": 12,
          "mean": 0.0002043585741601962,
          "n": 240,
          "test_end": "2025-11-06T00:00:00+00:00",
          "test_start": "2025-10-22T00:00:00+00:00"
        },
        {
          "fold_id": 13,
          "mean": 0.0006582431860691403,
          "n": 270,
          "test_end": "2025-11-21T00:00:00+00:00",
          "test_start": "2025-11-06T00:00:00+00:00"
        },
        {
          "fold_id": 14,
          "mean": 0.0005964718742563658,
          "n": 221,
          "test_end": "2025-12-06T00:00:00+00:00",
          "test_start": "2025-11-21T00:00:00+00:00"
        },
        {
          "fold_id": 15,
          "mean": 0.00010439180745642004,
          "n": 232,
          "test_end": "2025-12-21T00:00:00+00:00",
          "test_start": "2025-12-06T00:00:00+00:00"
        },
        {
          "fold_id": 16,
          "mean": -0.00024582131037215193,
          "n": 199,
          "test_end": "2026-01-05T00:00:00+00:00",
          "test_start": "2025-12-21T00:00:00+00:00"
        },
        {
          "fold_id": 17,
          "mean": -0.0003265090853511574,
          "n": 211,
          "test_end": "2026-01-20T00:00:00+00:00",
          "test_start": "2026-01-05T00:00:00+00:00"
        },
        {
          "fold_id": 18,
          "mean": 0.0007948348533642548,
          "n": 262,
          "test_end": "2026-02-04T00:00:00+00:00",
          "test_start": "2026-01-20T00:00:00+00:00"
        },
        {
          "fold_id": 19,
          "mean": 0.0009158804684746096,
          "n": 220,
          "test_end": "2026-02-19T00:00:00+00:00",
          "test_start": "2026-02-04T00:00:00+00:00"
        }
      ],
      "positive_folds": {
        "count": 8,
        "pct": 42.10526315789474,
        "total": 19
      },
      "split": {
        "step_days": 15,
        "test_days": 15,
        "train_days": 60
      }
    },
    "bps8": {
      "aggregate": {
        "mean": 0.00025486492772723113,
        "mean_ci_high": 0.00037221985078284925,
        "mean_ci_low": 0.00014322579820137926,
        "n": 4401,
        "p_mean_gt_0": 1.0
      },
      "folds": [
        {
          "fold_id": 1,
          "mean": 0.00034091748708800105,
          "n": 234,
          "test_end": "2025-05-25T00:00:00+00:00",
          "test_start": "2025-05-10T00:00:00+00:00"
        },
        {
          "fold_id": 2,
          "mean": 0.00017162501747758414,
          "n": 225,