{
  "baseline": {
    "bps10": {
      "mean": 0.00107076370159574,
      "mean_ci_high": 0.001439056527863948,
      "mean_ci_low": 0.0007105675671514253,
      "n": 1247,
      "p_mean_gt_0": 1.0,
      "std": 0.0064885898404074315,
      "win_rate": 0.5653568564554932
    },
    "bps8": {
      "mean": 0.0012707637015957401,
      "mean_ci_high": 0.0016390565278639488,
      "mean_ci_low": 0.0009105675671514255,
      "n": 1247,
      "p_mean_gt_0": 1.0,
      "std": 0.0064885898404074315,
      "win_rate": 0.5813953488372093
    },
    "gross": {
      "mean": 0.0020707637015957405,
      "mean_ci_high": 0.0024390565278639485,
      "mean_ci_low": 0.0017105675671514257,
      "n": 1247,
      "p_mean_gt_0": 1.0,
      "std": 0.0064885898404074315,
      "win_rate": 0.6439454691259021
    }
  },
  "config": {
    "bootstrap_iters": 3000,
    "cost_mode": "all",
    "days": 365,
    "horizon": 8,
    "timeframe": "5m",
    "wf": {
      "step_days": 15,
      "test_days": 15,
      "train_days": 60
    }
  },
  "diagnostics_by_mode": {
    "bps10": {
      "mae_proxy_median": -0.0010958791985093974,
      "median_hold_return": 0.0007935384518380504,
      "return_histogram_bins": [
        "(-inf,-1%)",
        "[-1%,-0.5%)",
        "[-0.5%,-0.2%)",
        "[-0.2%,0%)",
        "[0%,0.2%)",
        "[0.2%,0.5%)",
        "[0.5%,1%)",
        "[1%,inf)"
      ],
      "return_histogram_counts": [
        33,
        116,
        192,
        201,
        208,
        251,
        164,
        82
      ],
      "top10_pct_pnl_contribution": 1.244421073702192,
      "trades_per_day": 3.9318589883950077
    },
    "bps8": {
      "mae_proxy_median": -0.0010958791985093974,
      "median_hold_return": 0.0009935384518380505,
      "return_histogram_bins": [
        "(-inf,-1%)",
        "[-1%,-0.5%)",
        "[-0.5%,-0.2%)",
        "[-0.2%,0%)",
        "[0%,0.2%)",
        "[0.2%,0.5%)",
        "[0.5%,1%)",
        "[1%,inf)"
      ],
      "return_histogram_counts": [
        30,
        110,
        182,
        200,
        205,
        264,
        170,
        86
      ],
      "top10_pct_pnl_contribution": 1.0643434566157606,
      "trades_per_day": 3.9318589883950077
    },
    "gross": {
      "mae_proxy_median": -0.0010958791985093974,
      "median_hold_return": 0.0017935384518380504,
      "return_histogram_bins": [
        "(-inf,-1%)",
        "[-1%,-0.5%)",
        "[-0.5%,-0.2%)",
        "[-0.2%,0%)",
        "[0%,0.2%)",
        "[0.2%,0.5%)",
        "[0.5%,1%)",
        "[1%,inf)"
      ],
      "return_histogram_counts": [
        26,
        90,
        147,
        181,
        200,
        281,
        222,
        100
      ],
      "top10_pct_pnl_contribution": 0.6918807256968854,
      "trades_per_day": 3.9318589883950077
    }
  },
  "family": "oi_liq",
  "hypothesis_id": "H196",
  "timestamp_utc": "2026-03-11T18:22:55+00:00",
  "wf_by_mode": {
    "bps10": {
      "aggregate": {
        "mean": 0.0011557839968233989,
        "mean_ci_high": 0.0015623789605185732,
        "mean_ci_low": 0.0007491641364315943,
        "n": 1025,
        "p_mean_gt_0": 1.0
      },
      "folds": [
        {
          "fold_id": 1,
          "mean": 0.0013959313481843002,
          "n": 52,
          "test_end": "2025-06-25T00:00:00+00:00",
          "test_start": "2025-06-10T00:00:00+00:00"
        },
        {
          "fold_id": 2,
          "mean": -0.00041806647447880773,
          "n": 32,
          "test_end": "2025-07-10T00:00:00+00:00",
          "test_start": "2025-06-25T00:00:00+00:00"
        },
        {
          "fold_id": 3,
          "mean": -0.00011135959549226065,
          "n": 72,
          "test_end": "2025-07-25T00:00:00+00:00",
          "test_start": "2025-07-10T00:00:00+00:00"
        },
        {
          "fold_id": 4,
          "mean": 0.00019514600863746554,
          "n": 58,
          "test_end": "2025-08-09T00:00:00+00:00",
          "test_start": "2025-07-25T00:00:00+00:00"
        },
        {
          "fold_id": 5,
          "mean": 0.0010706807538483796,
          "n": 70,
          "test_end": "2025-08-24T00:00:00+00:00",
          "test_start": "2025-08-09T00:00:00+00:00"
        },
        {
          "fold_id": 6,
          "mean": 0.0010959974002365757,
          "n": 55,
          "test_end": "2025-09-08T00:00:00+00:00",
          "test_start": "2025-08-24T00:00:00+00:00"
        },
        {
          "fold_id": 7,
          "mean": 0.0001581779023144865,
          "n": 34,
          "test_end": "2025-09-23T00:00:00+00:00",
          "test_start": "2025-09-08T00:00:00+00:00"
        },
        {
          "fold_id": 8,
          "mean": 0.0004757254147718511,
          "n": 58,
          "test_end": "2025-10-08T00:00:00+00:00",
          "test_start": "2025-09-23T00:00:00+00:00"
        },
        {
          "fold_id": 9,
          "mean": 0.0013168509325281374,
          "n": 103,
          "test_end": "2025-10-23T00:00:00+00:00",
          "test_start": "2025-10-08T00:00:00+00:00"
        },
        {
          "fold_id": 10,
          "mean": 0.0012351468766547944,
          "n": 58,
          "test_end": "2025-11-07T00:00:00+00:00",
          "test_start": "2025-10-23T00:00:00+00:00"
        },
        {
          "fold_id": 11,
          "mean": 0.0013598978491531277,
          "n": 97,
          "test_end": "2025-11-22T00:00:00+00:00",
          "test_start": "2025-11-07T00:00:00+00:00"
        },
        {
          "fold_id": 12,
          "mean": 0.002700690205653386,
          "n": 23,
          "test_end": "2025-12-07T00:00:00+00:00",
          "test_start": "2025-11-22T00:00:00+00:00"
        },
        {
          "fold_id": 13,
          "mean": 0.00307183744274023,
          "n": 37,
          "test_end": "2025-12-22T00:00:00+00:00",
          "test_start": "2025-12-07T00:00:00+00:00"
        },
        {
          "fold_id": 14,
          "mean": 0.0009769718225210364,
          "n": 38,
          "test_end": "2026-01-06T00:00:00+00:00",
          "test_start": "2025-12-22T00:00:00+00:00"
        },
        {
          "fold_id": 15,
          "mean": -5.175805599456484e-05,
          "n": 76,
          "test_end": "2026-01-21T00:00:00+00:00",
          "test_start": "2026-01-06T00:00:00+00:00"
        },
        {
          "fold_id": 16,
          "mean": 0.0023719398578439677,
          "n": 100,
          "test_end": "2026-02-05T00:00:00+00:00",
          "test_start": "2026-01-21T00:00:00+00:00"
        },
        {
          "fold_id": 17,
          "mean": 0.0027197849115819113,
          "n": 62,
          "test_end": "2026-02-20T00:00:00+00:00",
          "test_start": "2026-02-05T00:00:00+00:00"
        }
      ],
      "positive_folds": {
        "count": 14,
        "pct": 82.3529411764706,
        "total": 17
      },
      "split": {
        "step_days": 15,
        "test_days": 15,
        "train_days": 60
      }
    },
    "bps8": {
      "aggregate": {
        "mean": 0.0013557839968233992,
        "mean_ci_high": 0.001762378960518574,
        "mean_ci_low": 0.0009491641364315947,
        "n": 1025,
        "p_mean_gt_0": 1.0
      },
      "folds": [
        {
          "fold_id": 1,
          "mean": 0.0015959313481843005,
          "n": 52,
          "test_end": "2025-06-25T00:00:00+00:00",
          "test_start": "2025-06-10T00:00:00+00:00"
        },
        {
          "fold_id": 2,
          "mean": -0.0002180664744788078,
          "n": 32,
          "test_end": "2025-07-10T00:00:00+00:00",
          "test_start": "2025-06-25T00:00:00+00:00"
        },
        {
          "fold_id": 3,
          "mean": 8.864040450773988e-05,
          "n": 72,
          "test_end": "2025-07-25T00:00:00+00:00",
          "test_start": "2025-07-10T00:00:00+00:00"
        },
        {
          "fold_id": 4,
          "mean": 0.0003951460086374654,
          "n": 58,
          "test_end": "2025-08-09T00:00:00+00:00",