{
  "baseline": {
    "bps10": {
      "mean": 0.0025191348294940205,
      "mean_ci_high": 0.0037274628230474817,
      "mean_ci_low": 0.0013254576533133023,
      "n": 60,
      "p_mean_gt_0": 1.0,
      "std": 0.004772972856186902,
      "win_rate": 0.6833333333333333
    },
    "bps8": {
      "mean": 0.0027191348294940214,
      "mean_ci_high": 0.003927462823047481,
      "mean_ci_low": 0.0015254576533133026,
      "n": 60,
      "p_mean_gt_0": 1.0,
      "std": 0.004772972856186902,
      "win_rate": 0.7166666666666667
    },
    "gross": {
      "mean": 0.0035191348294940214,
      "mean_ci_high": 0.004727462823047482,
      "mean_ci_low": 0.0023254576533133027,
      "n": 60,
      "p_mean_gt_0": 1.0,
      "std": 0.004772972856186902,
      "win_rate": 0.8
    }
  },
  "config": {
    "bootstrap_iters": 3000,
    "cost_mode": "all",
    "days": 365,
    "horizon": 8,
    "timeframe": "5m",
    "wf": {
      "step_days": 15,
      "test_days": 15,
      "train_days": 60
    }
  },
  "diagnostics_by_mode": {
    "bps10": {
      "mae_proxy_median": -0.0001465591387632692,
      "median_hold_return": 0.0020766757991476656,
      "return_histogram_bins": [
        "(-inf,-1%)",
        "[-1%,-0.5%)",
        "[-0.5%,-0.2%)",
        "[-0.2%,0%)",
        "[0%,0.2%)",
        "[0.2%,0.5%)",
        "[0.5%,1%)",
        "[1%,inf)"
      ],
      "return_histogram_counts": [
        1,
        1,
        4,
        13,
        10,
        15,
        13,
        3
      ],
      "top10_pct_pnl_contribution": 0.45780749753378447,
      "trades_per_day": 0.19629225736095965
    },
    "bps8": {
      "mae_proxy_median": -0.0001465591387632692,
      "median_hold_return": 0.0022766757991476657,
      "return_histogram_bins": [
        "(-inf,-1%)",
        "[-1%,-0.5%)",
        "[-0.5%,-0.2%)",
        "[-0.2%,0%)",
        "[0%,0.2%)",
        "[0.2%,0.5%)",
        "[0.5%,1%)",
        "[1%,inf)"
      ],
      "return_histogram_counts": [
        1,
        1,
        3,
        12,
        10,
        17,
        13,
        3
      ],
      "top10_pct_pnl_contribution": 0.4314897516351475,
      "trades_per_day": 0.19629225736095965
    },
    "gross": {
      "mae_proxy_median": -0.0001465591387632692,
      "median_hold_return": 0.0030766757991476656,
      "return_histogram_bins": [
        "(-inf,-1%)",
        "[-1%,-0.5%)",
        "[-0.5%,-0.2%)",
        "[-0.2%,0%)",
        "[0%,0.2%)",
        "[0.2%,0.5%)",
        "[0.5%,1%)",
        "[1%,inf)"
      ],
      "return_histogram_counts": [
        1,
        1,
        3,
        7,
        12,
        15,
        16,
        5
      ],
      "top10_pct_pnl_contribution": 0.35613264991641425,
      "trades_per_day": 0.19629225736095965
    }
  },
  "family": "oi_liq",
  "hypothesis_id": "H197",
  "timestamp_utc": "2026-03-11T18:23:03+00:00",
  "wf_by_mode": {
    "bps10": {
      "aggregate": {
        "mean": 0.002220563583919475,
        "mean_ci_high": 0.003570880204257532,
        "mean_ci_low": 0.0008412242532725122,
        "n": 42,
        "p_mean_gt_0": 0.999
      },
      "folds": [
        {
          "fold_id": 1,
          "mean": -0.004297734160773613,
          "n": 1,
          "test_end": "2025-07-05T00:00:00+00:00",
          "test_start": "2025-06-20T00:00:00+00:00"
        },
        {
          "fold_id": 2,
          "mean": 0.001379365845471465,
          "n": 4,
          "test_end": "2025-07-20T00:00:00+00:00",
          "test_start": "2025-07-05T00:00:00+00:00"
        },
        {
          "fold_id": 3,
          "mean": 0.0010834017073816935,
          "n": 4,
          "test_end": "2025-08-04T00:00:00+00:00",
          "test_start": "2025-07-20T00:00:00+00:00"
        },
        {
          "fold_id": 4,
          "mean": 0.0,
          "n": 0,
          "test_end": "2025-08-19T00:00:00+00:00",
          "test_start": "2025-08-04T00:00:00+00:00"
        },
        {
          "fold_id": 5,
          "mean": 0.002599117016448565,
          "n": 7,
          "test_end": "2025-09-03T00:00:00+00:00",
          "test_start": "2025-08-19T00:00:00+00:00"
        },
        {
          "fold_id": 6,
          "mean": 0.0053662184136365485,
          "n": 2,
          "test_end": "2025-09-18T00:00:00+00:00",
          "test_start": "2025-09-03T00:00:00+00:00"
        },
        {
          "fold_id": 7,
          "mean": 0.0030784987771819896,
          "n": 3,
          "test_end": "2025-10-03T00:00:00+00:00",
          "test_start": "2025-09-18T00:00:00+00:00"
        },
        {
          "fold_id": 8,
          "mean": 0.0,
          "n": 0,
          "test_end": "2025-10-18T00:00:00+00:00",
          "test_start": "2025-10-03T00:00:00+00:00"
        },
        {
          "fold_id": 9,
          "mean": 0.0,
          "n": 0,
          "test_end": "2025-11-02T00:00:00+00:00",
          "test_start": "2025-10-18T00:00:00+00:00"
        },
        {
          "fold_id": 10,
          "mean": 0.002588980599581107,
          "n": 6,
          "test_end": "2025-11-17T00:00:00+00:00",
          "test_start": "2025-11-02T00:00:00+00:00"
        },
        {
          "fold_id": 11,
          "mean": -0.004132736782795021,
          "n": 2,
          "test_end": "2025-12-02T00:00:00+00:00",
          "test_start": "2025-11-17T00:00:00+00:00"
        },
        {
          "fold_id": 12,
          "mean": 0.0004264645731277836,
          "n": 2,
          "test_end": "2025-12-17T00:00:00+00:00",
          "test_start": "2025-12-02T00:00:00+00:00"
        },
        {
          "fold_id": 13,
          "mean": 0.004288912866668733,
          "n": 6,
          "test_end": "2026-01-01T00:00:00+00:00",
          "test_start": "2025-12-17T00:00:00+00:00"
        },
        {
          "fold_id": 14,
          "mean": 0.00026443489699501475,
          "n": 3,
          "test_end": "2026-01-16T00:00:00+00:00",
          "test_start": "2026-01-01T00:00:00+00:00"
        },
        {
          "fold_id": 15,
          "mean": 0.0,
          "n": 0,
          "test_end": "2026-01-31T00:00:00+00:00",
          "test_start": "2026-01-16T00:00:00+00:00"
        },
        {
          "fold_id": 16,
          "mean": 0.007450230565435145,
          "n": 2,
          "test_end": "2026-02-15T00:00:00+00:00",
          "test_start": "2026-01-31T00:00:00+00:00"
        }
      ],
      "positive_folds": {
        "count": 10,
        "pct": 62.5,
        "total": 16
      },
      "split": {
        "step_days": 15,
        "test_days": 15,
        "train_days": 60
      }
    },
    "bps8": {
      "aggregate": {
        "mean": 0.0024205635839194754,
        "mean_ci_high": 0.0037708802042575327,
        "mean_ci_low": 0.0010412242532725124,
        "n": 42,
        "p_mean_gt_0": 0.9996666666666667
      },
      "folds": [
        {
          "fold_id": 1,
          "mean": -0.004097734160773614,
          "n": 1,
          "test_end": "2025-07-05T00:00:00+00:00",
          "test_start": "2025-06-20T00:00:00+00:00"
        },
        {
          "fold_id": 2,
          "mean": 0.0015793658454714649,
          "n": 4,
          "test_end": "2025-07-20T00:00:00+00:00",
          "test_start": "2025-07-05T00:00:00+00:00"
        },
        {
          "fold_id": 3,
          "mean": 0.0012834017073816931,
          "n": 4,
          "test_end": "2025-08-04T00:00:00+00:00",
          "test_start": "2025-07-20T00:00:00+00:00"
        },
        {
          "fold_id": 4,
          "mean": 0.0,
          "n": 0,
          "test_end": "2025-08-19T00:00:00+00:00",
          "test_start": "2025-08-04T00:00:00+00:00"
        },
        {
          "fold_id": 5,
          "mean": 0.0027991170164485654,
          "n": 7,
          "test_end": "2025-09-03T00:00:00+00:00",
          "test_start": "2025-08-19T00:00:00+00:00"
        },
        {
          "fold_id": 6,
          "mean": 0.005566218413636548,
          "n": 2,
          "test_end": "2025-09-18T00:00:00+00:00",