{
  "baseline": {
    "bps10": {
      "mean": -0.0017608472398456267,
      "mean_ci_high": -0.0013978887488648702,
      "mean_ci_low": -0.002137262673869781,
      "n": 792,
      "p_mean_gt_0": 0.0,
      "std": 0.005402955619815162,
      "win_rate": 0.33964646464646464
    },
    "bps8": {
      "mean": -0.0015608472398456264,
      "mean_ci_high": -0.0011978887488648697,
      "mean_ci_low": -0.00193726267386978,
      "n": 792,
      "p_mean_gt_0": 0.0,
      "std": 0.005402955619815161,
      "win_rate": 0.36363636363636365
    },
    "gross": {
      "mean": -0.0007608472398456264,
      "mean_ci_high": -0.0003978887488648697,
      "mean_ci_low": -0.00113726267386978,
      "n": 792,
      "p_mean_gt_0": 0.0,
      "std": 0.005402955619815161,
      "win_rate": 0.4532828282828283
    }
  },
  "config": {
    "bootstrap_iters": 3000,
    "cost_mode": "all",
    "days": 180,
    "horizon": 6,
    "timeframe": "5m",
    "wf": {
      "step_days": 15,
      "test_days": 15,
      "train_days": 60
    }
  },
  "diagnostics_by_mode": {
    "bps10": {
      "mae_proxy_median": -0.0018905747943743778,
      "median_hold_return": -0.0014051879264772573,
      "return_histogram_bins": [
        "(-inf,-1%)",
        "[-1%,-0.5%)",
        "[-0.5%,-0.2%)",
        "[-0.2%,0%)",
        "[0%,0.2%)",
        "[0.2%,0.5%)",
        "[0.5%,1%)",
        "[1%,inf)"
      ],
      "return_histogram_counts": [
        47,
        106,
        194,
        176,
        123,
        101,
        33,
        12
      ],
      "top10_pct_pnl_contribution": -0.4000134202085302,
      "trades_per_day": 8.575682382133994
    },
    "bps8": {
      "mae_proxy_median": -0.0018905747943743778,
      "median_hold_return": -0.0012051879264772573,
      "return_histogram_bins": [
        "(-inf,-1%)",
        "[-1%,-0.5%)",
        "[-0.5%,-0.2%)",
        "[-0.2%,0%)",
        "[0%,0.2%)",
        "[0.2%,0.5%)",
        "[0.5%,1%)",
        "[1%,inf)"
      ],
      "return_histogram_counts": [
        46,
        103,
        182,
        173,
        134,
        107,
        35,
        12
      ],
      "top10_pct_pnl_contribution": -0.464212338389426,
      "trades_per_day": 8.575682382133994
    },
    "gross": {
      "mae_proxy_median": -0.0018905747943743778,
      "median_hold_return": -0.0004051879264772573,
      "return_histogram_bins": [
        "(-inf,-1%)",
        "[-1%,-0.5%)",
        "[-0.5%,-0.2%)",
        "[-0.2%,0%)",
        "[0%,0.2%)",
        "[0.2%,0.5%)",
        "[0.5%,1%)",
        "[1%,inf)"
      ],
      "return_histogram_counts": [
        41,
        72,
        150,
        170,
        160,
        140,
        46,
        13
      ],
      "top10_pct_pnl_contribution": -1.0585207985362581,
      "trades_per_day": 8.575682382133994
    }
  },
  "family": "cross_asset_regime",
  "hypothesis_id": "H19",
  "timestamp_utc": "2026-02-23T06:25:27+00:00",
  "wf_by_mode": {
    "bps10": {
      "aggregate": {
        "mean": -0.0019049822587721647,
        "mean_ci_high": -0.0013097882296481168,
        "mean_ci_low": -0.002468988893942327,
        "n": 392,
        "p_mean_gt_0": 0.0
      },
      "folds": [
        {
          "fold_id": 1,
          "mean": -0.002003863745722025,
          "n": 172,
          "test_end": "2026-02-02T00:00:00+00:00",
          "test_start": "2026-01-18T00:00:00+00:00"
        },
        {
          "fold_id": 2,
          "mean": -0.001827674914429547,
          "n": 220,
          "test_end": "2026-02-17T00:00:00+00:00",
          "test_start": "2026-02-02T00:00:00+00:00"
        }
      ],
      "positive_folds": {
        "count": 0,
        "pct": 0.0,
        "total": 2
      },
      "split": {
        "step_days": 15,
        "test_days": 15,
        "train_days": 60
      }
    },
    "bps8": {
      "aggregate": {
        "mean": -0.0017049822587721648,
        "mean_ci_high": -0.001109788229648116,
        "mean_ci_low": -0.002268988893942326,
        "n": 392,
        "p_mean_gt_0": 0.0
      },
      "folds": [
        {
          "fold_id": 1,
          "mean": -0.001803863745722025,
          "n": 172,
          "test_end": "2026-02-02T00:00:00+00:00",
          "test_start": "2026-01-18T00:00:00+00:00"
        },
        {
          "fold_id": 2,
          "mean": -0.0016276749144295464,
          "n": 220,
          "test_end": "2026-02-17T00:00:00+00:00",
          "test_start": "2026-02-02T00:00:00+00:00"
        }
      ],
      "positive_folds": {
        "count": 0,
        "pct": 0.0,
        "total": 2
      },
      "split": {
        "step_days": 15,
        "test_days": 15,
        "train_days": 60
      }
    },
    "gross": {
      "aggregate": {
        "mean": -0.0009049822587721644,
        "mean_ci_high": -0.00030978822964811614,
        "mean_ci_low": -0.0014689888939423258,
        "n": 392,
        "p_mean_gt_0": 0.0016666666666666668
      },
      "folds": [
        {
          "fold_id": 1,
          "mean": -0.001003863745722025,
          "n": 172,
          "test_end": "2026-02-02T00:00:00+00:00",
          "test_start": "2026-01-18T00:00:00+00:00"
        },
        {
          "fold_id": 2,
          "mean": -0.0008276749144295462,
          "n": 220,
          "test_end": "2026-02-17T00:00:00+00:00",
          "test_start": "2026-02-02T00:00:00+00:00"
        }
      ],
      "positive_folds": {
        "count": 0,
        "pct": 0.0,
        "total": 2
      },
      "split": {
        "step_days": 15,
        "test_days": 15,
        "train_days": 60
      }
    }
  }
}