{
  "baseline": {
    "bps10": {
      "mean": -0.001573307445445517,
      "mean_ci_high": -0.0014162260839165532,
      "mean_ci_low": -0.0017372234861552302,
      "n": 2504,
      "p_mean_gt_0": 0.0,
      "std": 0.004171492385153746,
      "win_rate": 0.32028753993610226
    },
    "bps8": {
      "mean": -0.001373307445445517,
      "mean_ci_high": -0.001216226083916553,
      "mean_ci_low": -0.00153722348615523,
      "n": 2504,
      "p_mean_gt_0": 0.0,
      "std": 0.004171492385153746,
      "win_rate": 0.3498402555910543
    },
    "gross": {
      "mean": -0.000573307445445517,
      "mean_ci_high": -0.00041622608391655286,
      "mean_ci_low": -0.00073722348615523,
      "n": 2504,
      "p_mean_gt_0": 0.0,
      "std": 0.004171492385153746,
      "win_rate": 0.46206070287539935
    }
  },
  "config": {
    "bootstrap_iters": 3000,
    "cost_mode": "all",
    "days": 365,
    "horizon": 6,
    "timeframe": "5m",
    "wf": {
      "step_days": 15,
      "test_days": 15,
      "train_days": 60
    }
  },
  "diagnostics_by_mode": {
    "bps10": {
      "mae_proxy_median": -0.0014640568006729082,
      "median_hold_return": -0.0012732636008466183,
      "return_histogram_bins": [
        "(-inf,-1%)",
        "[-1%,-0.5%)",
        "[-0.5%,-0.2%)",
        "[-0.2%,0%)",
        "[0%,0.2%)",
        "[0.2%,0.5%)",
        "[0.5%,1%)",
        "[1%,inf)"
      ],
      "return_histogram_counts": [
        80,
        258,
        667,
        697,
        478,
        247,
        59,
        18
      ],
      "top10_pct_pnl_contribution": -0.3204789404289574,
      "trades_per_day": 9.03767200541394
    },
    "bps8": {
      "mae_proxy_median": -0.0014640568006729082,
      "median_hold_return": -0.0010732636008466182,
      "return_histogram_bins": [
        "(-inf,-1%)",
        "[-1%,-0.5%)",
        "[-0.5%,-0.2%)",
        "[-0.2%,0%)",
        "[0%,0.2%)",
        "[0.2%,0.5%)",
        "[0.5%,1%)",
        "[1%,inf)"
      ],
      "return_histogram_counts": [
        75,
        252,
        613,
        688,
        525,
        265,
        67,
        19
      ],
      "top10_pct_pnl_contribution": -0.3817497881823372,
      "trades_per_day": 9.03767200541394
    },
    "gross": {
      "mae_proxy_median": -0.0014640568006729082,
      "median_hold_return": -0.00027326360084661827,
      "return_histogram_bins": [
        "(-inf,-1%)",
        "[-1%,-0.5%)",
        "[-0.5%,-0.2%)",
        "[-0.2%,0%)",
        "[0%,0.2%)",
        "[0.2%,0.5%)",
        "[0.5%,1%)",
        "[1%,inf)"
      ],
      "return_histogram_counts": [
        68,
        180,
        437,
        662,
        635,
        403,
        97,
        22
      ],
      "top10_pct_pnl_contribution": -1.054323512629543,
      "trades_per_day": 9.03767200541394
    }
  },
  "family": "cross_asset_regime",
  "hypothesis_id": "H19",
  "timestamp_utc": "2026-02-23T06:42:40+00:00",
  "wf_by_mode": {
    "bps10": {
      "aggregate": {
        "mean": -0.001602548328114332,
        "mean_ci_high": -0.001417577881810275,
        "mean_ci_low": -0.001783773221132683,
        "n": 1928,
        "p_mean_gt_0": 0.0
      },
      "folds": [
        {
          "fold_id": 1,
          "mean": -0.001015307414885668,
          "n": 182,
          "test_end": "2025-08-01T00:00:00+00:00",
          "test_start": "2025-07-17T00:00:00+00:00"
        },
        {
          "fold_id": 2,
          "mean": -0.0013731235546448884,
          "n": 220,
          "test_end": "2025-08-16T00:00:00+00:00",
          "test_start": "2025-08-01T00:00:00+00:00"
        },
        {
          "fold_id": 3,
          "mean": -0.0016871240311679,
          "n": 174,
          "test_end": "2025-08-31T00:00:00+00:00",
          "test_start": "2025-08-16T00:00:00+00:00"
        },
        {
          "fold_id": 4,
          "mean": -0.0011706676378005934,
          "n": 108,
          "test_end": "2025-09-15T00:00:00+00:00",
          "test_start": "2025-08-31T00:00:00+00:00"
        },
        {
          "fold_id": 5,
          "mean": -0.0016641935003292323,
          "n": 78,
          "test_end": "2025-09-30T00:00:00+00:00",
          "test_start": "2025-09-15T00:00:00+00:00"
        },
        {
          "fold_id": 6,
          "mean": -0.00212570496679608,
          "n": 138,
          "test_end": "2025-10-15T00:00:00+00:00",
          "test_start": "2025-09-30T00:00:00+00:00"
        },
        {
          "fold_id": 7,
          "mean": -0.0015198149160231132,
          "n": 82,
          "test_end": "2025-10-30T00:00:00+00:00",
          "test_start": "2025-10-15T00:00:00+00:00"
        },
        {
          "fold_id": 8,
          "mean": -0.0017110691810368068,
          "n": 160,
          "test_end": "2025-11-14T00:00:00+00:00",
          "test_start": "2025-10-30T00:00:00+00:00"
        },
        {
          "fold_id": 9,
          "mean": -0.0019171264412112358,
          "n": 150,
          "test_end": "2025-11-29T00:00:00+00:00",
          "test_start": "2025-11-14T00:00:00+00:00"
        },
        {
          "fold_id": 10,
          "mean": -0.0018111250317195183,
          "n": 138,
          "test_end": "2025-12-14T00:00:00+00:00",
          "test_start": "2025-11-29T00:00:00+00:00"
        },
        {
          "fold_id": 11,
          "mean": -0.001712162002938203,
          "n": 76,
          "test_end": "2025-12-29T00:00:00+00:00",
          "test_start": "2025-12-14T00:00:00+00:00"
        },
        {
          "fold_id": 12,
          "mean": -0.0004224464558567985,
          "n": 54,
          "test_end": "2026-01-13T00:00:00+00:00",
          "test_start": "2025-12-29T00:00:00+00:00"
        },
        {
          "fold_id": 13,
          "mean": -0.001727817622560546,
          "n": 126,
          "test_end": "2026-01-28T00:00:00+00:00",
          "test_start": "2026-01-13T00:00:00+00:00"
        },
        {
          "fold_id": 14,
          "mean": -0.0018725306876164643,
          "n": 242,
          "test_end": "2026-02-12T00:00:00+00:00",
          "test_start": "2026-01-28T00:00:00+00:00"
        }
      ],
      "positive_folds": {
        "count": 0,
        "pct": 0.0,
        "total": 14
      },
      "split": {
        "step_days": 15,
        "test_days": 15,
        "train_days": 60
      }
    },
    "bps8": {
      "aggregate": {
        "mean": -0.0014025483281143317,
        "mean_ci_high": -0.0012175778818102742,
        "mean_ci_low": -0.0015837732211326822,
        "n": 1928,
        "p_mean_gt_0": 0.0
      },
      "folds": [
        {
          "fold_id": 1,
          "mean": -0.0008153074148856676,
          "n": 182,
          "test_end": "2025-08-01T00:00:00+00:00",
          "test_start": "2025-07-17T00:00:00+00:00"
        },
        {
          "fold_id": 2,
          "mean": -0.001173123554644888,
          "n": 220,
          "test_end": "2025-08-16T00:00:00+00:00",
          "test_start": "2025-08-01T00:00:00+00:00"
        },
        {
          "fold_id": 3,
          "mean": -0.0014871240311678997,
          "n": 174,
          "test_end": "2025-08-31T00:00:00+00:00",
          "test_start": "2025-08-16T00:00:00+00:00"
        },
        {
          "fold_id": 4,
          "mean": -0.0009706676378005931,
          "n": 108,
          "test_end": "2025-09-15T00:00:00+00:00",
          "test_start": "2025-08-31T00:00:00+00:00"
        },
        {
          "fold_id": 5,
          "mean": -0.0014641935003292315,
          "n": 78,
          "test_end": "2025-09-30T00:00:00+00:00",
          "test_start": "2025-09-15T00:00:00+00:00"
        },
        {
          "fold_id": 6,
          "mean": -0.0019257049667960786,
          "n": 138,
          "test_end": "2025-10-15T00:00:00+00:00",
          "test_start": "2025-09-30T00:00:00+00:00"
        },
        {
          "fold_id": 7,
          "mean": -0.001319814916023113,
          "n": 82,
          "test_end": "2025-10-30T00:00:00+00:00",