{
  "baseline": {
    "bps10": {
      "mean": 0.0024347025568025676,
      "mean_ci_high": 0.003699588736595318,
      "mean_ci_low": 0.0012034394943959974,
      "n": 133,
      "p_mean_gt_0": 1.0,
      "std": 0.007424348438608502,
      "win_rate": 0.5714285714285714
    },
    "bps8": {
      "mean": 0.0026347025568025685,
      "mean_ci_high": 0.0038995887365953184,
      "mean_ci_low": 0.0014034394943959977,
      "n": 133,
      "p_mean_gt_0": 1.0,
      "std": 0.007424348438608503,
      "win_rate": 0.5864661654135338
    },
    "gross": {
      "mean": 0.0034347025568025684,
      "mean_ci_high": 0.00469958873659532,
      "mean_ci_low": 0.0022034394943959974,
      "n": 133,
      "p_mean_gt_0": 1.0,
      "std": 0.007424348438608502,
      "win_rate": 0.6390977443609023
    }
  },
  "config": {
    "bootstrap_iters": 3000,
    "cost_mode": "all",
    "days": 365,
    "horizon": 12,
    "timeframe": "5m",
    "wf": {
      "step_days": 15,
      "test_days": 15,
      "train_days": 60
    }
  },
  "diagnostics_by_mode": {
    "bps10": {
      "mae_proxy_median": -0.0013261553882454313,
      "median_hold_return": 0.0011557596918678756,
      "return_histogram_bins": [
        "(-inf,-1%)",
        "[-1%,-0.5%)",
        "[-0.5%,-0.2%)",
        "[-0.2%,0%)",
        "[0%,0.2%)",
        "[0.2%,0.5%)",
        "[0.5%,1%)",
        "[1%,inf)"
      ],
      "return_histogram_counts": [
        0,
        15,
        24,
        18,
        17,
        23,
        17,
        19
      ],
      "top10_pct_pnl_contribution": 0.804060428547853,
      "trades_per_day": 0.4104410441044104
    },
    "bps8": {
      "mae_proxy_median": -0.0013261553882454313,
      "median_hold_return": 0.0013557596918678757,
      "return_histogram_bins": [
        "(-inf,-1%)",
        "[-1%,-0.5%)",
        "[-0.5%,-0.2%)",
        "[-0.2%,0%)",
        "[0%,0.2%)",
        "[0.2%,0.5%)",
        "[0.5%,1%)",
        "[1%,inf)"
      ],
      "return_histogram_counts": [
        0,
        15,
        22,
        18,
        19,
        21,
        18,
        20
      ],
      "top10_pct_pnl_contribution": 0.7510147996324458,
      "trades_per_day": 0.4104410441044104
    },
    "gross": {
      "mae_proxy_median": -0.0013261553882454313,
      "median_hold_return": 0.0021557596918678756,
      "return_histogram_bins": [
        "(-inf,-1%)",
        "[-1%,-0.5%)",
        "[-0.5%,-0.2%)",
        "[-0.2%,0%)",
        "[0%,0.2%)",
        "[0.2%,0.5%)",
        "[0.5%,1%)",
        "[1%,inf)"
      ],
      "return_histogram_counts": [
        0,
        12,
        17,
        19,
        16,
        27,
        19,
        23
      ],
      "top10_pct_pnl_contribution": 0.6006083801982455,
      "trades_per_day": 0.4104410441044104
    }
  },
  "family": "exit_logic",
  "hypothesis_id": "H202",
  "timestamp_utc": "2026-03-11T16:59:12+00:00",
  "wf_by_mode": {
    "bps10": {
      "aggregate": {
        "mean": 0.001894223092289645,
        "mean_ci_high": 0.003322251145712658,
        "mean_ci_low": 0.0005316687671358495,
        "n": 97,
        "p_mean_gt_0": 0.9973333333333333
      },
      "folds": [
        {
          "fold_id": 1,
          "mean": 0.0005839831358529695,
          "n": 6,
          "test_end": "2025-06-16T00:00:00+00:00",
          "test_start": "2025-06-01T00:00:00+00:00"
        },
        {
          "fold_id": 2,
          "mean": 0.0011215330884900574,
          "n": 5,
          "test_end": "2025-07-01T00:00:00+00:00",
          "test_start": "2025-06-16T00:00:00+00:00"
        },
        {
          "fold_id": 3,
          "mean": -0.001634173692215023,
          "n": 4,
          "test_end": "2025-07-16T00:00:00+00:00",
          "test_start": "2025-07-01T00:00:00+00:00"
        },
        {
          "fold_id": 4,
          "mean": 0.0009381056584767776,
          "n": 9,
          "test_end": "2025-07-31T00:00:00+00:00",
          "test_start": "2025-07-16T00:00:00+00:00"
        },
        {
          "fold_id": 5,
          "mean": 0.012393014271088187,
          "n": 2,
          "test_end": "2025-08-15T00:00:00+00:00",
          "test_start": "2025-07-31T00:00:00+00:00"
        },
        {
          "fold_id": 6,
          "mean": 0.001067067952161563,
          "n": 8,
          "test_end": "2025-08-30T00:00:00+00:00",
          "test_start": "2025-08-15T00:00:00+00:00"
        },
        {
          "fold_id": 7,
          "mean": 0.00040297688532144597,
          "n": 6,
          "test_end": "2025-09-14T00:00:00+00:00",
          "test_start": "2025-08-30T00:00:00+00:00"
        },
        {
          "fold_id": 8,
          "mean": -0.0007983939257818253,
          "n": 5,
          "test_end": "2025-09-29T00:00:00+00:00",
          "test_start": "2025-09-14T00:00:00+00:00"
        },
        {
          "fold_id": 9,
          "mean": 0.003075999721983536,
          "n": 5,
          "test_end": "2025-10-14T00:00:00+00:00",
          "test_start": "2025-09-29T00:00:00+00:00"
        },
        {
          "fold_id": 10,
          "mean": 0.006633575534890508,
          "n": 7,
          "test_end": "2025-10-29T00:00:00+00:00",
          "test_start": "2025-10-14T00:00:00+00:00"
        },
        {
          "fold_id": 11,
          "mean": 0.004972461701359482,
          "n": 4,
          "test_end": "2025-11-13T00:00:00+00:00",
          "test_start": "2025-10-29T00:00:00+00:00"
        },
        {
          "fold_id": 12,
          "mean": -0.0002661034978609678,
          "n": 7,
          "test_end": "2025-11-28T00:00:00+00:00",
          "test_start": "2025-11-13T00:00:00+00:00"
        },
        {
          "fold_id": 13,
          "mean": 0.011023082891977176,
          "n": 4,
          "test_end": "2025-12-13T00:00:00+00:00",
          "test_start": "2025-11-28T00:00:00+00:00"
        },
        {
          "fold_id": 14,
          "mean": 0.0028230074652930014,
          "n": 8,
          "test_end": "2025-12-28T00:00:00+00:00",
          "test_start": "2025-12-13T00:00:00+00:00"
        },
        {
          "fold_id": 15,
          "mean": 0.0010931949936941196,
          "n": 8,
          "test_end": "2026-01-12T00:00:00+00:00",
          "test_start": "2025-12-28T00:00:00+00:00"
        },
        {
          "fold_id": 16,
          "mean": -0.00023339912207781446,
          "n": 4,
          "test_end": "2026-01-27T00:00:00+00:00",
          "test_start": "2026-01-12T00:00:00+00:00"
        },
        {
          "fold_id": 17,
          "mean": -0.002671429746289732,
          "n": 5,
          "test_end": "2026-02-11T00:00:00+00:00",
          "test_start": "2026-01-27T00:00:00+00:00"
        }
      ],
      "positive_folds": {
        "count": 12,
        "pct": 70.58823529411765,
        "total": 17
      },
      "split": {
        "step_days": 15,
        "test_days": 15,
        "train_days": 60
      }
    },
    "bps8": {
      "aggregate": {
        "mean": 0.0020942230922896456,
        "mean_ci_high": 0.0035222511457126586,
        "mean_ci_low": 0.0007316687671358503,
        "n": 97,
        "p_mean_gt_0": 0.9983333333333333
      },
      "folds": [
        {
          "fold_id": 1,
          "mean": 0.0007839831358529694,
          "n": 6,
          "test_end": "2025-06-16T00:00:00+00:00",
          "test_start": "2025-06-01T00:00:00+00:00"
        },
        {
          "fold_id": 2,
          "mean": 0.001321533088490057,
          "n": 5,
          "test_end": "2025-07-01T00:00:00+00:00",
          "test_start": "2025-06-16T00:00:00+00:00"
        },
        {
          "fold_id": 3,
          "mean": -0.001434173692215023,
          "n": 4,
          "test_end": "2025-07-16T00:00:00+00:00",
          "test_start": "2025-07-01T00:00:00+00:00"
        },
        {
          "fold_id": 4,
          "mean": 0.0011381056584767778,
          "n": 9,
          "test_end": "2025-07-31T00:00:00+00:00",