{
  "baseline": {
    "bps10": {
      "mean": 0.0013851717718734557,
      "mean_ci_high": 0.002096229206429905,
      "mean_ci_low": 0.0006469685878593086,
      "n": 133,
      "p_mean_gt_0": 1.0,
      "std": 0.004219269770467502,
      "win_rate": 0.6691729323308271
    },
    "bps8": {
      "mean": 0.0015851717718734558,
      "mean_ci_high": 0.002296229206429906,
      "mean_ci_low": 0.0008469685878593087,
      "n": 133,
      "p_mean_gt_0": 1.0,
      "std": 0.004219269770467502,
      "win_rate": 0.6917293233082706
    },
    "gross": {
      "mean": 0.002385171771873456,
      "mean_ci_high": 0.0030962292064299055,
      "mean_ci_low": 0.001646968587859309,
      "n": 133,
      "p_mean_gt_0": 1.0,
      "std": 0.004219269770467502,
      "win_rate": 0.7218045112781954
    }
  },
  "config": {
    "bootstrap_iters": 3000,
    "cost_mode": "all",
    "days": 365,
    "horizon": 12,
    "timeframe": "5m",
    "wf": {
      "step_days": 15,
      "test_days": 15,
      "train_days": 60
    }
  },
  "diagnostics_by_mode": {
    "bps10": {
      "mae_proxy_median": -0.0013261553882454313,
      "median_hold_return": 0.0027126370889419835,
      "return_histogram_bins": [
        "(-inf,-1%)",
        "[-1%,-0.5%)",
        "[-0.5%,-0.2%)",
        "[-0.2%,0%)",
        "[0%,0.2%)",
        "[0.2%,0.5%)",
        "[0.5%,1%)",
        "[1%,inf)"
      ],
      "return_histogram_counts": [
        1,
        9,
        14,
        20,
        11,
        65,
        11,
        2
      ],
      "top10_pct_pnl_contribution": 0.5730611862928978,
      "trades_per_day": 0.4104410441044104
    },
    "bps8": {
      "mae_proxy_median": -0.0013261553882454313,
      "median_hold_return": 0.0029126370889419836,
      "return_histogram_bins": [
        "(-inf,-1%)",
        "[-1%,-0.5%)",
        "[-0.5%,-0.2%)",
        "[-0.2%,0%)",
        "[0%,0.2%)",
        "[0.2%,0.5%)",
        "[0.5%,1%)",
        "[1%,inf)"
      ],
      "return_histogram_counts": [
        1,
        9,
        14,
        17,
        14,
        63,
        12,
        3
      ],
      "top10_pct_pnl_contribution": 0.5140394402968425,
      "trades_per_day": 0.4104410441044104
    },
    "gross": {
      "mae_proxy_median": -0.0013261553882454313,
      "median_hold_return": 0.0037126370889419835,
      "return_histogram_bins": [
        "(-inf,-1%)",
        "[-1%,-0.5%)",
        "[-0.5%,-0.2%)",
        "[-0.2%,0%)",
        "[0%,0.2%)",
        "[0.2%,0.5%)",
        "[0.5%,1%)",
        "[1%,inf)"
      ],
      "return_histogram_counts": [
        0,
        9,
        11,
        17,
        13,
        54,
        26,
        3
      ],
      "top10_pct_pnl_contribution": 0.37693358076169337,
      "trades_per_day": 0.4104410441044104
    }
  },
  "family": "exit_logic",
  "hypothesis_id": "H203",
  "timestamp_utc": "2026-03-11T16:59:18+00:00",
  "wf_by_mode": {
    "bps10": {
      "aggregate": {
        "mean": 0.001464305850159525,
        "mean_ci_high": 0.002310103880137566,
        "mean_ci_low": 0.0006325155992508032,
        "n": 97,
        "p_mean_gt_0": 1.0
      },
      "folds": [
        {
          "fold_id": 1,
          "mean": 0.0014408014020996604,
          "n": 6,
          "test_end": "2025-06-16T00:00:00+00:00",
          "test_start": "2025-06-01T00:00:00+00:00"
        },
        {
          "fold_id": 2,
          "mean": 0.0019274807122739775,
          "n": 5,
          "test_end": "2025-07-01T00:00:00+00:00",
          "test_start": "2025-06-16T00:00:00+00:00"
        },
        {
          "fold_id": 3,
          "mean": 0.000405743712120433,
          "n": 4,
          "test_end": "2025-07-16T00:00:00+00:00",
          "test_start": "2025-07-01T00:00:00+00:00"
        },
        {
          "fold_id": 4,
          "mean": 0.00011605024980057332,
          "n": 9,
          "test_end": "2025-07-31T00:00:00+00:00",
          "test_start": "2025-07-16T00:00:00+00:00"
        },
        {
          "fold_id": 5,
          "mean": 0.010441034947505479,
          "n": 2,
          "test_end": "2025-08-15T00:00:00+00:00",
          "test_start": "2025-07-31T00:00:00+00:00"
        },
        {
          "fold_id": 6,
          "mean": 0.0003378929761523467,
          "n": 8,
          "test_end": "2025-08-30T00:00:00+00:00",
          "test_start": "2025-08-15T00:00:00+00:00"
        },
        {
          "fold_id": 7,
          "mean": 0.00044800457471661035,
          "n": 6,
          "test_end": "2025-09-14T00:00:00+00:00",
          "test_start": "2025-08-30T00:00:00+00:00"
        },
        {
          "fold_id": 8,
          "mean": 0.000795984993409383,
          "n": 5,
          "test_end": "2025-09-29T00:00:00+00:00",
          "test_start": "2025-09-14T00:00:00+00:00"
        },
        {
          "fold_id": 9,
          "mean": 0.0022152957547783908,
          "n": 5,
          "test_end": "2025-10-14T00:00:00+00:00",
          "test_start": "2025-09-29T00:00:00+00:00"
        },
        {
          "fold_id": 10,
          "mean": 0.002832396318121378,
          "n": 7,
          "test_end": "2025-10-29T00:00:00+00:00",
          "test_start": "2025-10-14T00:00:00+00:00"
        },
        {
          "fold_id": 11,
          "mean": 0.002861299140036939,
          "n": 4,
          "test_end": "2025-11-13T00:00:00+00:00",
          "test_start": "2025-10-29T00:00:00+00:00"
        },
        {
          "fold_id": 12,
          "mean": -0.0002359112878712909,
          "n": 7,
          "test_end": "2025-11-28T00:00:00+00:00",
          "test_start": "2025-11-13T00:00:00+00:00"
        },
        {
          "fold_id": 13,
          "mean": 0.0011677653889470294,
          "n": 4,
          "test_end": "2025-12-13T00:00:00+00:00",
          "test_start": "2025-11-28T00:00:00+00:00"
        },
        {
          "fold_id": 14,
          "mean": 0.003569353188616967,
          "n": 8,
          "test_end": "2025-12-28T00:00:00+00:00",
          "test_start": "2025-12-13T00:00:00+00:00"
        },
        {
          "fold_id": 15,
          "mean": 0.0006124509623251654,
          "n": 8,
          "test_end": "2026-01-12T00:00:00+00:00",
          "test_start": "2025-12-28T00:00:00+00:00"
        },
        {
          "fold_id": 16,
          "mean": 0.00015101497576985954,
          "n": 4,
          "test_end": "2026-01-27T00:00:00+00:00",
          "test_start": "2026-01-12T00:00:00+00:00"
        },
        {
          "fold_id": 17,
          "mean": 0.0022816474126095892,
          "n": 5,
          "test_end": "2026-02-11T00:00:00+00:00",
          "test_start": "2026-01-27T00:00:00+00:00"
        }
      ],
      "positive_folds": {
        "count": 16,
        "pct": 94.11764705882354,
        "total": 17
      },
      "split": {
        "step_days": 15,
        "test_days": 15,
        "train_days": 60
      }
    },
    "bps8": {
      "aggregate": {
        "mean": 0.0016643058501595253,
        "mean_ci_high": 0.0025101038801375666,
        "mean_ci_low": 0.0008325155992508034,
        "n": 97,
        "p_mean_gt_0": 1.0
      },
      "folds": [
        {
          "fold_id": 1,
          "mean": 0.0016408014020996608,
          "n": 6,
          "test_end": "2025-06-16T00:00:00+00:00",
          "test_start": "2025-06-01T00:00:00+00:00"
        },
        {
          "fold_id": 2,
          "mean": 0.0021274807122739774,
          "n": 5,
          "test_end": "2025-07-01T00:00:00+00:00",
          "test_start": "2025-06-16T00:00:00+00:00"
        },
        {
          "fold_id": 3,
          "mean": 0.0006057437121204331,
          "n": 4,
          "test_end": "2025-07-16T00:00:00+00:00",
          "test_start": "2025-07-01T00:00:00+00:00"
        },
        {
          "fold_id": 4,
          "mean": 0.0003160502498005731,
          "n": 9,
          "test_end": "2025-07-31T00:00:00+00:00",
          "test_start": "2025-07-16T00:00:00+00:00"
        },
        {
          "fold_id": 5,