{
  "baseline": {
    "bps10": {
      "mean": 0.0008327328319262603,
      "mean_ci_high": 0.0017949777544548392,
      "mean_ci_low": -8.583955544799508e-05,
      "n": 133,
      "p_mean_gt_0": 0.96,
      "std": 0.005527092753333304,
      "win_rate": 0.48120300751879697
    },
    "bps8": {
      "mean": 0.0010327328319262607,
      "mean_ci_high": 0.0019949777544548395,
      "mean_ci_low": 0.00011416044455200513,
      "n": 133,
      "p_mean_gt_0": 0.9873333333333333,
      "std": 0.005527092753333304,
      "win_rate": 0.48872180451127817
    },
    "gross": {
      "mean": 0.0018327328319262608,
      "mean_ci_high": 0.00279497775445484,
      "mean_ci_low": 0.0009141604445520051,
      "n": 133,
      "p_mean_gt_0": 1.0,
      "std": 0.005527092753333304,
      "win_rate": 0.5413533834586466
    }
  },
  "config": {
    "bootstrap_iters": 3000,
    "cost_mode": "all",
    "days": 365,
    "horizon": 12,
    "timeframe": "5m",
    "wf": {
      "step_days": 15,
      "test_days": 15,
      "train_days": 60
    }
  },
  "diagnostics_by_mode": {
    "bps10": {
      "mae_proxy_median": -0.0013261553882454313,
      "median_hold_return": -0.00052569569020433,
      "return_histogram_bins": [
        "(-inf,-1%)",
        "[-1%,-0.5%)",
        "[-0.5%,-0.2%)",
        "[-0.2%,0%)",
        "[0%,0.2%)",
        "[0.2%,0.5%)",
        "[0.5%,1%)",
        "[1%,inf)"
      ],
      "return_histogram_counts": [
        1,
        7,
        45,
        16,
        21,
        20,
        8,
        15
      ],
      "top10_pct_pnl_contribution": 1.639386432951654,
      "trades_per_day": 0.4104410441044104
    },
    "bps8": {
      "mae_proxy_median": -0.0013261553882454313,
      "median_hold_return": -0.00032569569020433,
      "return_histogram_bins": [
        "(-inf,-1%)",
        "[-1%,-0.5%)",
        "[-0.5%,-0.2%)",
        "[-0.2%,0%)",
        "[0%,0.2%)",
        "[0.2%,0.5%)",
        "[0.5%,1%)",
        "[1%,inf)"
      ],
      "return_histogram_counts": [
        1,
        6,
        43,
        18,
        20,
        20,
        10,
        15
      ],
      "top10_pct_pnl_contribution": 1.3422866937682951,
      "trades_per_day": 0.4104410441044104
    },
    "gross": {
      "mae_proxy_median": -0.0013261553882454313,
      "median_hold_return": 0.00047430430979567006,
      "return_histogram_bins": [
        "(-inf,-1%)",
        "[-1%,-0.5%)",
        "[-0.5%,-0.2%)",
        "[-0.2%,0%)",
        "[0%,0.2%)",
        "[0.2%,0.5%)",
        "[0.5%,1%)",
        "[1%,inf)"
      ],
      "return_histogram_counts": [
        0,
        5,
        36,
        20,
        19,
        25,
        11,
        17
      ],
      "top10_pct_pnl_contribution": 0.8023177405964758,
      "trades_per_day": 0.4104410441044104
    }
  },
  "family": "exit_logic",
  "hypothesis_id": "H204",
  "timestamp_utc": "2026-03-11T16:59:24+00:00",
  "wf_by_mode": {
    "bps10": {
      "aggregate": {
        "mean": 0.0005325012561278458,
        "mean_ci_high": 0.0014981985669853483,
        "mean_ci_low": -0.00045448459104225275,
        "n": 97,
        "p_mean_gt_0": 0.8516666666666667
      },
      "folds": [
        {
          "fold_id": 1,
          "mean": 0.0014949641824381823,
          "n": 6,
          "test_end": "2025-06-16T00:00:00+00:00",
          "test_start": "2025-06-01T00:00:00+00:00"
        },
        {
          "fold_id": 2,
          "mean": 0.002684405871485307,
          "n": 5,
          "test_end": "2025-07-01T00:00:00+00:00",
          "test_start": "2025-06-16T00:00:00+00:00"
        },
        {
          "fold_id": 3,
          "mean": -0.0008687853318729557,
          "n": 4,
          "test_end": "2025-07-16T00:00:00+00:00",
          "test_start": "2025-07-01T00:00:00+00:00"
        },
        {
          "fold_id": 4,
          "mean": 0.0009541270211108998,
          "n": 9,
          "test_end": "2025-07-31T00:00:00+00:00",
          "test_start": "2025-07-16T00:00:00+00:00"
        },
        {
          "fold_id": 5,
          "mean": 0.0011045383033304055,
          "n": 2,
          "test_end": "2025-08-15T00:00:00+00:00",
          "test_start": "2025-07-31T00:00:00+00:00"
        },
        {
          "fold_id": 6,
          "mean": 0.0018191919312432474,
          "n": 8,
          "test_end": "2025-08-30T00:00:00+00:00",
          "test_start": "2025-08-15T00:00:00+00:00"
        },
        {
          "fold_id": 7,
          "mean": -0.00017666972394236782,
          "n": 6,
          "test_end": "2025-09-14T00:00:00+00:00",
          "test_start": "2025-08-30T00:00:00+00:00"
        },
        {
          "fold_id": 8,
          "mean": -0.00044204964018856787,
          "n": 5,
          "test_end": "2025-09-29T00:00:00+00:00",
          "test_start": "2025-09-14T00:00:00+00:00"
        },
        {
          "fold_id": 9,
          "mean": 0.0023200536502434818,
          "n": 5,
          "test_end": "2025-10-14T00:00:00+00:00",
          "test_start": "2025-09-29T00:00:00+00:00"
        },
        {
          "fold_id": 10,
          "mean": 8.686307816725183e-05,
          "n": 7,
          "test_end": "2025-10-29T00:00:00+00:00",
          "test_start": "2025-10-14T00:00:00+00:00"
        },
        {
          "fold_id": 11,
          "mean": 0.00193556860979674,
          "n": 4,
          "test_end": "2025-11-13T00:00:00+00:00",
          "test_start": "2025-10-29T00:00:00+00:00"
        },
        {
          "fold_id": 12,
          "mean": -0.0021565657317494133,
          "n": 7,
          "test_end": "2025-11-28T00:00:00+00:00",
          "test_start": "2025-11-13T00:00:00+00:00"
        },
        {
          "fold_id": 13,
          "mean": 0.008294403336495115,
          "n": 4,
          "test_end": "2025-12-13T00:00:00+00:00",
          "test_start": "2025-11-28T00:00:00+00:00"
        },
        {
          "fold_id": 14,
          "mean": -0.0003426535921867139,
          "n": 8,
          "test_end": "2025-12-28T00:00:00+00:00",
          "test_start": "2025-12-13T00:00:00+00:00"
        },
        {
          "fold_id": 15,
          "mean": 0.0010274936796405712,
          "n": 8,
          "test_end": "2026-01-12T00:00:00+00:00",
          "test_start": "2025-12-28T00:00:00+00:00"
        },
        {
          "fold_id": 16,
          "mean": -0.002985354582388854,
          "n": 4,
          "test_end": "2026-01-27T00:00:00+00:00",
          "test_start": "2026-01-12T00:00:00+00:00"
        },
        {
          "fold_id": 17,
          "mean": -0.004182615962711144,
          "n": 5,
          "test_end": "2026-02-11T00:00:00+00:00",
          "test_start": "2026-01-27T00:00:00+00:00"
        }
      ],
      "positive_folds": {
        "count": 10,
        "pct": 58.8235294117647,
        "total": 17
      },
      "split": {
        "step_days": 15,
        "test_days": 15,
        "train_days": 60
      }
    },
    "bps8": {
      "aggregate": {
        "mean": 0.0007325012561278462,
        "mean_ci_high": 0.001698198566985349,
        "mean_ci_low": -0.00025448459104225255,
        "n": 97,
        "p_mean_gt_0": 0.927
      },
      "folds": [
        {
          "fold_id": 1,
          "mean": 0.0016949641824381826,
          "n": 6,
          "test_end": "2025-06-16T00:00:00+00:00",
          "test_start": "2025-06-01T00:00:00+00:00"
        },
        {
          "fold_id": 2,
          "mean": 0.002884405871485308,
          "n": 5,
          "test_end": "2025-07-01T00:00:00+00:00",
          "test_start": "2025-06-16T00:00:00+00:00"
        },
        {
          "fold_id": 3,
          "mean": -0.0006687853318729557,
          "n": 4,
          "test_end": "2025-07-16T00:00:00+00:00",
          "test_start": "2025-07-01T00:00:00+00:00"
        },
        {
          "fold_id": 4,
          "mean": 0.0011541270211109,
          "n": 9,
          "test_end": "2025-07-31T00:00:00+00:00",