{
  "baseline": {
    "bps10": {
      "mean": 0.000721724086565051,
      "mean_ci_high": 0.0010505203451706452,
      "mean_ci_low": 0.00038595927177005693,
      "n": 1357,
      "p_mean_gt_0": 1.0,
      "std": 0.006198136130472661,
      "win_rate": 0.5202652910832719
    },
    "bps8": {
      "mean": 0.0009217240865650512,
      "mean_ci_high": 0.0012505203451706457,
      "mean_ci_low": 0.0005859592717700572,
      "n": 1357,
      "p_mean_gt_0": 1.0,
      "std": 0.006198136130472661,
      "win_rate": 0.5350036845983788
    },
    "gross": {
      "mean": 0.0017217240865650513,
      "mean_ci_high": 0.0020505203451706457,
      "mean_ci_low": 0.0013859592717700574,
      "n": 1357,
      "p_mean_gt_0": 1.0,
      "std": 0.006198136130472661,
      "win_rate": 0.5954310980103169
    }
  },
  "config": {
    "bootstrap_iters": 3000,
    "cost_mode": "all",
    "days": 365,
    "horizon": 8,
    "timeframe": "5m",
    "wf": {
      "step_days": 15,
      "test_days": 15,
      "train_days": 60
    }
  },
  "diagnostics_by_mode": {
    "bps10": {
      "mae_proxy_median": -0.0011160916544115107,
      "median_hold_return": 0.0002960429177811816,
      "return_histogram_bins": [
        "(-inf,-1%)",
        "[-1%,-0.5%)",
        "[-0.5%,-0.2%)",
        "[-0.2%,0%)",
        "[0%,0.2%)",
        "[0.2%,0.5%)",
        "[0.5%,1%)",
        "[1%,inf)"
      ],
      "return_histogram_counts": [
        25,
        140,
        271,
        215,
        218,
        250,
        157,
        81
      ],
      "top10_pct_pnl_contribution": 1.77795521448316,
      "trades_per_day": 4.278694985767462
    },
    "bps8": {
      "mae_proxy_median": -0.0011160916544115107,
      "median_hold_return": 0.0004960429177811816,
      "return_histogram_bins": [
        "(-inf,-1%)",
        "[-1%,-0.5%)",
        "[-0.5%,-0.2%)",
        "[-0.2%,0%)",
        "[0%,0.2%)",
        "[0.2%,0.5%)",
        "[0.5%,1%)",
        "[1%,inf)"
      ],
      "return_histogram_counts": [
        24,
        128,
        267,
        212,
        216,
        262,
        163,
        85
      ],
      "top10_pct_pnl_contribution": 1.4139126201678107,
      "trades_per_day": 4.278694985767462
    },
    "gross": {
      "mae_proxy_median": -0.0011160916544115107,
      "median_hold_return": 0.0012960429177811816,
      "return_histogram_bins": [
        "(-inf,-1%)",
        "[-1%,-0.5%)",
        "[-0.5%,-0.2%)",
        "[-0.2%,0%)",
        "[0%,0.2%)",
        "[0.2%,0.5%)",
        "[0.5%,1%)",
        "[1%,inf)"
      ],
      "return_histogram_counts": [
        19,
        88,
        236,
        206,
        214,
        281,
        214,
        99
      ],
      "top10_pct_pnl_contribution": 0.8035051549921414,
      "trades_per_day": 4.278694985767462
    }
  },
  "family": "exit_logic",
  "hypothesis_id": "H207",
  "timestamp_utc": "2026-03-11T16:59:44+00:00",
  "wf_by_mode": {
    "bps10": {
      "aggregate": {
        "mean": 0.0007616896600149642,
        "mean_ci_high": 0.0011509350877587754,
        "mean_ci_low": 0.00038598544119742683,
        "n": 1107,
        "p_mean_gt_0": 1.0
      },
      "folds": [
        {
          "fold_id": 1,
          "mean": 0.0010305534572322957,
          "n": 52,
          "test_end": "2025-06-25T00:00:00+00:00",
          "test_start": "2025-06-10T00:00:00+00:00"
        },
        {
          "fold_id": 2,
          "mean": -0.00025860902448038547,
          "n": 33,
          "test_end": "2025-07-10T00:00:00+00:00",
          "test_start": "2025-06-25T00:00:00+00:00"
        },
        {
          "fold_id": 3,
          "mean": -0.0005209913644225206,
          "n": 80,
          "test_end": "2025-07-25T00:00:00+00:00",
          "test_start": "2025-07-10T00:00:00+00:00"
        },
        {
          "fold_id": 4,
          "mean": -0.000172395596604431,
          "n": 62,
          "test_end": "2025-08-09T00:00:00+00:00",
          "test_start": "2025-07-25T00:00:00+00:00"
        },
        {
          "fold_id": 5,
          "mean": 0.0007357234441821109,
          "n": 81,
          "test_end": "2025-08-24T00:00:00+00:00",
          "test_start": "2025-08-09T00:00:00+00:00"
        },
        {
          "fold_id": 6,
          "mean": 0.0009258274964935332,
          "n": 60,
          "test_end": "2025-09-08T00:00:00+00:00",
          "test_start": "2025-08-24T00:00:00+00:00"
        },
        {
          "fold_id": 7,
          "mean": -0.00029149156649019655,
          "n": 38,
          "test_end": "2025-09-23T00:00:00+00:00",
          "test_start": "2025-09-08T00:00:00+00:00"
        },
        {
          "fold_id": 8,
          "mean": 0.00029126080466627735,
          "n": 69,
          "test_end": "2025-10-08T00:00:00+00:00",
          "test_start": "2025-09-23T00:00:00+00:00"
        },
        {
          "fold_id": 9,
          "mean": 0.0006187392337335962,
          "n": 113,
          "test_end": "2025-10-23T00:00:00+00:00",
          "test_start": "2025-10-08T00:00:00+00:00"
        },
        {
          "fold_id": 10,
          "mean": 0.001054331468339028,
          "n": 64,
          "test_end": "2025-11-07T00:00:00+00:00",
          "test_start": "2025-10-23T00:00:00+00:00"
        },
        {
          "fold_id": 11,
          "mean": 0.0013824070674965526,
          "n": 99,
          "test_end": "2025-11-22T00:00:00+00:00",
          "test_start": "2025-11-07T00:00:00+00:00"
        },
        {
          "fold_id": 12,
          "mean": 0.0021840450999164765,
          "n": 25,
          "test_end": "2025-12-07T00:00:00+00:00",
          "test_start": "2025-11-22T00:00:00+00:00"
        },
        {
          "fold_id": 13,
          "mean": 0.002747216491377333,
          "n": 41,
          "test_end": "2025-12-22T00:00:00+00:00",
          "test_start": "2025-12-07T00:00:00+00:00"
        },
        {
          "fold_id": 14,
          "mean": 0.0007477420035358789,
          "n": 39,
          "test_end": "2026-01-06T00:00:00+00:00",
          "test_start": "2025-12-22T00:00:00+00:00"
        },
        {
          "fold_id": 15,
          "mean": -0.0003299515727318858,
          "n": 83,
          "test_end": "2026-01-21T00:00:00+00:00",
          "test_start": "2026-01-06T00:00:00+00:00"
        },
        {
          "fold_id": 16,
          "mean": 0.00179700645337892,
          "n": 104,
          "test_end": "2026-02-05T00:00:00+00:00",
          "test_start": "2026-01-21T00:00:00+00:00"
        },
        {
          "fold_id": 17,
          "mean": 0.0015028963059876678,
          "n": 64,
          "test_end": "2026-02-20T00:00:00+00:00",
          "test_start": "2026-02-05T00:00:00+00:00"
        }
      ],
      "positive_folds": {
        "count": 12,
        "pct": 70.58823529411765,
        "total": 17
      },
      "split": {
        "step_days": 15,
        "test_days": 15,
        "train_days": 60
      }
    },
    "bps8": {
      "aggregate": {
        "mean": 0.0009616896600149646,
        "mean_ci_high": 0.0013509350877587757,
        "mean_ci_low": 0.000585985441197427,
        "n": 1107,
        "p_mean_gt_0": 1.0
      },
      "folds": [
        {
          "fold_id": 1,
          "mean": 0.001230553457232296,
          "n": 52,
          "test_end": "2025-06-25T00:00:00+00:00",
          "test_start": "2025-06-10T00:00:00+00:00"
        },
        {
          "fold_id": 2,
          "mean": -5.8609024480385486e-05,
          "n": 33,
          "test_end": "2025-07-10T00:00:00+00:00",
          "test_start": "2025-06-25T00:00:00+00:00"
        },
        {
          "fold_id": 3,
          "mean": -0.0003209913644225203,
          "n": 80,
          "test_end": "2025-07-25T00:00:00+00:00",
          "test_start": "2025-07-10T00:00:00+00:00"
        },
        {
          "fold_id": 4,
          "mean": 2.7604403395569155e-05,
          "n": 62,
          "test_end": "2025-08-09T00:00:00+00:00",