{
  "baseline": {
    "bps10": {
      "mean": 0.0006919351756820741,
      "mean_ci_high": 0.0009937701413982615,
      "mean_ci_low": 0.000374604828182512,
      "n": 1400,
      "p_mean_gt_0": 1.0,
      "std": 0.005840541271848705,
      "win_rate": 0.5642857142857143
    },
    "bps8": {
      "mean": 0.0008919351756820745,
      "mean_ci_high": 0.001193770141398262,
      "mean_ci_low": 0.0005746048281825123,
      "n": 1400,
      "p_mean_gt_0": 1.0,
      "std": 0.005840541271848705,
      "win_rate": 0.585
    },
    "gross": {
      "mean": 0.0016919351756820747,
      "mean_ci_high": 0.001993770141398262,
      "mean_ci_low": 0.0013746048281825123,
      "n": 1400,
      "p_mean_gt_0": 1.0,
      "std": 0.005840541271848705,
      "win_rate": 0.6685714285714286
    }
  },
  "config": {
    "bootstrap_iters": 3000,
    "cost_mode": "all",
    "days": 365,
    "horizon": 8,
    "timeframe": "5m",
    "wf": {
      "step_days": 15,
      "test_days": 15,
      "train_days": 60
    }
  },
  "diagnostics_by_mode": {
    "bps10": {
      "mae_proxy_median": -0.0009060506829838277,
      "median_hold_return": 0.0005891851375234855,
      "return_histogram_bins": [
        "(-inf,-1%)",
        "[-1%,-0.5%)",
        "[-0.5%,-0.2%)",
        "[-0.2%,0%)",
        "[0%,0.2%)",
        "[0.2%,0.5%)",
        "[0.5%,1%)",
        "[1%,inf)"
      ],
      "return_histogram_counts": [
        52,
        69,
        199,
        290,
        291,
        272,
        177,
        50
      ],
      "top10_pct_pnl_contribution": 1.5616309463238773,
      "trades_per_day": 4.417710284981757
    },
    "bps8": {
      "mae_proxy_median": -0.0009060506829838277,
      "median_hold_return": 0.0007891851375234855,
      "return_histogram_bins": [
        "(-inf,-1%)",
        "[-1%,-0.5%)",
        "[-0.5%,-0.2%)",
        "[-0.2%,0%)",
        "[0%,0.2%)",
        "[0.2%,0.5%)",
        "[0.5%,1%)",
        "[1%,inf)"
      ],
      "return_histogram_counts": [
        50,
        66,
        192,
        273,
        294,
        279,
        191,
        55
      ],
      "top10_pct_pnl_contribution": 1.2338871850788629,
      "trades_per_day": 4.417710284981757
    },
    "gross": {
      "mae_proxy_median": -0.0009060506829838277,
      "median_hold_return": 0.0015891851375234856,
      "return_histogram_bins": [
        "(-inf,-1%)",
        "[-1%,-0.5%)",
        "[-0.5%,-0.2%)",
        "[-0.2%,0%)",
        "[0%,0.2%)",
        "[0.2%,0.5%)",
        "[0.5%,1%)",
        "[1%,inf)"
      ],
      "return_histogram_counts": [
        44,
        49,
        137,
        234,
        308,
        316,
        241,
        71
      ],
      "top10_pct_pnl_contribution": 0.6977497720734238,
      "trades_per_day": 4.417710284981757
    }
  },
  "family": "exit_logic",
  "hypothesis_id": "H208",
  "timestamp_utc": "2026-03-11T16:59:51+00:00",
  "wf_by_mode": {
    "bps10": {
      "aggregate": {
        "mean": 0.0005780387889799161,
        "mean_ci_high": 0.0009306082493645983,
        "mean_ci_low": 0.0002146882070708727,
        "n": 1150,
        "p_mean_gt_0": 0.9993333333333333
      },
      "folds": [
        {
          "fold_id": 1,
          "mean": 8.222352826277195e-05,
          "n": 79,
          "test_end": "2025-06-24T00:00:00+00:00",
          "test_start": "2025-06-09T00:00:00+00:00"
        },
        {
          "fold_id": 2,
          "mean": 0.0004222291837792111,
          "n": 44,
          "test_end": "2025-07-09T00:00:00+00:00",
          "test_start": "2025-06-24T00:00:00+00:00"
        },
        {
          "fold_id": 3,
          "mean": 0.0015066458855850814,
          "n": 63,
          "test_end": "2025-07-24T00:00:00+00:00",
          "test_start": "2025-07-09T00:00:00+00:00"
        },
        {
          "fold_id": 4,
          "mean": 0.00048685616996412516,
          "n": 58,
          "test_end": "2025-08-08T00:00:00+00:00",
          "test_start": "2025-07-24T00:00:00+00:00"
        },
        {
          "fold_id": 5,
          "mean": 0.0005627942401279226,
          "n": 66,
          "test_end": "2025-08-23T00:00:00+00:00",
          "test_start": "2025-08-08T00:00:00+00:00"
        },
        {
          "fold_id": 6,
          "mean": 0.00020361185250449278,
          "n": 67,
          "test_end": "2025-09-07T00:00:00+00:00",
          "test_start": "2025-08-23T00:00:00+00:00"
        },
        {
          "fold_id": 7,
          "mean": 0.0006692160222654212,
          "n": 46,
          "test_end": "2025-09-22T00:00:00+00:00",
          "test_start": "2025-09-07T00:00:00+00:00"
        },
        {
          "fold_id": 8,
          "mean": 0.0006833158025910304,
          "n": 96,
          "test_end": "2025-10-07T00:00:00+00:00",
          "test_start": "2025-09-22T00:00:00+00:00"
        },
        {
          "fold_id": 9,
          "mean": 0.0011273261891816986,
          "n": 63,
          "test_end": "2025-10-22T00:00:00+00:00",
          "test_start": "2025-10-07T00:00:00+00:00"
        },
        {
          "fold_id": 10,
          "mean": 0.0010027513085866305,
          "n": 62,
          "test_end": "2025-11-06T00:00:00+00:00",
          "test_start": "2025-10-22T00:00:00+00:00"
        },
        {
          "fold_id": 11,
          "mean": 0.0007018378844763934,
          "n": 71,
          "test_end": "2025-11-21T00:00:00+00:00",
          "test_start": "2025-11-06T00:00:00+00:00"
        },
        {
          "fold_id": 12,
          "mean": 0.0009159728129023889,
          "n": 96,
          "test_end": "2025-12-06T00:00:00+00:00",
          "test_start": "2025-11-21T00:00:00+00:00"
        },
        {
          "fold_id": 13,
          "mean": 0.0010998034625394895,
          "n": 48,
          "test_end": "2025-12-21T00:00:00+00:00",
          "test_start": "2025-12-06T00:00:00+00:00"
        },
        {
          "fold_id": 14,
          "mean": 0.0007021695484669763,
          "n": 48,
          "test_end": "2026-01-05T00:00:00+00:00",
          "test_start": "2025-12-21T00:00:00+00:00"
        },
        {
          "fold_id": 15,
          "mean": 0.0012382872509221726,
          "n": 65,
          "test_end": "2026-01-20T00:00:00+00:00",
          "test_start": "2026-01-05T00:00:00+00:00"
        },
        {
          "fold_id": 16,
          "mean": -0.000722284441646234,
          "n": 87,
          "test_end": "2026-02-04T00:00:00+00:00",
          "test_start": "2026-01-20T00:00:00+00:00"
        },
        {
          "fold_id": 17,
          "mean": -6.32394778397023e-05,
          "n": 91,
          "test_end": "2026-02-19T00:00:00+00:00",
          "test_start": "2026-02-04T00:00:00+00:00"
        }
      ],
      "positive_folds": {
        "count": 15,
        "pct": 88.23529411764706,
        "total": 17
      },
      "split": {
        "step_days": 15,
        "test_days": 15,
        "train_days": 60
      }
    },
    "bps8": {
      "aggregate": {
        "mean": 0.0007780387889799165,
        "mean_ci_high": 0.0011306082493645986,
        "mean_ci_low": 0.00041468820707087306,
        "n": 1150,
        "p_mean_gt_0": 1.0
      },
      "folds": [
        {
          "fold_id": 1,
          "mean": 0.000282223528262772,
          "n": 79,
          "test_end": "2025-06-24T00:00:00+00:00",
          "test_start": "2025-06-09T00:00:00+00:00"
        },
        {
          "fold_id": 2,
          "mean": 0.0006222291837792112,
          "n": 44,
          "test_end": "2025-07-09T00:00:00+00:00",
          "test_start": "2025-06-24T00:00:00+00:00"
        },
        {
          "fold_id": 3,
          "mean": 0.0017066458855850824,
          "n": 63,
          "test_end": "2025-07-24T00:00:00+00:00",
          "test_start": "2025-07-09T00:00:00+00:00"
        },
        {
          "fold_id": 4,
          "mean": 0.0006868561699641249,
          "n": 58,
          "test_end": "2025-08-08T00:00:00+00:00",