{
  "baseline": {
    "bps10": {
      "mean": 0.0019047198352503756,
      "mean_ci_high": 0.0026297641258693507,
      "mean_ci_low": 0.0012069792707996257,
      "n": 155,
      "p_mean_gt_0": 1.0,
      "std": 0.004560944226454296,
      "win_rate": 0.6516129032258065
    },
    "bps8": {
      "mean": 0.002104719835250376,
      "mean_ci_high": 0.002829764125869351,
      "mean_ci_low": 0.001406979270799626,
      "n": 155,
      "p_mean_gt_0": 1.0,
      "std": 0.004560944226454296,
      "win_rate": 0.6838709677419355
    },
    "gross": {
      "mean": 0.002904719835250376,
      "mean_ci_high": 0.003629764125869351,
      "mean_ci_low": 0.002206979270799626,
      "n": 155,
      "p_mean_gt_0": 1.0,
      "std": 0.004560944226454296,
      "win_rate": 0.7419354838709677
    }
  },
  "config": {
    "bootstrap_iters": 3000,
    "cost_mode": "all",
    "days": 365,
    "horizon": 8,
    "timeframe": "5m",
    "wf": {
      "step_days": 15,
      "test_days": 15,
      "train_days": 60
    }
  },
  "diagnostics_by_mode": {
    "bps10": {
      "mae_proxy_median": -0.0005512847662190179,
      "median_hold_return": 0.0012377462199786313,
      "return_histogram_bins": [
        "(-inf,-1%)",
        "[-1%,-0.5%)",
        "[-0.5%,-0.2%)",
        "[-0.2%,0%)",
        "[0%,0.2%)",
        "[0.2%,0.5%)",
        "[0.5%,1%)",
        "[1%,inf)"
      ],
      "return_histogram_counts": [
        1,
        5,
        16,
        32,
        34,
        40,
        19,
        8
      ],
      "top10_pct_pnl_contribution": 0.6140106811606187,
      "trades_per_day": 0.49906090689562654
    },
    "bps8": {
      "mae_proxy_median": -0.0005512847662190179,
      "median_hold_return": 0.0014377462199786314,
      "return_histogram_bins": [
        "(-inf,-1%)",
        "[-1%,-0.5%)",
        "[-0.5%,-0.2%)",
        "[-0.2%,0%)",
        "[0%,0.2%)",
        "[0.2%,0.5%)",
        "[0.5%,1%)",
        "[1%,inf)"
      ],
      "return_histogram_counts": [
        1,
        5,
        14,
        29,
        34,
        43,
        20,
        9
      ],
      "top10_pct_pnl_contribution": 0.5654735916958594,
      "trades_per_day": 0.49906090689562654
    },
    "gross": {
      "mae_proxy_median": -0.0005512847662190179,
      "median_hold_return": 0.0022377462199786313,
      "return_histogram_bins": [
        "(-inf,-1%)",
        "[-1%,-0.5%)",
        "[-0.5%,-0.2%)",
        "[-0.2%,0%)",
        "[0%,0.2%)",
        "[0.2%,0.5%)",
        "[0.5%,1%)",
        "[1%,inf)"
      ],
      "return_histogram_counts": [
        1,
        2,
        12,
        25,
        32,
        43,
        28,
        12
      ],
      "top10_pct_pnl_contribution": 0.4381641611243833,
      "trades_per_day": 0.49906090689562654
    }
  },
  "family": "exit_logic",
  "hypothesis_id": "H209",
  "timestamp_utc": "2026-03-11T16:59:58+00:00",
  "wf_by_mode": {
    "bps10": {
      "aggregate": {
        "mean": 0.001708345631979515,
        "mean_ci_high": 0.0025038170369771264,
        "mean_ci_low": 0.0009572408962619791,
        "n": 113,
        "p_mean_gt_0": 1.0
      },
      "folds": [
        {
          "fold_id": 1,
          "mean": 0.0029241020676084193,
          "n": 7,
          "test_end": "2025-06-27T00:00:00+00:00",
          "test_start": "2025-06-12T00:00:00+00:00"
        },
        {
          "fold_id": 2,
          "mean": -4.605686085135032e-05,
          "n": 3,
          "test_end": "2025-07-12T00:00:00+00:00",
          "test_start": "2025-06-27T00:00:00+00:00"
        },
        {
          "fold_id": 3,
          "mean": 0.0005400788194244422,
          "n": 9,
          "test_end": "2025-07-27T00:00:00+00:00",
          "test_start": "2025-07-12T00:00:00+00:00"
        },
        {
          "fold_id": 4,
          "mean": 0.0009069636237082169,
          "n": 6,
          "test_end": "2025-08-11T00:00:00+00:00",
          "test_start": "2025-07-27T00:00:00+00:00"
        },
        {
          "fold_id": 5,
          "mean": 0.0021296503992435474,
          "n": 9,
          "test_end": "2025-08-26T00:00:00+00:00",
          "test_start": "2025-08-11T00:00:00+00:00"
        },
        {
          "fold_id": 6,
          "mean": 0.0021375944832152825,
          "n": 7,
          "test_end": "2025-09-10T00:00:00+00:00",
          "test_start": "2025-08-26T00:00:00+00:00"
        },
        {
          "fold_id": 7,
          "mean": -0.000273596019736791,
          "n": 6,
          "test_end": "2025-09-25T00:00:00+00:00",
          "test_start": "2025-09-10T00:00:00+00:00"
        },
        {
          "fold_id": 8,
          "mean": 0.001270125821700053,
          "n": 6,
          "test_end": "2025-10-10T00:00:00+00:00",
          "test_start": "2025-09-25T00:00:00+00:00"
        },
        {
          "fold_id": 9,
          "mean": 0.002873519738288519,
          "n": 8,
          "test_end": "2025-10-25T00:00:00+00:00",
          "test_start": "2025-10-10T00:00:00+00:00"
        },
        {
          "fold_id": 10,
          "mean": 0.0030554243978251727,
          "n": 6,
          "test_end": "2025-11-09T00:00:00+00:00",
          "test_start": "2025-10-25T00:00:00+00:00"
        },
        {
          "fold_id": 11,
          "mean": -0.00042939896071453245,
          "n": 8,
          "test_end": "2025-11-24T00:00:00+00:00",
          "test_start": "2025-11-09T00:00:00+00:00"
        },
        {
          "fold_id": 12,
          "mean": 0.0020160051643315063,
          "n": 11,
          "test_end": "2025-12-09T00:00:00+00:00",
          "test_start": "2025-11-24T00:00:00+00:00"
        },
        {
          "fold_id": 13,
          "mean": 0.005093305841365753,
          "n": 9,
          "test_end": "2025-12-24T00:00:00+00:00",
          "test_start": "2025-12-09T00:00:00+00:00"
        },
        {
          "fold_id": 14,
          "mean": 0.0014555994545729146,
          "n": 11,
          "test_end": "2026-01-08T00:00:00+00:00",
          "test_start": "2025-12-24T00:00:00+00:00"
        },
        {
          "fold_id": 15,
          "mean": 0.0011950619276168148,
          "n": 4,
          "test_end": "2026-01-23T00:00:00+00:00",
          "test_start": "2026-01-08T00:00:00+00:00"
        },
        {
          "fold_id": 16,
          "mean": -0.0014641120266060117,
          "n": 3,
          "test_end": "2026-02-07T00:00:00+00:00",
          "test_start": "2026-01-23T00:00:00+00:00"
        }
      ],
      "positive_folds": {
        "count": 12,
        "pct": 75.0,
        "total": 16
      },
      "split": {
        "step_days": 15,
        "test_days": 15,
        "train_days": 60
      }
    },
    "bps8": {
      "aggregate": {
        "mean": 0.0019083456319795153,
        "mean_ci_high": 0.0027038170369771265,
        "mean_ci_low": 0.0011572408962619795,
        "n": 113,
        "p_mean_gt_0": 1.0
      },
      "folds": [
        {
          "fold_id": 1,
          "mean": 0.003124102067608419,
          "n": 7,
          "test_end": "2025-06-27T00:00:00+00:00",
          "test_start": "2025-06-12T00:00:00+00:00"
        },
        {
          "fold_id": 2,
          "mean": 0.0001539431391486497,
          "n": 3,
          "test_end": "2025-07-12T00:00:00+00:00",
          "test_start": "2025-06-27T00:00:00+00:00"
        },
        {
          "fold_id": 3,
          "mean": 0.000740078819424442,
          "n": 9,
          "test_end": "2025-07-27T00:00:00+00:00",
          "test_start": "2025-07-12T00:00:00+00:00"
        },
        {
          "fold_id": 4,
          "mean": 0.0011069636237082169,
          "n": 6,
          "test_end": "2025-08-11T00:00:00+00:00",
          "test_start": "2025-07-27T00:00:00+00:00"
        },
        {
          "fold_id": 5,
          "mean": 0.0023296503992435475,
          "n": 9,
          "test_end": "2025-08-26T00:00:00+00:00",
          "test_start": "2025-08-11T00:00:00+00:00"
        },
        {
          "fold_id": 6,