{
  "baseline": {
    "bps10": {
      "mean": 0.0050027142386215055,
      "mean_ci_high": 0.006893848447803516,
      "mean_ci_low": 0.0033131745882509817,
      "n": 75,
      "p_mean_gt_0": 1.0,
      "std": 0.0076973532695054124,
      "win_rate": 0.68
    },
    "bps8": {
      "mean": 0.005202714238621506,
      "mean_ci_high": 0.0070938484478035154,
      "mean_ci_low": 0.0035131745882509818,
      "n": 75,
      "p_mean_gt_0": 1.0,
      "std": 0.0076973532695054124,
      "win_rate": 0.7066666666666667
    },
    "gross": {
      "mean": 0.006002714238621506,
      "mean_ci_high": 0.007893848447803517,
      "mean_ci_low": 0.004313174588250983,
      "n": 75,
      "p_mean_gt_0": 1.0,
      "std": 0.0076973532695054124,
      "win_rate": 0.76
    }
  },
  "config": {
    "bootstrap_iters": 3000,
    "cost_mode": "all",
    "days": 365,
    "horizon": 12,
    "timeframe": "5m",
    "wf": {
      "step_days": 15,
      "test_days": 15,
      "train_days": 60
    }
  },
  "diagnostics_by_mode": {
    "bps10": {
      "mae_proxy_median": -0.0012159337462354092,
      "median_hold_return": 0.003207578484163088,
      "return_histogram_bins": [
        "(-inf,-1%)",
        "[-1%,-0.5%)",
        "[-0.5%,-0.2%)",
        "[-0.2%,0%)",
        "[0%,0.2%)",
        "[0.2%,0.5%)",
        "[0.5%,1%)",
        "[1%,inf)"
      ],
      "return_histogram_counts": [
        0,
        3,
        7,
        14,
        8,
        13,
        12,
        18
      ],
      "top10_pct_pnl_contribution": 0.450827983446785,
      "trades_per_day": 0.24196800645248018
    },
    "bps8": {
      "mae_proxy_median": -0.0012159337462354092,
      "median_hold_return": 0.003407578484163088,
      "return_histogram_bins": [
        "(-inf,-1%)",
        "[-1%,-0.5%)",
        "[-0.5%,-0.2%)",
        "[-0.2%,0%)",
        "[0%,0.2%)",
        "[0.2%,0.5%)",
        "[0.5%,1%)",
        "[1%,inf)"
      ],
      "return_histogram_counts": [
        0,
        3,
        7,
        12,
        10,
        11,
        13,
        19
      ],
      "top10_pct_pnl_contribution": 0.43759791540940207,
      "trades_per_day": 0.24196800645248018
    },
    "gross": {
      "mae_proxy_median": -0.0012159337462354092,
      "median_hold_return": 0.004207578484163088,
      "return_histogram_bins": [
        "(-inf,-1%)",
        "[-1%,-0.5%)",
        "[-0.5%,-0.2%)",
        "[-0.2%,0%)",
        "[0%,0.2%)",
        "[0.2%,0.5%)",
        "[0.5%,1%)",
        "[1%,inf)"
      ],
      "return_histogram_counts": [
        0,
        2,
        6,
        10,
        10,
        11,
        15,
        21
      ],
      "top10_pct_pnl_contribution": 0.39349370047096344,
      "trades_per_day": 0.24196800645248018
    }
  },
  "family": "exit_logic",
  "hypothesis_id": "H210",
  "timestamp_utc": "2026-03-11T17:00:04+00:00",
  "wf_by_mode": {
    "bps10": {
      "aggregate": {
        "mean": 0.004757563137942342,
        "mean_ci_high": 0.0067576265700591606,
        "mean_ci_low": 0.0027767933951918845,
        "n": 55,
        "p_mean_gt_0": 1.0
      },
      "folds": [
        {
          "fold_id": 1,
          "mean": 0.0022924716767219753,
          "n": 3,
          "test_end": "2025-06-30T00:00:00+00:00",
          "test_start": "2025-06-15T00:00:00+00:00"
        },
        {
          "fold_id": 2,
          "mean": -0.004227266557856101,
          "n": 2,
          "test_end": "2025-07-15T00:00:00+00:00",
          "test_start": "2025-06-30T00:00:00+00:00"
        },
        {
          "fold_id": 3,
          "mean": 0.0019551355378487185,
          "n": 5,
          "test_end": "2025-07-30T00:00:00+00:00",
          "test_start": "2025-07-15T00:00:00+00:00"
        },
        {
          "fold_id": 4,
          "mean": 0.013811009355198411,
          "n": 1,
          "test_end": "2025-08-14T00:00:00+00:00",
          "test_start": "2025-07-30T00:00:00+00:00"
        },
        {
          "fold_id": 5,
          "mean": 0.0069811907582565235,
          "n": 7,
          "test_end": "2025-08-29T00:00:00+00:00",
          "test_start": "2025-08-14T00:00:00+00:00"
        },
        {
          "fold_id": 6,
          "mean": 0.0016715418253072942,
          "n": 4,
          "test_end": "2025-09-13T00:00:00+00:00",
          "test_start": "2025-08-29T00:00:00+00:00"
        },
        {
          "fold_id": 7,
          "mean": 0.002248666429720881,
          "n": 4,
          "test_end": "2025-09-28T00:00:00+00:00",
          "test_start": "2025-09-13T00:00:00+00:00"
        },
        {
          "fold_id": 8,
          "mean": 0.0049819120349526855,
          "n": 3,
          "test_end": "2025-10-13T00:00:00+00:00",
          "test_start": "2025-09-28T00:00:00+00:00"
        },
        {
          "fold_id": 9,
          "mean": 0.009731689881974526,
          "n": 5,
          "test_end": "2025-10-28T00:00:00+00:00",
          "test_start": "2025-10-13T00:00:00+00:00"
        },
        {
          "fold_id": 10,
          "mean": 0.007255537621157049,
          "n": 2,
          "test_end": "2025-11-12T00:00:00+00:00",
          "test_start": "2025-10-28T00:00:00+00:00"
        },
        {
          "fold_id": 11,
          "mean": 0.0003254790056757004,
          "n": 3,
          "test_end": "2025-11-27T00:00:00+00:00",
          "test_start": "2025-11-12T00:00:00+00:00"
        },
        {
          "fold_id": 12,
          "mean": 0.011441556649289697,
          "n": 2,
          "test_end": "2025-12-12T00:00:00+00:00",
          "test_start": "2025-11-27T00:00:00+00:00"
        },
        {
          "fold_id": 13,
          "mean": 0.009328864280302818,
          "n": 5,
          "test_end": "2025-12-27T00:00:00+00:00",
          "test_start": "2025-12-12T00:00:00+00:00"
        },
        {
          "fold_id": 14,
          "mean": 0.002131904797532003,
          "n": 3,
          "test_end": "2026-01-11T00:00:00+00:00",
          "test_start": "2025-12-27T00:00:00+00:00"
        },
        {
          "fold_id": 15,
          "mean": 0.0008499474450888916,
          "n": 3,
          "test_end": "2026-01-26T00:00:00+00:00",
          "test_start": "2026-01-11T00:00:00+00:00"
        },
        {
          "fold_id": 16,
          "mean": 0.005847515365998886,
          "n": 3,
          "test_end": "2026-02-10T00:00:00+00:00",
          "test_start": "2026-01-26T00:00:00+00:00"
        }
      ],
      "positive_folds": {
        "count": 15,
        "pct": 93.75,
        "total": 16
      },
      "split": {
        "step_days": 15,
        "test_days": 15,
        "train_days": 60
      }
    },
    "bps8": {
      "aggregate": {
        "mean": 0.00495756313794234,
        "mean_ci_high": 0.0069576265700591585,
        "mean_ci_low": 0.002976793395191886,
        "n": 55,
        "p_mean_gt_0": 1.0
      },
      "folds": [
        {
          "fold_id": 1,
          "mean": 0.002492471676721975,
          "n": 3,
          "test_end": "2025-06-30T00:00:00+00:00",
          "test_start": "2025-06-15T00:00:00+00:00"
        },
        {
          "fold_id": 2,
          "mean": -0.004027266557856101,
          "n": 2,
          "test_end": "2025-07-15T00:00:00+00:00",
          "test_start": "2025-06-30T00:00:00+00:00"
        },
        {
          "fold_id": 3,
          "mean": 0.0021551355378487186,
          "n": 5,
          "test_end": "2025-07-30T00:00:00+00:00",
          "test_start": "2025-07-15T00:00:00+00:00"
        },
        {
          "fold_id": 4,
          "mean": 0.014011009355198412,
          "n": 1,
          "test_end": "2025-08-14T00:00:00+00:00",
          "test_start": "2025-07-30T00:00:00+00:00"
        },
        {
          "fold_id": 5,
          "mean": 0.007181190758256523,
          "n": 7,
          "test_end": "2025-08-29T00:00:00+00:00",
          "test_start": "2025-08-14T00:00:00+00:00"
        },
        {
          "fold_id": 6,
          "mean": 0.0018715418253072939,
          "n": 4,