{
  "baseline": {
    "bps10": {
      "mean": 0.0006519957041479283,
      "mean_ci_high": 0.0009374821081818031,
      "mean_ci_low": 0.0003769687161541224,
      "n": 655,
      "p_mean_gt_0": 1.0,
      "std": 0.00363417772358548,
      "win_rate": 0.47022900763358777
    },
    "bps8": {
      "mean": 0.0008519957041479285,
      "mean_ci_high": 0.0011374821081818033,
      "mean_ci_low": 0.0005769687161541225,
      "n": 655,
      "p_mean_gt_0": 1.0,
      "std": 0.00363417772358548,
      "win_rate": 0.5129770992366413
    },
    "gross": {
      "mean": 0.0016519957041479286,
      "mean_ci_high": 0.0019374821081818033,
      "mean_ci_low": 0.0013769687161541227,
      "n": 655,
      "p_mean_gt_0": 1.0,
      "std": 0.00363417772358548,
      "win_rate": 0.6396946564885496
    }
  },
  "config": {
    "bootstrap_iters": 3000,
    "cost_mode": "all",
    "days": 365,
    "horizon": 8,
    "timeframe": "5m",
    "wf": {
      "step_days": 15,
      "test_days": 15,
      "train_days": 60
    }
  },
  "diagnostics_by_mode": {
    "bps10": {
      "mae_proxy_median": -0.0005707687893161673,
      "median_hold_return": -0.00012428684545662174,
      "return_histogram_bins": [
        "(-inf,-1%)",
        "[-1%,-0.5%)",
        "[-0.5%,-0.2%)",
        "[-0.2%,0%)",
        "[0%,0.2%)",
        "[0.2%,0.5%)",
        "[0.5%,1%)",
        "[1%,inf)"
      ],
      "return_histogram_counts": [
        1,
        11,
        96,
        239,
        149,
        93,
        50,
        16
      ],
      "top10_pct_pnl_contribution": 1.3656396106435156,
      "trades_per_day": 1.8851181196786186
    },
    "bps8": {
      "mae_proxy_median": -0.0005707687893161673,
      "median_hold_return": 7.571315454337824e-05,
      "return_histogram_bins": [
        "(-inf,-1%)",
        "[-1%,-0.5%)",
        "[-0.5%,-0.2%)",
        "[-0.2%,0%)",
        "[0%,0.2%)",
        "[0.2%,0.5%)",
        "[0.5%,1%)",
        "[1%,inf)"
      ],
      "return_histogram_counts": [
        1,
        8,
        83,
        227,
        164,
        102,
        52,
        18
      ],
      "top10_pct_pnl_contribution": 1.0687188055955887,
      "trades_per_day": 1.8851181196786186
    },
    "gross": {
      "mae_proxy_median": -0.0005707687893161673,
      "median_hold_return": 0.0008757131545433783,
      "return_histogram_bins": [
        "(-inf,-1%)",
        "[-1%,-0.5%)",
        "[-0.5%,-0.2%)",
        "[-0.2%,0%)",
        "[0%,0.2%)",
        "[0.2%,0.5%)",
        "[0.5%,1%)",
        "[1%,inf)"
      ],
      "return_histogram_counts": [
        1,
        3,
        47,
        184,
        202,
        128,
        65,
        25
      ],
      "top10_pct_pnl_contribution": 0.5999740288935366,
      "trades_per_day": 1.8851181196786186
    }
  },
  "family": "exit_logic",
  "hypothesis_id": "H211",
  "timestamp_utc": "2026-03-11T17:00:11+00:00",
  "wf_by_mode": {
    "bps10": {
      "aggregate": {
        "mean": 0.0005512270926666976,
        "mean_ci_high": 0.0008665506265103586,
        "mean_ci_low": 0.0002369583958073719,
        "n": 505,
        "p_mean_gt_0": 0.9996666666666667
      },
      "folds": [
        {
          "fold_id": 1,
          "mean": 0.0007428615127986688,
          "n": 28,
          "test_end": "2025-05-26T00:00:00+00:00",
          "test_start": "2025-05-11T00:00:00+00:00"
        },
        {
          "fold_id": 2,
          "mean": 0.0003078662682082366,
          "n": 36,
          "test_end": "2025-06-10T00:00:00+00:00",
          "test_start": "2025-05-26T00:00:00+00:00"
        },
        {
          "fold_id": 3,
          "mean": 0.0013127359913014097,
          "n": 22,
          "test_end": "2025-06-25T00:00:00+00:00",
          "test_start": "2025-06-10T00:00:00+00:00"
        },
        {
          "fold_id": 4,
          "mean": -0.000338244026735027,
          "n": 30,
          "test_end": "2025-07-10T00:00:00+00:00",
          "test_start": "2025-06-25T00:00:00+00:00"
        },
        {
          "fold_id": 5,
          "mean": 0.00025917222652203735,
          "n": 20,
          "test_end": "2025-07-25T00:00:00+00:00",
          "test_start": "2025-07-10T00:00:00+00:00"
        },
        {
          "fold_id": 6,
          "mean": -0.00011786673827843177,
          "n": 20,
          "test_end": "2025-08-09T00:00:00+00:00",
          "test_start": "2025-07-25T00:00:00+00:00"
        },
        {
          "fold_id": 7,
          "mean": 0.00123928932639832,
          "n": 22,
          "test_end": "2025-08-24T00:00:00+00:00",
          "test_start": "2025-08-09T00:00:00+00:00"
        },
        {
          "fold_id": 8,
          "mean": -0.0005939850443766912,
          "n": 28,
          "test_end": "2025-09-08T00:00:00+00:00",
          "test_start": "2025-08-24T00:00:00+00:00"
        },
        {
          "fold_id": 9,
          "mean": -1.0097067117679458e-05,
          "n": 25,
          "test_end": "2025-09-23T00:00:00+00:00",
          "test_start": "2025-09-08T00:00:00+00:00"
        },
        {
          "fold_id": 10,
          "mean": -1.2396596219520767e-05,
          "n": 30,
          "test_end": "2025-10-08T00:00:00+00:00",
          "test_start": "2025-09-23T00:00:00+00:00"
        },
        {
          "fold_id": 11,
          "mean": 0.002728472586843251,
          "n": 20,
          "test_end": "2025-10-23T00:00:00+00:00",
          "test_start": "2025-10-08T00:00:00+00:00"
        },
        {
          "fold_id": 12,
          "mean": 0.0006287282971359421,
          "n": 26,
          "test_end": "2025-11-07T00:00:00+00:00",
          "test_start": "2025-10-23T00:00:00+00:00"
        },
        {
          "fold_id": 13,
          "mean": 7.397403846778185e-05,
          "n": 28,
          "test_end": "2025-11-22T00:00:00+00:00",
          "test_start": "2025-11-07T00:00:00+00:00"
        },
        {
          "fold_id": 14,
          "mean": 0.0015319741029136602,
          "n": 36,
          "test_end": "2025-12-07T00:00:00+00:00",
          "test_start": "2025-11-22T00:00:00+00:00"
        },
        {
          "fold_id": 15,
          "mean": 0.0021772925614236523,
          "n": 31,
          "test_end": "2025-12-22T00:00:00+00:00",
          "test_start": "2025-12-07T00:00:00+00:00"
        },
        {
          "fold_id": 16,
          "mean": -0.00015143277700040757,
          "n": 32,
          "test_end": "2026-01-06T00:00:00+00:00",
          "test_start": "2025-12-22T00:00:00+00:00"
        },
        {
          "fold_id": 17,
          "mean": 0.0004926000218175027,
          "n": 19,
          "test_end": "2026-01-21T00:00:00+00:00",
          "test_start": "2026-01-06T00:00:00+00:00"
        },
        {
          "fold_id": 18,
          "mean": -0.0008382175701417037,
          "n": 24,
          "test_end": "2026-02-05T00:00:00+00:00",
          "test_start": "2026-01-21T00:00:00+00:00"
        },
        {
          "fold_id": 19,
          "mean": 0.0012459930757872033,
          "n": 28,
          "test_end": "2026-02-20T00:00:00+00:00",
          "test_start": "2026-02-05T00:00:00+00:00"
        }
      ],
      "positive_folds": {
        "count": 12,
        "pct": 63.1578947368421,
        "total": 19
      },
      "split": {
        "step_days": 15,
        "test_days": 15,
        "train_days": 60
      }
    },
    "bps8": {
      "aggregate": {
        "mean": 0.0007512270926666978,
        "mean_ci_high": 0.0010665506265103589,
        "mean_ci_low": 0.0004369583958073721,
        "n": 505,
        "p_mean_gt_0": 1.0
      },
      "folds": [
        {
          "fold_id": 1,
          "mean": 0.0009428615127986692,
          "n": 28,
          "test_end": "2025-05-26T00:00:00+00:00",
          "test_start": "2025-05-11T00:00:00+00:00"
        },
        {
          "fold_id": 2,
          "mean": 0.0005078662682082365,
          "n": 36,
          "test_end": "2025-06-10T00:00:00+00:00",