{
  "baseline": {
    "bps10": {
      "mean": 0.0008209126824326284,
      "mean_ci_high": 0.0011461854496911492,
      "mean_ci_low": 0.0004899720996219558,
      "n": 1357,
      "p_mean_gt_0": 1.0,
      "std": 0.006147032495557594,
      "win_rate": 0.5276344878408253
    },
    "bps8": {
      "mean": 0.0010209126824326288,
      "mean_ci_high": 0.0013461854496911497,
      "mean_ci_low": 0.0006899720996219562,
      "n": 1357,
      "p_mean_gt_0": 1.0,
      "std": 0.006147032495557594,
      "win_rate": 0.5416359616801769
    },
    "gross": {
      "mean": 0.0018209126824326287,
      "mean_ci_high": 0.0021461854496911494,
      "mean_ci_low": 0.0014899720996219563,
      "n": 1357,
      "p_mean_gt_0": 1.0,
      "std": 0.006147032495557594,
      "win_rate": 0.6094325718496684
    }
  },
  "config": {
    "bootstrap_iters": 3000,
    "cost_mode": "all",
    "days": 365,
    "horizon": 8,
    "timeframe": "5m",
    "wf": {
      "step_days": 15,
      "test_days": 15,
      "train_days": 60
    }
  },
  "diagnostics_by_mode": {
    "bps10": {
      "mae_proxy_median": -0.0011160916544115107,
      "median_hold_return": 0.00031837971059678425,
      "return_histogram_bins": [
        "(-inf,-1%)",
        "[-1%,-0.5%)",
        "[-0.5%,-0.2%)",
        "[-0.2%,0%)",
        "[0%,0.2%)",
        "[0.2%,0.5%)",
        "[0.5%,1%)",
        "[1%,inf)"
      ],
      "return_histogram_counts": [
        25,
        130,
        249,
        237,
        225,
        252,
        158,
        81
      ],
      "top10_pct_pnl_contribution": 1.563129831694053,
      "trades_per_day": 4.278694985767462
    },
    "bps8": {
      "mae_proxy_median": -0.0011160916544115107,
      "median_hold_return": 0.0005183797105967842,
      "return_histogram_bins": [
        "(-inf,-1%)",
        "[-1%,-0.5%)",
        "[-0.5%,-0.2%)",
        "[-0.2%,0%)",
        "[0%,0.2%)",
        "[0.2%,0.5%)",
        "[0.5%,1%)",
        "[1%,inf)"
      ],
      "return_histogram_counts": [
        24,
        119,
        245,
        234,
        223,
        263,
        164,
        85
      ],
      "top10_pct_pnl_contribution": 1.2765414131222488,
      "trades_per_day": 4.278694985767462
    },
    "gross": {
      "mae_proxy_median": -0.0011160916544115107,
      "median_hold_return": 0.0013183797105967843,
      "return_histogram_bins": [
        "(-inf,-1%)",
        "[-1%,-0.5%)",
        "[-0.5%,-0.2%)",
        "[-0.2%,0%)",
        "[0%,0.2%)",
        "[0.2%,0.5%)",
        "[0.5%,1%)",
        "[1%,inf)"
      ],
      "return_histogram_counts": [
        19,
        83,
        217,
        211,
        227,
        285,
        216,
        99
      ],
      "top10_pct_pnl_contribution": 0.7597366926902819,
      "trades_per_day": 4.278694985767462
    }
  },
  "family": "exit_logic",
  "hypothesis_id": "H213",
  "timestamp_utc": "2026-03-11T17:05:22+00:00",
  "wf_by_mode": {
    "bps10": {
      "aggregate": {
        "mean": 0.0008595132788746761,
        "mean_ci_high": 0.001247531714221112,
        "mean_ci_low": 0.0004901108037102899,
        "n": 1107,
        "p_mean_gt_0": 1.0
      },
      "folds": [
        {
          "fold_id": 1,
          "mean": 0.0010884130807898172,
          "n": 52,
          "test_end": "2025-06-25T00:00:00+00:00",
          "test_start": "2025-06-10T00:00:00+00:00"
        },
        {
          "fold_id": 2,
          "mean": -0.00025860902448038547,
          "n": 33,
          "test_end": "2025-07-10T00:00:00+00:00",
          "test_start": "2025-06-25T00:00:00+00:00"
        },
        {
          "fold_id": 3,
          "mean": -0.0004507378528091655,
          "n": 80,
          "test_end": "2025-07-25T00:00:00+00:00",
          "test_start": "2025-07-10T00:00:00+00:00"
        },
        {
          "fold_id": 4,
          "mean": 3.364153324176326e-05,
          "n": 62,
          "test_end": "2025-08-09T00:00:00+00:00",
          "test_start": "2025-07-25T00:00:00+00:00"
        },
        {
          "fold_id": 5,
          "mean": 0.0007808751806443798,
          "n": 81,
          "test_end": "2025-08-24T00:00:00+00:00",
          "test_start": "2025-08-09T00:00:00+00:00"
        },
        {
          "fold_id": 6,
          "mean": 0.0010657537107789758,
          "n": 60,
          "test_end": "2025-09-08T00:00:00+00:00",
          "test_start": "2025-08-24T00:00:00+00:00"
        },
        {
          "fold_id": 7,
          "mean": -7.277613104639755e-05,
          "n": 38,
          "test_end": "2025-09-23T00:00:00+00:00",
          "test_start": "2025-09-08T00:00:00+00:00"
        },
        {
          "fold_id": 8,
          "mean": 0.00033655702471759334,
          "n": 69,
          "test_end": "2025-10-08T00:00:00+00:00",
          "test_start": "2025-09-23T00:00:00+00:00"
        },
        {
          "fold_id": 9,
          "mean": 0.0007882908054456655,
          "n": 113,
          "test_end": "2025-10-23T00:00:00+00:00",
          "test_start": "2025-10-08T00:00:00+00:00"
        },
        {
          "fold_id": 10,
          "mean": 0.001091437240698327,
          "n": 64,
          "test_end": "2025-11-07T00:00:00+00:00",
          "test_start": "2025-10-23T00:00:00+00:00"
        },
        {
          "fold_id": 11,
          "mean": 0.0014847883704058528,
          "n": 99,
          "test_end": "2025-11-22T00:00:00+00:00",
          "test_start": "2025-11-07T00:00:00+00:00"
        },
        {
          "fold_id": 12,
          "mean": 0.0022282010040574644,
          "n": 25,
          "test_end": "2025-12-07T00:00:00+00:00",
          "test_start": "2025-11-22T00:00:00+00:00"
        },
        {
          "fold_id": 13,
          "mean": 0.002984159849076209,
          "n": 41,
          "test_end": "2025-12-22T00:00:00+00:00",
          "test_start": "2025-12-07T00:00:00+00:00"
        },
        {
          "fold_id": 14,
          "mean": 0.0009116410698633381,
          "n": 39,
          "test_end": "2026-01-06T00:00:00+00:00",
          "test_start": "2025-12-22T00:00:00+00:00"
        },
        {
          "fold_id": 15,
          "mean": -0.00019502579073097604,
          "n": 83,
          "test_end": "2026-01-21T00:00:00+00:00",
          "test_start": "2026-01-06T00:00:00+00:00"
        },
        {
          "fold_id": 16,
          "mean": 0.0018239886149450245,
          "n": 104,
          "test_end": "2026-02-05T00:00:00+00:00",
          "test_start": "2026-01-21T00:00:00+00:00"
        },
        {
          "fold_id": 17,
          "mean": 0.0015109041785630157,
          "n": 64,
          "test_end": "2026-02-20T00:00:00+00:00",
          "test_start": "2026-02-05T00:00:00+00:00"
        }
      ],
      "positive_folds": {
        "count": 13,
        "pct": 76.47058823529412,
        "total": 17
      },
      "split": {
        "step_days": 15,
        "test_days": 15,
        "train_days": 60
      }
    },
    "bps8": {
      "aggregate": {
        "mean": 0.0010595132788746764,
        "mean_ci_high": 0.0014475317142211123,
        "mean_ci_low": 0.0006901108037102903,
        "n": 1107,
        "p_mean_gt_0": 1.0
      },
      "folds": [
        {
          "fold_id": 1,
          "mean": 0.0012884130807898177,
          "n": 52,
          "test_end": "2025-06-25T00:00:00+00:00",
          "test_start": "2025-06-10T00:00:00+00:00"
        },
        {
          "fold_id": 2,
          "mean": -5.8609024480385486e-05,
          "n": 33,
          "test_end": "2025-07-10T00:00:00+00:00",
          "test_start": "2025-06-25T00:00:00+00:00"
        },
        {
          "fold_id": 3,
          "mean": -0.00025073785280916515,
          "n": 80,
          "test_end": "2025-07-25T00:00:00+00:00",
          "test_start": "2025-07-10T00:00:00+00:00"
        },
        {
          "fold_id": 4,
          "mean": 0.00023364153324176344,
          "n": 62,
          "test_end": "2025-08-09T00:00:00+00:00",