{
  "baseline": {
    "bps10": {
      "mean": 0.0004671302436202255,
      "mean_ci_high": 0.0007614087267449386,
      "mean_ci_low": 0.00019724556362146328,
      "n": 655,
      "p_mean_gt_0": 0.9996666666666667,
      "std": 0.003648183905910434,
      "win_rate": 0.4198473282442748
    },
    "bps8": {
      "mean": 0.0006671302436202257,
      "mean_ci_high": 0.0009614087267449388,
      "mean_ci_low": 0.0003972455636214635,
      "n": 655,
      "p_mean_gt_0": 1.0,
      "std": 0.003648183905910434,
      "win_rate": 0.4580152671755725
    },
    "gross": {
      "mean": 0.0014671302436202256,
      "mean_ci_high": 0.0017614087267449386,
      "mean_ci_low": 0.0011972455636214637,
      "n": 655,
      "p_mean_gt_0": 1.0,
      "std": 0.003648183905910434,
      "win_rate": 0.6305343511450382
    }
  },
  "config": {
    "bootstrap_iters": 3000,
    "cost_mode": "all",
    "days": 365,
    "horizon": 8,
    "timeframe": "5m",
    "wf": {
      "step_days": 15,
      "test_days": 15,
      "train_days": 60
    }
  },
  "diagnostics_by_mode": {
    "bps10": {
      "mae_proxy_median": -0.0005707687893161673,
      "median_hold_return": -0.00047270673668198173,
      "return_histogram_bins": [
        "(-inf,-1%)",
        "[-1%,-0.5%)",
        "[-0.5%,-0.2%)",
        "[-0.2%,0%)",
        "[0%,0.2%)",
        "[0.2%,0.5%)",
        "[0.5%,1%)",
        "[1%,inf)"
      ],
      "return_histogram_counts": [
        2,
        14,
        89,
        275,
        135,
        74,
        49,
        17
      ],
      "top10_pct_pnl_contribution": 1.9010655001557002,
      "trades_per_day": 1.8851181196786186
    },
    "bps8": {
      "mae_proxy_median": -0.0005707687893161673,
      "median_hold_return": -0.00027270673668198175,
      "return_histogram_bins": [
        "(-inf,-1%)",
        "[-1%,-0.5%)",
        "[-0.5%,-0.2%)",
        "[-0.2%,0%)",
        "[0%,0.2%)",
        "[0.2%,0.5%)",
        "[0.5%,1%)",
        "[1%,inf)"
      ],
      "return_histogram_counts": [
        2,
        11,
        78,
        264,
        153,
        77,
        51,
        19
      ],
      "top10_pct_pnl_contribution": 1.3613501571343378,
      "trades_per_day": 1.8851181196786186
    },
    "gross": {
      "mae_proxy_median": -0.0005707687893161673,
      "median_hold_return": 0.0005272932633180183,
      "return_histogram_bins": [
        "(-inf,-1%)",
        "[-1%,-0.5%)",
        "[-0.5%,-0.2%)",
        "[-0.2%,0%)",
        "[0%,0.2%)",
        "[0.2%,0.5%)",
        "[0.5%,1%)",
        "[1%,inf)"
      ],
      "return_histogram_counts": [
        2,
        4,
        44,
        192,
        229,
        98,
        61,
        25
      ],
      "top10_pct_pnl_contribution": 0.6739746203884557,
      "trades_per_day": 1.8851181196786186
    }
  },
  "family": "exit_logic",
  "hypothesis_id": "H214",
  "timestamp_utc": "2026-03-11T17:05:29+00:00",
  "wf_by_mode": {
    "bps10": {
      "aggregate": {
        "mean": 0.0003639128857399681,
        "mean_ci_high": 0.000680752821218641,
        "mean_ci_low": 6.180505624025732e-05,
        "n": 505,
        "p_mean_gt_0": 0.9906666666666667
      },
      "folds": [
        {
          "fold_id": 1,
          "mean": 0.0005196417729171111,
          "n": 28,
          "test_end": "2025-05-26T00:00:00+00:00",
          "test_start": "2025-05-11T00:00:00+00:00"
        },
        {
          "fold_id": 2,
          "mean": 0.0003674565151706143,
          "n": 36,
          "test_end": "2025-06-10T00:00:00+00:00",
          "test_start": "2025-05-26T00:00:00+00:00"
        },
        {
          "fold_id": 3,
          "mean": 0.0006882809084762805,
          "n": 22,
          "test_end": "2025-06-25T00:00:00+00:00",
          "test_start": "2025-06-10T00:00:00+00:00"
        },
        {
          "fold_id": 4,
          "mean": -0.0009328217993664745,
          "n": 30,
          "test_end": "2025-07-10T00:00:00+00:00",
          "test_start": "2025-06-25T00:00:00+00:00"
        },
        {
          "fold_id": 5,
          "mean": 0.0002254711035916632,
          "n": 20,
          "test_end": "2025-07-25T00:00:00+00:00",
          "test_start": "2025-07-10T00:00:00+00:00"
        },
        {
          "fold_id": 6,
          "mean": -0.00015390705994767687,
          "n": 20,
          "test_end": "2025-08-09T00:00:00+00:00",
          "test_start": "2025-07-25T00:00:00+00:00"
        },
        {
          "fold_id": 7,
          "mean": 0.0013828887929060506,
          "n": 22,
          "test_end": "2025-08-24T00:00:00+00:00",
          "test_start": "2025-08-09T00:00:00+00:00"
        },
        {
          "fold_id": 8,
          "mean": -0.0007411747819796936,
          "n": 28,
          "test_end": "2025-09-08T00:00:00+00:00",
          "test_start": "2025-08-24T00:00:00+00:00"
        },
        {
          "fold_id": 9,
          "mean": -0.00015556192194727728,
          "n": 25,
          "test_end": "2025-09-23T00:00:00+00:00",
          "test_start": "2025-09-08T00:00:00+00:00"
        },
        {
          "fold_id": 10,
          "mean": -0.00014374983880615746,
          "n": 30,
          "test_end": "2025-10-08T00:00:00+00:00",
          "test_start": "2025-09-23T00:00:00+00:00"
        },
        {
          "fold_id": 11,
          "mean": 0.0021269759833146334,
          "n": 20,
          "test_end": "2025-10-23T00:00:00+00:00",
          "test_start": "2025-10-08T00:00:00+00:00"
        },
        {
          "fold_id": 12,
          "mean": 0.0007961063111474094,
          "n": 26,
          "test_end": "2025-11-07T00:00:00+00:00",
          "test_start": "2025-10-23T00:00:00+00:00"
        },
        {
          "fold_id": 13,
          "mean": 0.0002559259306336603,
          "n": 28,
          "test_end": "2025-11-22T00:00:00+00:00",
          "test_start": "2025-11-07T00:00:00+00:00"
        },
        {
          "fold_id": 14,
          "mean": 0.0009527197619201202,
          "n": 36,
          "test_end": "2025-12-07T00:00:00+00:00",
          "test_start": "2025-11-22T00:00:00+00:00"
        },
        {
          "fold_id": 15,
          "mean": 0.0018973048200498627,
          "n": 31,
          "test_end": "2025-12-22T00:00:00+00:00",
          "test_start": "2025-12-07T00:00:00+00:00"
        },
        {
          "fold_id": 16,
          "mean": -0.0004963784031624041,
          "n": 32,
          "test_end": "2026-01-06T00:00:00+00:00",
          "test_start": "2025-12-22T00:00:00+00:00"
        },
        {
          "fold_id": 17,
          "mean": 0.0004913557855816534,
          "n": 19,
          "test_end": "2026-01-21T00:00:00+00:00",
          "test_start": "2026-01-06T00:00:00+00:00"
        },
        {
          "fold_id": 18,
          "mean": -0.0008947134161210032,
          "n": 24,
          "test_end": "2026-02-05T00:00:00+00:00",
          "test_start": "2026-01-21T00:00:00+00:00"
        },
        {
          "fold_id": 19,
          "mean": 0.001087235006941991,
          "n": 28,
          "test_end": "2026-02-20T00:00:00+00:00",
          "test_start": "2026-02-05T00:00:00+00:00"
        }
      ],
      "positive_folds": {
        "count": 12,
        "pct": 63.1578947368421,
        "total": 19
      },
      "split": {
        "step_days": 15,
        "test_days": 15,
        "train_days": 60
      }
    },
    "bps8": {
      "aggregate": {
        "mean": 0.0005639128857399683,
        "mean_ci_high": 0.0008807528212186412,
        "mean_ci_low": 0.00026180505624025756,
        "n": 505,
        "p_mean_gt_0": 1.0
      },
      "folds": [
        {
          "fold_id": 1,
          "mean": 0.0007196417729171116,
          "n": 28,
          "test_end": "2025-05-26T00:00:00+00:00",
          "test_start": "2025-05-11T00:00:00+00:00"
        },
        {
          "fold_id": 2,
          "mean": 0.0005674565151706143,
          "n": 36,
          "test_end": "2025-06-10T00:00:00+00:00",