{
  "baseline": {
    "bps10": {
      "mean": 0.0007665311739018193,
      "mean_ci_high": 0.0012221723369940018,
      "mean_ci_low": 0.0003560626767391647,
      "n": 328,
      "p_mean_gt_0": 0.9996666666666667,
      "std": 0.004010424220125975,
      "win_rate": 0.5030487804878049
    },
    "bps8": {
      "mean": 0.0009665311739018195,
      "mean_ci_high": 0.0014221723369940021,
      "mean_ci_low": 0.0005560626767391649,
      "n": 328,
      "p_mean_gt_0": 1.0,
      "std": 0.004010424220125975,
      "win_rate": 0.5304878048780488
    },
    "gross": {
      "mean": 0.0017665311739018194,
      "mean_ci_high": 0.0022221723369940023,
      "mean_ci_low": 0.001356062676739165,
      "n": 328,
      "p_mean_gt_0": 1.0,
      "std": 0.004010424220125975,
      "win_rate": 0.6615853658536586
    }
  },
  "config": {
    "bootstrap_iters": 3000,
    "cost_mode": "all",
    "days": 365,
    "horizon": 8,
    "timeframe": "5m",
    "wf": {
      "step_days": 15,
      "test_days": 15,
      "train_days": 60
    }
  },
  "diagnostics_by_mode": {
    "bps10": {
      "mae_proxy_median": -0.0006727955913865546,
      "median_hold_return": 9.104737799914362e-05,
      "return_histogram_bins": [
        "(-inf,-1%)",
        "[-1%,-0.5%)",
        "[-0.5%,-0.2%)",
        "[-0.2%,0%)",
        "[0%,0.2%)",
        "[0.2%,0.5%)",
        "[0.5%,1%)",
        "[1%,inf)"
      ],
      "return_histogram_counts": [
        2,
        9,
        47,
        105,
        78,
        52,
        25,
        10
      ],
      "top10_pct_pnl_contribution": 1.254767738296975,
      "trades_per_day": 0.9439980813047129
    },
    "bps8": {
      "mae_proxy_median": -0.0006727955913865546,
      "median_hold_return": 0.0002910473779991436,
      "return_histogram_bins": [
        "(-inf,-1%)",
        "[-1%,-0.5%)",
        "[-0.5%,-0.2%)",
        "[-0.2%,0%)",
        "[0%,0.2%)",
        "[0.2%,0.5%)",
        "[0.5%,1%)",
        "[1%,inf)"
      ],
      "return_histogram_counts": [
        2,
        8,
        41,
        103,
        79,
        57,
        26,
        12
      ],
      "top10_pct_pnl_contribution": 1.0159429567764455,
      "trades_per_day": 0.9439980813047129
    },
    "gross": {
      "mae_proxy_median": -0.0006727955913865546,
      "median_hold_return": 0.0010910473779991436,
      "return_histogram_bins": [
        "(-inf,-1%)",
        "[-1%,-0.5%)",
        "[-0.5%,-0.2%)",
        "[-0.2%,0%)",
        "[0%,0.2%)",
        "[0.2%,0.5%)",
        "[0.5%,1%)",
        "[1%,inf)"
      ],
      "return_histogram_counts": [
        2,
        2,
        29,
        78,
        98,
        69,
        35,
        15
      ],
      "top10_pct_pnl_contribution": 0.6014206594281817,
      "trades_per_day": 0.9439980813047129
    }
  },
  "family": "direction_split",
  "hypothesis_id": "H216",
  "timestamp_utc": "2026-03-11T17:05:42+00:00",
  "wf_by_mode": {
    "bps10": {
      "aggregate": {
        "mean": 0.0006337682260344183,
        "mean_ci_high": 0.0011344325895362947,
        "mean_ci_low": 0.0001542627611462405,
        "n": 253,
        "p_mean_gt_0": 0.9953333333333333
      },
      "folds": [
        {
          "fold_id": 1,
          "mean": 0.00141755871311767,
          "n": 14,
          "test_end": "2025-05-26T00:00:00+00:00",
          "test_start": "2025-05-11T00:00:00+00:00"
        },
        {
          "fold_id": 2,
          "mean": 0.0004360865462434423,
          "n": 18,
          "test_end": "2025-06-10T00:00:00+00:00",
          "test_start": "2025-05-26T00:00:00+00:00"
        },
        {
          "fold_id": 3,
          "mean": 0.0021634185964031325,
          "n": 11,
          "test_end": "2025-06-25T00:00:00+00:00",
          "test_start": "2025-06-10T00:00:00+00:00"
        },
        {
          "fold_id": 4,
          "mean": -0.0008614921570340821,
          "n": 15,
          "test_end": "2025-07-10T00:00:00+00:00",
          "test_start": "2025-06-25T00:00:00+00:00"
        },
        {
          "fold_id": 5,
          "mean": 0.0006440459914680017,
          "n": 10,
          "test_end": "2025-07-25T00:00:00+00:00",
          "test_start": "2025-07-10T00:00:00+00:00"
        },
        {
          "fold_id": 6,
          "mean": -0.000259867320329942,
          "n": 10,
          "test_end": "2025-08-09T00:00:00+00:00",
          "test_start": "2025-07-25T00:00:00+00:00"
        },
        {
          "fold_id": 7,
          "mean": 0.002489672385843512,
          "n": 11,
          "test_end": "2025-08-24T00:00:00+00:00",
          "test_start": "2025-08-09T00:00:00+00:00"
        },
        {
          "fold_id": 8,
          "mean": -0.00012510509202548785,
          "n": 14,
          "test_end": "2025-09-08T00:00:00+00:00",
          "test_start": "2025-08-24T00:00:00+00:00"
        },
        {
          "fold_id": 9,
          "mean": 7.550573303227812e-05,
          "n": 13,
          "test_end": "2025-09-23T00:00:00+00:00",
          "test_start": "2025-09-08T00:00:00+00:00"
        },
        {
          "fold_id": 10,
          "mean": -0.00033035907443907124,
          "n": 15,
          "test_end": "2025-10-08T00:00:00+00:00",
          "test_start": "2025-09-23T00:00:00+00:00"
        },
        {
          "fold_id": 11,
          "mean": 0.0027293940718166273,
          "n": 10,
          "test_end": "2025-10-23T00:00:00+00:00",
          "test_start": "2025-10-08T00:00:00+00:00"
        },
        {
          "fold_id": 12,
          "mean": 0.0007563046818988355,
          "n": 13,
          "test_end": "2025-11-07T00:00:00+00:00",
          "test_start": "2025-10-23T00:00:00+00:00"
        },
        {
          "fold_id": 13,
          "mean": -4.48812000136681e-05,
          "n": 14,
          "test_end": "2025-11-22T00:00:00+00:00",
          "test_start": "2025-11-07T00:00:00+00:00"
        },
        {
          "fold_id": 14,
          "mean": 0.0011295038958202158,
          "n": 18,
          "test_end": "2025-12-07T00:00:00+00:00",
          "test_start": "2025-11-22T00:00:00+00:00"
        },
        {
          "fold_id": 15,
          "mean": 0.0027807009926868946,
          "n": 15,
          "test_end": "2025-12-22T00:00:00+00:00",
          "test_start": "2025-12-07T00:00:00+00:00"
        },
        {
          "fold_id": 16,
          "mean": 0.00020244929003136129,
          "n": 16,
          "test_end": "2026-01-06T00:00:00+00:00",
          "test_start": "2025-12-22T00:00:00+00:00"
        },
        {
          "fold_id": 17,
          "mean": 0.00040678199882391376,
          "n": 10,
          "test_end": "2026-01-21T00:00:00+00:00",
          "test_start": "2026-01-06T00:00:00+00:00"
        },
        {
          "fold_id": 18,
          "mean": -0.001541781496288668,
          "n": 12,
          "test_end": "2026-02-05T00:00:00+00:00",
          "test_start": "2026-01-21T00:00:00+00:00"
        },
        {
          "fold_id": 19,
          "mean": 0.0006375056153296669,
          "n": 14,
          "test_end": "2026-02-20T00:00:00+00:00",
          "test_start": "2026-02-05T00:00:00+00:00"
        }
      ],
      "positive_folds": {
        "count": 13,
        "pct": 68.42105263157895,
        "total": 19
      },
      "split": {
        "step_days": 15,
        "test_days": 15,
        "train_days": 60
      }
    },
    "bps8": {
      "aggregate": {
        "mean": 0.0008337682260344186,
        "mean_ci_high": 0.0013344325895362952,
        "mean_ci_low": 0.00035426276114624075,
        "n": 253,
        "p_mean_gt_0": 1.0
      },
      "folds": [
        {
          "fold_id": 1,
          "mean": 0.0016175587131176704,
          "n": 14,
          "test_end": "2025-05-26T00:00:00+00:00",
          "test_start": "2025-05-11T00:00:00+00:00"
        },
        {
          "fold_id": 2,
          "mean": 0.0006360865462434423,
          "n": 18,
          "test_end": "2025-06-10T00:00:00+00:00",