{
  "baseline": {
    "bps10": {
      "mean": 0.002736742176672912,
      "mean_ci_high": 0.004352683747417886,
      "mean_ci_low": 0.001243395030257947,
      "n": 61,
      "p_mean_gt_0": 1.0,
      "std": 0.006231183740503202,
      "win_rate": 0.6557377049180327
    },
    "bps8": {
      "mean": 0.002936742176672913,
      "mean_ci_high": 0.004552683747417885,
      "mean_ci_low": 0.0014433950302579477,
      "n": 61,
      "p_mean_gt_0": 1.0,
      "std": 0.0062311837405032025,
      "win_rate": 0.6885245901639344
    },
    "gross": {
      "mean": 0.0037367421766729128,
      "mean_ci_high": 0.005352683747417887,
      "mean_ci_low": 0.0022433950302579476,
      "n": 61,
      "p_mean_gt_0": 1.0,
      "std": 0.0062311837405032025,
      "win_rate": 0.7377049180327869
    }
  },
  "config": {
    "bootstrap_iters": 3000,
    "cost_mode": "all",
    "days": 365,
    "horizon": 12,
    "timeframe": "5m",
    "wf": {
      "step_days": 15,
      "test_days": 15,
      "train_days": 60
    }
  },
  "diagnostics_by_mode": {
    "bps10": {
      "mae_proxy_median": -0.0009146890046886069,
      "median_hold_return": 0.0013423206769024318,
      "return_histogram_bins": [
        "(-inf,-1%)",
        "[-1%,-0.5%)",
        "[-0.5%,-0.2%)",
        "[-0.2%,0%)",
        "[0%,0.2%)",
        "[0.2%,0.5%)",
        "[0.5%,1%)",
        "[1%,inf)"
      ],
      "return_histogram_counts": [
        0,
        4,
        5,
        12,
        11,
        11,
        12,
        6
      ],
      "top10_pct_pnl_contribution": 0.612005935940198,
      "trades_per_day": 0.18824739616818822
    },
    "bps8": {
      "mae_proxy_median": -0.0009146890046886069,
      "median_hold_return": 0.001542320676902432,
      "return_histogram_bins": [
        "(-inf,-1%)",
        "[-1%,-0.5%)",
        "[-0.5%,-0.2%)",
        "[-0.2%,0%)",
        "[0%,0.2%)",
        "[0.2%,0.5%)",
        "[0.5%,1%)",
        "[1%,inf)"
      ],
      "return_histogram_counts": [
        0,
        4,
        5,
        10,
        13,
        9,
        13,
        7
      ],
      "top10_pct_pnl_contribution": 0.5781417553165595,
      "trades_per_day": 0.18824739616818822
    },
    "gross": {
      "mae_proxy_median": -0.0009146890046886069,
      "median_hold_return": 0.002342320676902432,
      "return_histogram_bins": [
        "(-inf,-1%)",
        "[-1%,-0.5%)",
        "[-0.5%,-0.2%)",
        "[-0.2%,0%)",
        "[0%,0.2%)",
        "[0.2%,0.5%)",
        "[0.5%,1%)",
        "[1%,inf)"
      ],
      "return_histogram_counts": [
        0,
        4,
        4,
        8,
        10,
        13,
        13,
        9
      ],
      "top10_pct_pnl_contribution": 0.47893498427441267,
      "trades_per_day": 0.18824739616818822
    }
  },
  "family": "direction_split",
  "hypothesis_id": "H217",
  "timestamp_utc": "2026-03-11T17:05:48+00:00",
  "wf_by_mode": {
    "bps10": {
      "aggregate": {
        "mean": 0.00293368697216399,
        "mean_ci_high": 0.00488463962077531,
        "mean_ci_low": 0.0012456202685594553,
        "n": 46,
        "p_mean_gt_0": 1.0
      },
      "folds": [
        {
          "fold_id": 1,
          "mean": 0.0017025328337960304,
          "n": 3,
          "test_end": "2025-06-16T00:00:00+00:00",
          "test_start": "2025-06-01T00:00:00+00:00"
        },
        {
          "fold_id": 2,
          "mean": 0.0015103642103023738,
          "n": 3,
          "test_end": "2025-07-01T00:00:00+00:00",
          "test_start": "2025-06-16T00:00:00+00:00"
        },
        {
          "fold_id": 3,
          "mean": 0.004971100921732475,
          "n": 1,
          "test_end": "2025-07-16T00:00:00+00:00",
          "test_start": "2025-07-01T00:00:00+00:00"
        },
        {
          "fold_id": 4,
          "mean": 0.0011492478095422127,
          "n": 3,
          "test_end": "2025-07-31T00:00:00+00:00",
          "test_start": "2025-07-16T00:00:00+00:00"
        },
        {
          "fold_id": 5,
          "mean": 0.0029043041962225633,
          "n": 1,
          "test_end": "2025-08-15T00:00:00+00:00",
          "test_start": "2025-07-31T00:00:00+00:00"
        },
        {
          "fold_id": 6,
          "mean": 0.00202392241387146,
          "n": 5,
          "test_end": "2025-08-30T00:00:00+00:00",
          "test_start": "2025-08-15T00:00:00+00:00"
        },
        {
          "fold_id": 7,
          "mean": 0.0003540207658985226,
          "n": 4,
          "test_end": "2025-09-14T00:00:00+00:00",
          "test_start": "2025-08-30T00:00:00+00:00"
        },
        {
          "fold_id": 8,
          "mean": 0.002450551046157435,
          "n": 2,
          "test_end": "2025-09-29T00:00:00+00:00",
          "test_start": "2025-09-14T00:00:00+00:00"
        },
        {
          "fold_id": 9,
          "mean": 0.004200308311405721,
          "n": 2,
          "test_end": "2025-10-14T00:00:00+00:00",
          "test_start": "2025-09-29T00:00:00+00:00"
        },
        {
          "fold_id": 10,
          "mean": 0.017159293166577383,
          "n": 2,
          "test_end": "2025-10-29T00:00:00+00:00",
          "test_start": "2025-10-14T00:00:00+00:00"
        },
        {
          "fold_id": 11,
          "mean": 0.00827730559232398,
          "n": 2,
          "test_end": "2025-11-13T00:00:00+00:00",
          "test_start": "2025-10-29T00:00:00+00:00"
        },
        {
          "fold_id": 12,
          "mean": 0.002747482253575773,
          "n": 5,
          "test_end": "2025-11-28T00:00:00+00:00",
          "test_start": "2025-11-13T00:00:00+00:00"
        },
        {
          "fold_id": 13,
          "mean": 0.01040100087032203,
          "n": 1,
          "test_end": "2025-12-13T00:00:00+00:00",
          "test_start": "2025-11-28T00:00:00+00:00"
        },
        {
          "fold_id": 14,
          "mean": 0.00024066616668124425,
          "n": 3,
          "test_end": "2025-12-28T00:00:00+00:00",
          "test_start": "2025-12-13T00:00:00+00:00"
        },
        {
          "fold_id": 15,
          "mean": 0.002423454843202944,
          "n": 3,
          "test_end": "2026-01-12T00:00:00+00:00",
          "test_start": "2025-12-28T00:00:00+00:00"
        },
        {
          "fold_id": 16,
          "mean": 0.0010505886056788973,
          "n": 3,
          "test_end": "2026-01-27T00:00:00+00:00",
          "test_start": "2026-01-12T00:00:00+00:00"
        },
        {
          "fold_id": 17,
          "mean": 0.0009982028966320324,
          "n": 3,
          "test_end": "2026-02-11T00:00:00+00:00",
          "test_start": "2026-01-27T00:00:00+00:00"
        }
      ],
      "positive_folds": {
        "count": 17,
        "pct": 100.0,
        "total": 17
      },
      "split": {
        "step_days": 15,
        "test_days": 15,
        "train_days": 60
      }
    },
    "bps8": {
      "aggregate": {
        "mean": 0.0031336869721639913,
        "mean_ci_high": 0.005084639620775311,
        "mean_ci_low": 0.0014456202685594556,
        "n": 46,
        "p_mean_gt_0": 1.0
      },
      "folds": [
        {
          "fold_id": 1,
          "mean": 0.00190253283379603,
          "n": 3,
          "test_end": "2025-06-16T00:00:00+00:00",
          "test_start": "2025-06-01T00:00:00+00:00"
        },
        {
          "fold_id": 2,
          "mean": 0.001710364210302374,
          "n": 3,
          "test_end": "2025-07-01T00:00:00+00:00",
          "test_start": "2025-06-16T00:00:00+00:00"
        },
        {
          "fold_id": 3,
          "mean": 0.005171100921732475,
          "n": 1,
          "test_end": "2025-07-16T00:00:00+00:00",
          "test_start": "2025-07-01T00:00:00+00:00"
        },
        {
          "fold_id": 4,
          "mean": 0.001349247809542213,
          "n": 3,
          "test_end": "2025-07-31T00:00:00+00:00",
          "test_start": "2025-07-16T00:00:00+00:00"
        },
        {
          "fold_id": 5,
          "mean": 0.0031043041962225634,