{
  "baseline": {
    "bps10": {
      "mean": 0.005142120847573173,
      "mean_ci_high": 0.007382712716747842,
      "mean_ci_low": 0.003191293081955621,
      "n": 35,
      "p_mean_gt_0": 1.0,
      "std": 0.0064095366010894295,
      "win_rate": 0.7714285714285715
    },
    "bps8": {
      "mean": 0.005342120847573174,
      "mean_ci_high": 0.007582712716747842,
      "mean_ci_low": 0.003391293081955622,
      "n": 35,
      "p_mean_gt_0": 1.0,
      "std": 0.0064095366010894295,
      "win_rate": 0.8
    },
    "gross": {
      "mean": 0.006142120847573174,
      "mean_ci_high": 0.008382712716747844,
      "mean_ci_low": 0.004191293081955622,
      "n": 35,
      "p_mean_gt_0": 1.0,
      "std": 0.0064095366010894295,
      "win_rate": 0.8571428571428571
    }
  },
  "config": {
    "bootstrap_iters": 3000,
    "cost_mode": "all",
    "days": 365,
    "horizon": 12,
    "timeframe": "5m",
    "wf": {
      "step_days": 15,
      "test_days": 15,
      "train_days": 60
    }
  },
  "diagnostics_by_mode": {
    "bps10": {
      "mae_proxy_median": -0.0006633220350926727,
      "median_hold_return": 0.004824557257914087,
      "return_histogram_bins": [
        "(-inf,-1%)",
        "[-1%,-0.5%)",
        "[-0.5%,-0.2%)",
        "[-0.2%,0%)",
        "[0%,0.2%)",
        "[0.2%,0.5%)",
        "[0.5%,1%)",
        "[1%,inf)"
      ],
      "return_histogram_counts": [
        0,
        0,
        2,
        6,
        5,
        6,
        10,
        6
      ],
      "top10_pct_pnl_contribution": 0.39784994214523595,
      "trades_per_day": 0.11472275334608031
    },
    "bps8": {
      "mae_proxy_median": -0.0006633220350926727,
      "median_hold_return": 0.005024557257914087,
      "return_histogram_bins": [
        "(-inf,-1%)",
        "[-1%,-0.5%)",
        "[-0.5%,-0.2%)",
        "[-0.2%,0%)",
        "[0%,0.2%)",
        "[0.2%,0.5%)",
        "[0.5%,1%)",
        "[1%,inf)"
      ],
      "return_histogram_counts": [
        0,
        0,
        2,
        5,
        6,
        4,
        11,
        7
      ],
      "top10_pct_pnl_contribution": 0.3872337754223008,
      "trades_per_day": 0.11472275334608031
    },
    "gross": {
      "mae_proxy_median": -0.0006633220350926727,
      "median_hold_return": 0.005824557257914087,
      "return_histogram_bins": [
        "(-inf,-1%)",
        "[-1%,-0.5%)",
        "[-0.5%,-0.2%)",
        "[-0.2%,0%)",
        "[0%,0.2%)",
        "[0.2%,0.5%)",
        "[0.5%,1%)",
        "[1%,inf)"
      ],
      "return_histogram_counts": [
        0,
        0,
        1,
        4,
        5,
        6,
        10,
        9
      ],
      "top10_pct_pnl_contribution": 0.3516827899682218,
      "trades_per_day": 0.11472275334608031
    }
  },
  "family": "direction_split",
  "hypothesis_id": "H219",
  "timestamp_utc": "2026-03-11T17:06:02+00:00",
  "wf_by_mode": {
    "bps10": {
      "aggregate": {
        "mean": 0.005378501675481677,
        "mean_ci_high": 0.008014570651155297,
        "mean_ci_low": 0.0029508888338081597,
        "n": 26,
        "p_mean_gt_0": 1.0
      },
      "folds": [
        {
          "fold_id": 1,
          "mean": 0.0014050369966757134,
          "n": 2,
          "test_end": "2025-07-05T00:00:00+00:00",
          "test_start": "2025-06-20T00:00:00+00:00"
        },
        {
          "fold_id": 2,
          "mean": 0.004971100921732475,
          "n": 1,
          "test_end": "2025-07-20T00:00:00+00:00",
          "test_start": "2025-07-05T00:00:00+00:00"
        },
        {
          "fold_id": 3,
          "mean": 0.00924264056936408,
          "n": 1,
          "test_end": "2025-08-04T00:00:00+00:00",
          "test_start": "2025-07-20T00:00:00+00:00"
        },
        {
          "fold_id": 4,
          "mean": 0.0,
          "n": 0,
          "test_end": "2025-08-19T00:00:00+00:00",
          "test_start": "2025-08-04T00:00:00+00:00"
        },
        {
          "fold_id": 5,
          "mean": 0.0025122300751184044,
          "n": 5,
          "test_end": "2025-09-03T00:00:00+00:00",
          "test_start": "2025-08-19T00:00:00+00:00"
        },
        {
          "fold_id": 6,
          "mean": 0.0035110234150111954,
          "n": 3,
          "test_end": "2025-09-18T00:00:00+00:00",
          "test_start": "2025-09-03T00:00:00+00:00"
        },
        {
          "fold_id": 7,
          "mean": 0.0027242315842302975,
          "n": 1,
          "test_end": "2025-10-03T00:00:00+00:00",
          "test_start": "2025-09-18T00:00:00+00:00"
        },
        {
          "fold_id": 8,
          "mean": 0.005733714026102011,
          "n": 2,
          "test_end": "2025-10-18T00:00:00+00:00",
          "test_start": "2025-10-03T00:00:00+00:00"
        },
        {
          "fold_id": 9,
          "mean": 0.02852754331953189,
          "n": 1,
          "test_end": "2025-11-02T00:00:00+00:00",
          "test_start": "2025-10-18T00:00:00+00:00"
        },
        {
          "fold_id": 10,
          "mean": 0.01351349125266299,
          "n": 1,
          "test_end": "2025-11-17T00:00:00+00:00",
          "test_start": "2025-11-02T00:00:00+00:00"
        },
        {
          "fold_id": 11,
          "mean": 0.0055573895610935295,
          "n": 1,
          "test_end": "2025-12-02T00:00:00+00:00",
          "test_start": "2025-11-17T00:00:00+00:00"
        },
        {
          "fold_id": 12,
          "mean": 0.01040100087032203,
          "n": 1,
          "test_end": "2025-12-17T00:00:00+00:00",
          "test_start": "2025-12-02T00:00:00+00:00"
        },
        {
          "fold_id": 13,
          "mean": 0.007496215179881306,
          "n": 1,
          "test_end": "2026-01-01T00:00:00+00:00",
          "test_start": "2025-12-17T00:00:00+00:00"
        },
        {
          "fold_id": 14,
          "mean": 0.005068166324237529,
          "n": 3,
          "test_end": "2026-01-16T00:00:00+00:00",
          "test_start": "2026-01-01T00:00:00+00:00"
        },
        {
          "fold_id": 15,
          "mean": 0.0017520771557191237,
          "n": 2,
          "test_end": "2026-01-31T00:00:00+00:00",
          "test_start": "2026-01-16T00:00:00+00:00"
        },
        {
          "fold_id": 16,
          "mean": 0.0013270543533731036,
          "n": 1,
          "test_end": "2026-02-15T00:00:00+00:00",
          "test_start": "2026-01-31T00:00:00+00:00"
        }
      ],
      "positive_folds": {
        "count": 15,
        "pct": 93.75,
        "total": 16
      },
      "split": {
        "step_days": 15,
        "test_days": 15,
        "train_days": 60
      }
    },
    "bps8": {
      "aggregate": {
        "mean": 0.005578501675481678,
        "mean_ci_high": 0.008214570651155297,
        "mean_ci_low": 0.0031508888338081594,
        "n": 26,
        "p_mean_gt_0": 1.0
      },
      "folds": [
        {
          "fold_id": 1,
          "mean": 0.0016050369966757135,
          "n": 2,
          "test_end": "2025-07-05T00:00:00+00:00",
          "test_start": "2025-06-20T00:00:00+00:00"
        },
        {
          "fold_id": 2,
          "mean": 0.005171100921732475,
          "n": 1,
          "test_end": "2025-07-20T00:00:00+00:00",
          "test_start": "2025-07-05T00:00:00+00:00"
        },
        {
          "fold_id": 3,
          "mean": 0.00944264056936408,
          "n": 1,
          "test_end": "2025-08-04T00:00:00+00:00",
          "test_start": "2025-07-20T00:00:00+00:00"
        },
        {
          "fold_id": 4,
          "mean": 0.0,
          "n": 0,
          "test_end": "2025-08-19T00:00:00+00:00",
          "test_start": "2025-08-04T00:00:00+00:00"
        },
        {
          "fold_id": 5,
          "mean": 0.0027122300751184062,
          "n": 5,
          "test_end": "2025-09-03T00:00:00+00:00",
          "test_start": "2025-08-19T00:00:00+00:00"
        },
        {
          "fold_id": 6,
          "mean": 0.0037110234150111946,
          "n": 3,