{
  "baseline": {
    "bps10": {
      "mean": 0.0013819490016897253,
      "mean_ci_high": 0.0018511646354322931,
      "mean_ci_low": 0.0009475354368855924,
      "n": 700,
      "p_mean_gt_0": 1.0,
      "std": 0.006307692316756253,
      "win_rate": 0.5685714285714286
    },
    "bps8": {
      "mean": 0.0015819490016897254,
      "mean_ci_high": 0.002051164635432294,
      "mean_ci_low": 0.001147535436885593,
      "n": 700,
      "p_mean_gt_0": 1.0,
      "std": 0.006307692316756254,
      "win_rate": 0.5885714285714285
    },
    "gross": {
      "mean": 0.002381949001689726,
      "mean_ci_high": 0.0028511646354322942,
      "mean_ci_low": 0.0019475354368855928,
      "n": 700,
      "p_mean_gt_0": 1.0,
      "std": 0.006307692316756253,
      "win_rate": 0.6514285714285715
    }
  },
  "config": {
    "bootstrap_iters": 3000,
    "cost_mode": "all",
    "days": 365,
    "horizon": 8,
    "timeframe": "5m",
    "wf": {
      "step_days": 15,
      "test_days": 15,
      "train_days": 60
    }
  },
  "diagnostics_by_mode": {
    "bps10": {
      "mae_proxy_median": null,
      "median_hold_return": 0.0008485047144954358,
      "return_histogram_bins": [
        "(-inf,-1%)",
        "[-1%,-0.5%)",
        "[-0.5%,-0.2%)",
        "[-0.2%,0%)",
        "[0%,0.2%)",
        "[0.2%,0.5%)",
        "[0.5%,1%)",
        "[1%,inf)"
      ],
      "return_histogram_counts": [
        18,
        70,
        88,
        126,
        107,
        135,
        103,
        53
      ],
      "top10_pct_pnl_contribution": 1.006753209504392,
      "trades_per_day": 2.207138165097438
    },
    "bps8": {
      "mae_proxy_median": null,
      "median_hold_return": 0.001048504714495436,
      "return_histogram_bins": [
        "(-inf,-1%)",
        "[-1%,-0.5%)",
        "[-0.5%,-0.2%)",
        "[-0.2%,0%)",
        "[0%,0.2%)",
        "[0.2%,0.5%)",
        "[0.5%,1%)",
        "[1%,inf)"
      ],
      "return_histogram_counts": [
        15,
        65,
        88,
        120,
        111,
        143,
        102,
        56
      ],
      "top10_pct_pnl_contribution": 0.8921157327544003,
      "trades_per_day": 2.207138165097438
    },
    "gross": {
      "mae_proxy_median": null,
      "median_hold_return": 0.0018485047144954359,
      "return_histogram_bins": [
        "(-inf,-1%)",
        "[-1%,-0.5%)",
        "[-0.5%,-0.2%)",
        "[-0.2%,0%)",
        "[0%,0.2%)",
        "[0.2%,0.5%)",
        "[0.5%,1%)",
        "[1%,inf)"
      ],
      "return_histogram_counts": [
        13,
        55,
        67,
        109,
        113,
        146,
        132,
        65
      ],
      "top10_pct_pnl_contribution": 0.6260762055630175,
      "trades_per_day": 2.207138165097438
    }
  },
  "family": "oi_liq",
  "hypothesis_id": "H222",
  "timestamp_utc": "2026-03-11T18:19:04+00:00",
  "wf_by_mode": {
    "bps10": {
      "aggregate": {
        "mean": 0.001528346679299804,
        "mean_ci_high": 0.00205631600025678,
        "mean_ci_low": 0.0009989797226576949,
        "n": 579,
        "p_mean_gt_0": 1.0
      },
      "folds": [
        {
          "fold_id": 1,
          "mean": 0.001630586139951844,
          "n": 30,
          "test_end": "2025-06-25T00:00:00+00:00",
          "test_start": "2025-06-10T00:00:00+00:00"
        },
        {
          "fold_id": 2,
          "mean": -0.000436035178658298,
          "n": 26,
          "test_end": "2025-07-10T00:00:00+00:00",
          "test_start": "2025-06-25T00:00:00+00:00"
        },
        {
          "fold_id": 3,
          "mean": 0.0003815048420193445,
          "n": 35,
          "test_end": "2025-07-25T00:00:00+00:00",
          "test_start": "2025-07-10T00:00:00+00:00"
        },
        {
          "fold_id": 4,
          "mean": 0.0007274150582781975,
          "n": 28,
          "test_end": "2025-08-09T00:00:00+00:00",
          "test_start": "2025-07-25T00:00:00+00:00"
        },
        {
          "fold_id": 5,
          "mean": 0.0014831508648249188,
          "n": 41,
          "test_end": "2025-08-24T00:00:00+00:00",
          "test_start": "2025-08-09T00:00:00+00:00"
        },
        {
          "fold_id": 6,
          "mean": 0.0024242017090201568,
          "n": 21,
          "test_end": "2025-09-08T00:00:00+00:00",
          "test_start": "2025-08-24T00:00:00+00:00"
        },
        {
          "fold_id": 7,
          "mean": 0.0003174873824487081,
          "n": 24,
          "test_end": "2025-09-23T00:00:00+00:00",
          "test_start": "2025-09-08T00:00:00+00:00"
        },
        {
          "fold_id": 8,
          "mean": 0.0008453680913957173,
          "n": 32,
          "test_end": "2025-10-08T00:00:00+00:00",
          "test_start": "2025-09-23T00:00:00+00:00"
        },
        {
          "fold_id": 9,
          "mean": 0.0007711263587740027,
          "n": 49,
          "test_end": "2025-10-23T00:00:00+00:00",
          "test_start": "2025-10-08T00:00:00+00:00"
        },
        {
          "fold_id": 10,
          "mean": 0.00167576005005057,
          "n": 32,
          "test_end": "2025-11-07T00:00:00+00:00",
          "test_start": "2025-10-23T00:00:00+00:00"
        },
        {
          "fold_id": 11,
          "mean": 0.002138692040763327,
          "n": 52,
          "test_end": "2025-11-22T00:00:00+00:00",
          "test_start": "2025-11-07T00:00:00+00:00"
        },
        {
          "fold_id": 12,
          "mean": 0.000871615529959546,
          "n": 17,
          "test_end": "2025-12-07T00:00:00+00:00",
          "test_start": "2025-11-22T00:00:00+00:00"
        },
        {
          "fold_id": 13,
          "mean": 0.0034875410101245403,
          "n": 32,
          "test_end": "2025-12-22T00:00:00+00:00",
          "test_start": "2025-12-07T00:00:00+00:00"
        },
        {
          "fold_id": 14,
          "mean": 0.0013408882447498818,
          "n": 24,
          "test_end": "2026-01-06T00:00:00+00:00",
          "test_start": "2025-12-22T00:00:00+00:00"
        },
        {
          "fold_id": 15,
          "mean": -0.001075244364910375,
          "n": 37,
          "test_end": "2026-01-21T00:00:00+00:00",
          "test_start": "2026-01-06T00:00:00+00:00"
        },
        {
          "fold_id": 16,
          "mean": 0.0032754518190918447,
          "n": 67,
          "test_end": "2026-02-05T00:00:00+00:00",
          "test_start": "2026-01-21T00:00:00+00:00"
        },
        {
          "fold_id": 17,
          "mean": 0.003947813916312555,
          "n": 32,
          "test_end": "2026-02-20T00:00:00+00:00",
          "test_start": "2026-02-05T00:00:00+00:00"
        }
      ],
      "positive_folds": {
        "count": 15,
        "pct": 88.23529411764706,
        "total": 17
      },
      "split": {
        "step_days": 15,
        "test_days": 15,
        "train_days": 60
      }
    },
    "bps8": {
      "aggregate": {
        "mean": 0.0017283466792998045,
        "mean_ci_high": 0.0022563160002567802,
        "mean_ci_low": 0.0011989797226576954,
        "n": 579,
        "p_mean_gt_0": 1.0
      },
      "folds": [
        {
          "fold_id": 1,
          "mean": 0.0018305861399518445,
          "n": 30,
          "test_end": "2025-06-25T00:00:00+00:00",
          "test_start": "2025-06-10T00:00:00+00:00"
        },
        {
          "fold_id": 2,
          "mean": -0.00023603517865829806,
          "n": 26,
          "test_end": "2025-07-10T00:00:00+00:00",
          "test_start": "2025-06-25T00:00:00+00:00"
        },
        {
          "fold_id": 3,
          "mean": 0.0005815048420193449,
          "n": 35,
          "test_end": "2025-07-25T00:00:00+00:00",
          "test_start": "2025-07-10T00:00:00+00:00"
        },
        {
          "fold_id": 4,
          "mean": 0.0009274150582781977,
          "n": 28,
          "test_end": "2025-08-09T00:00:00+00:00",
          "test_start": "2025-07-25T00:00:00+00:00"
        },
        {
          "fold_id": 5,