{
  "baseline": {
    "bps10": {
      "mean": 0.0006465656091243476,
      "mean_ci_high": 0.0011844582613950317,
      "mean_ci_low": 7.946681953516292e-05,
      "n": 352,
      "p_mean_gt_0": 0.9886666666666667,
      "std": 0.005286674152261366,
      "win_rate": 0.5511363636363636
    },
    "bps8": {
      "mean": 0.000846565609124348,
      "mean_ci_high": 0.0013844582613950316,
      "mean_ci_low": 0.0002794668195351633,
      "n": 352,
      "p_mean_gt_0": 0.9986666666666667,
      "std": 0.005286674152261366,
      "win_rate": 0.5681818181818182
    },
    "gross": {
      "mean": 0.001646565609124348,
      "mean_ci_high": 0.0021844582613950317,
      "mean_ci_low": 0.0010794668195351633,
      "n": 352,
      "p_mean_gt_0": 1.0,
      "std": 0.005286674152261366,
      "win_rate": 0.6477272727272727
    }
  },
  "config": {
    "bootstrap_iters": 3000,
    "cost_mode": "all",
    "days": 365,
    "horizon": 8,
    "timeframe": "5m",
    "wf": {
      "step_days": 15,
      "test_days": 15,
      "train_days": 60
    }
  },
  "diagnostics_by_mode": {
    "bps10": {
      "mae_proxy_median": null,
      "median_hold_return": 0.0006271397821767674,
      "return_histogram_bins": [
        "(-inf,-1%)",
        "[-1%,-0.5%)",
        "[-0.5%,-0.2%)",
        "[-0.2%,0%)",
        "[0%,0.2%)",
        "[0.2%,0.5%)",
        "[0.5%,1%)",
        "[1%,inf)"
      ],
      "return_histogram_counts": [
        8,
        17,
        59,
        74,
        71,
        74,
        39,
        10
      ],
      "top10_pct_pnl_contribution": 1.6067986123164832,
      "trades_per_day": 1.1207712377835757
    },
    "bps8": {
      "mae_proxy_median": null,
      "median_hold_return": 0.0008271397821767674,
      "return_histogram_bins": [
        "(-inf,-1%)",
        "[-1%,-0.5%)",
        "[-0.5%,-0.2%)",
        "[-0.2%,0%)",
        "[0%,0.2%)",
        "[0.2%,0.5%)",
        "[0.5%,1%)",
        "[1%,inf)"
      ],
      "return_histogram_counts": [
        7,
        17,
        56,
        72,
        73,
        74,
        41,
        12
      ],
      "top10_pct_pnl_contribution": 1.2513563716140814,
      "trades_per_day": 1.1207712377835757
    },
    "gross": {
      "mae_proxy_median": null,
      "median_hold_return": 0.0016271397821767675,
      "return_histogram_bins": [
        "(-inf,-1%)",
        "[-1%,-0.5%)",
        "[-0.5%,-0.2%)",
        "[-0.2%,0%)",
        "[0%,0.2%)",
        "[0.2%,0.5%)",
        "[0.5%,1%)",
        "[1%,inf)"
      ],
      "return_histogram_counts": [
        7,
        15,
        35,
        67,
        67,
        94,
        52,
        15
      ],
      "top10_pct_pnl_contribution": 0.6930628481862758,
      "trades_per_day": 1.1207712377835757
    }
  },
  "family": "oi_liq",
  "hypothesis_id": "H223",
  "timestamp_utc": "2026-03-11T18:19:12+00:00",
  "wf_by_mode": {
    "bps10": {
      "aggregate": {
        "mean": 0.0005592510201080643,
        "mean_ci_high": 0.0011369385394834743,
        "mean_ci_low": -1.0636027716461658e-05,
        "n": 273,
        "p_mean_gt_0": 0.971
      },
      "folds": [
        {
          "fold_id": 1,
          "mean": 0.0003754696553695112,
          "n": 18,
          "test_end": "2025-06-26T00:00:00+00:00",
          "test_start": "2025-06-11T00:00:00+00:00"
        },
        {
          "fold_id": 2,
          "mean": -6.476549153353178e-05,
          "n": 13,
          "test_end": "2025-07-11T00:00:00+00:00",
          "test_start": "2025-06-26T00:00:00+00:00"
        },
        {
          "fold_id": 3,
          "mean": 0.0023412211999578087,
          "n": 18,
          "test_end": "2025-07-26T00:00:00+00:00",
          "test_start": "2025-07-11T00:00:00+00:00"
        },
        {
          "fold_id": 4,
          "mean": -0.00023719126983552853,
          "n": 20,
          "test_end": "2025-08-10T00:00:00+00:00",
          "test_start": "2025-07-26T00:00:00+00:00"
        },
        {
          "fold_id": 5,
          "mean": 0.0006283007492430804,
          "n": 21,
          "test_end": "2025-08-25T00:00:00+00:00",
          "test_start": "2025-08-10T00:00:00+00:00"
        },
        {
          "fold_id": 6,
          "mean": 0.0014734603624351643,
          "n": 15,
          "test_end": "2025-09-09T00:00:00+00:00",
          "test_start": "2025-08-25T00:00:00+00:00"
        },
        {
          "fold_id": 7,
          "mean": 0.0004119238503100339,
          "n": 21,
          "test_end": "2025-09-24T00:00:00+00:00",
          "test_start": "2025-09-09T00:00:00+00:00"
        },
        {
          "fold_id": 8,
          "mean": 0.0006038279495627225,
          "n": 23,
          "test_end": "2025-10-09T00:00:00+00:00",
          "test_start": "2025-09-24T00:00:00+00:00"
        },
        {
          "fold_id": 9,
          "mean": 0.001726713800571332,
          "n": 12,
          "test_end": "2025-10-24T00:00:00+00:00",
          "test_start": "2025-10-09T00:00:00+00:00"
        },
        {
          "fold_id": 10,
          "mean": 0.0015322872297716613,
          "n": 18,
          "test_end": "2025-11-08T00:00:00+00:00",
          "test_start": "2025-10-24T00:00:00+00:00"
        },
        {
          "fold_id": 11,
          "mean": -0.0003995094744156499,
          "n": 13,
          "test_end": "2025-11-23T00:00:00+00:00",
          "test_start": "2025-11-08T00:00:00+00:00"
        },
        {
          "fold_id": 12,
          "mean": -0.000390183625514034,
          "n": 20,
          "test_end": "2025-12-08T00:00:00+00:00",
          "test_start": "2025-11-23T00:00:00+00:00"
        },
        {
          "fold_id": 13,
          "mean": 0.0006836519709562915,
          "n": 14,
          "test_end": "2025-12-23T00:00:00+00:00",
          "test_start": "2025-12-08T00:00:00+00:00"
        },
        {
          "fold_id": 14,
          "mean": 0.001407209512402164,
          "n": 20,
          "test_end": "2026-01-07T00:00:00+00:00",
          "test_start": "2025-12-23T00:00:00+00:00"
        },
        {
          "fold_id": 15,
          "mean": -0.0005753610963352262,
          "n": 13,
          "test_end": "2026-01-22T00:00:00+00:00",
          "test_start": "2026-01-07T00:00:00+00:00"
        },
        {
          "fold_id": 16,
          "mean": -0.0010009899029260274,
          "n": 14,
          "test_end": "2026-02-06T00:00:00+00:00",
          "test_start": "2026-01-22T00:00:00+00:00"
        }
      ],
      "positive_folds": {
        "count": 10,
        "pct": 62.5,
        "total": 16
      },
      "split": {
        "step_days": 15,
        "test_days": 15,
        "train_days": 60
      }
    },
    "bps8": {
      "aggregate": {
        "mean": 0.0007592510201080647,
        "mean_ci_high": 0.0013369385394834746,
        "mean_ci_low": 0.0001893639722835387,
        "n": 273,
        "p_mean_gt_0": 0.9966666666666667
      },
      "folds": [
        {
          "fold_id": 1,
          "mean": 0.000575469655369511,
          "n": 18,
          "test_end": "2025-06-26T00:00:00+00:00",
          "test_start": "2025-06-11T00:00:00+00:00"
        },
        {
          "fold_id": 2,
          "mean": 0.00013523450846646823,
          "n": 13,
          "test_end": "2025-07-11T00:00:00+00:00",
          "test_start": "2025-06-26T00:00:00+00:00"
        },
        {
          "fold_id": 3,
          "mean": 0.0025412211999578083,
          "n": 18,
          "test_end": "2025-07-26T00:00:00+00:00",
          "test_start": "2025-07-11T00:00:00+00:00"
        },
        {
          "fold_id": 4,
          "mean": -3.719126983552853e-05,
          "n": 20,
          "test_end": "2025-08-10T00:00:00+00:00",
          "test_start": "2025-07-26T00:00:00+00:00"
        },
        {
          "fold_id": 5,
          "mean": 0.000828300749243081,
          "n": 21,
          "test_end": "2025-08-25T00:00:00+00:00",
          "test_start": "2025-08-10T00:00:00+00:00"
        },
        {
          "fold_id": 6,