{
  "baseline": {
    "bps10": {
      "mean": 0.0010427632336527414,
      "mean_ci_high": 0.001353285320131747,
      "mean_ci_low": 0.0007233344353135755,
      "n": 930,
      "p_mean_gt_0": 1.0,
      "std": 0.004850297395385256,
      "win_rate": 0.5698924731182796
    },
    "bps8": {
      "mean": 0.0012427632336527417,
      "mean_ci_high": 0.0015532853201317472,
      "mean_ci_low": 0.0009233344353135759,
      "n": 930,
      "p_mean_gt_0": 1.0,
      "std": 0.004850297395385256,
      "win_rate": 0.5870967741935483
    },
    "gross": {
      "mean": 0.0020427632336527416,
      "mean_ci_high": 0.0023532853201317476,
      "mean_ci_low": 0.0017233344353135757,
      "n": 930,
      "p_mean_gt_0": 1.0,
      "std": 0.004850297395385256,
      "win_rate": 0.6795698924731183
    }
  },
  "config": {
    "bootstrap_iters": 3000,
    "cost_mode": "all",
    "days": 365,
    "horizon": 8,
    "timeframe": "5m",
    "wf": {
      "step_days": 15,
      "test_days": 15,
      "train_days": 60
    }
  },
  "diagnostics_by_mode": {
    "bps10": {
      "mae_proxy_median": -0.0007038214665512355,
      "median_hold_return": 0.0005829216508390642,
      "return_histogram_bins": [
        "(-inf,-1%)",
        "[-1%,-0.5%)",
        "[-0.5%,-0.2%)",
        "[-0.2%,0%)",
        "[0%,0.2%)",
        "[0.2%,0.5%)",
        "[0.5%,1%)",
        "[1%,inf)"
      ],
      "return_histogram_counts": [
        14,
        36,
        147,
        203,
        196,
        196,
        104,
        34
      ],
      "top10_pct_pnl_contribution": 0.9999913895006688,
      "trades_per_day": 2.9404531881257685
    },
    "bps8": {
      "mae_proxy_median": -0.0007038214665512355,
      "median_hold_return": 0.0007829216508390642,
      "return_histogram_bins": [
        "(-inf,-1%)",
        "[-1%,-0.5%)",
        "[-0.5%,-0.2%)",
        "[-0.2%,0%)",
        "[0%,0.2%)",
        "[0.2%,0.5%)",
        "[0.5%,1%)",
        "[1%,inf)"
      ],
      "return_histogram_counts": [
        14,
        33,
        138,
        199,
        194,
        201,
        116,
        35
      ],
      "top10_pct_pnl_contribution": 0.8551542451227478,
      "trades_per_day": 2.9404531881257685
    },
    "gross": {
      "mae_proxy_median": -0.0007038214665512355,
      "median_hold_return": 0.0015829216508390642,
      "return_histogram_bins": [
        "(-inf,-1%)",
        "[-1%,-0.5%)",
        "[-0.5%,-0.2%)",
        "[-0.2%,0%)",
        "[0%,0.2%)",
        "[0.2%,0.5%)",
        "[0.5%,1%)",
        "[1%,inf)"
      ],
      "return_histogram_counts": [
        14,
        23,
        88,
        173,
        211,
        221,
        154,
        46
      ],
      "top10_pct_pnl_contribution": 0.559415910818609,
      "trades_per_day": 2.9404531881257685
    }
  },
  "family": "oi_liq",
  "hypothesis_id": "H228",
  "timestamp_utc": "2026-03-11T18:19:55+00:00",
  "wf_by_mode": {
    "bps10": {
      "aggregate": {
        "mean": 0.0010500322922177034,
        "mean_ci_high": 0.0013921607880063092,
        "mean_ci_low": 0.0006889339580168128,
        "n": 726,
        "p_mean_gt_0": 1.0
      },
      "folds": [
        {
          "fold_id": 1,
          "mean": 0.0007653281550537354,
          "n": 37,
          "test_end": "2025-06-25T00:00:00+00:00",
          "test_start": "2025-06-10T00:00:00+00:00"
        },
        {
          "fold_id": 2,
          "mean": 0.0009376174122362709,
          "n": 38,
          "test_end": "2025-07-10T00:00:00+00:00",
          "test_start": "2025-06-25T00:00:00+00:00"
        },
        {
          "fold_id": 3,
          "mean": 0.0014871239867268035,
          "n": 53,
          "test_end": "2025-07-25T00:00:00+00:00",
          "test_start": "2025-07-10T00:00:00+00:00"
        },
        {
          "fold_id": 4,
          "mean": 0.00015261091539944466,
          "n": 38,
          "test_end": "2025-08-09T00:00:00+00:00",
          "test_start": "2025-07-25T00:00:00+00:00"
        },
        {
          "fold_id": 5,
          "mean": 0.0007217454360239757,
          "n": 50,
          "test_end": "2025-08-24T00:00:00+00:00",
          "test_start": "2025-08-09T00:00:00+00:00"
        },
        {
          "fold_id": 6,
          "mean": -0.0006184844731661716,
          "n": 36,
          "test_end": "2025-09-08T00:00:00+00:00",
          "test_start": "2025-08-24T00:00:00+00:00"
        },
        {
          "fold_id": 7,
          "mean": 0.0006142516830652987,
          "n": 40,
          "test_end": "2025-09-23T00:00:00+00:00",
          "test_start": "2025-09-08T00:00:00+00:00"
        },
        {
          "fold_id": 8,
          "mean": 0.0007369630735202619,
          "n": 79,
          "test_end": "2025-10-08T00:00:00+00:00",
          "test_start": "2025-09-23T00:00:00+00:00"
        },
        {
          "fold_id": 9,
          "mean": 0.0036727581669111285,
          "n": 30,
          "test_end": "2025-10-23T00:00:00+00:00",
          "test_start": "2025-10-08T00:00:00+00:00"
        },
        {
          "fold_id": 10,
          "mean": 0.0005658793522473152,
          "n": 40,
          "test_end": "2025-11-07T00:00:00+00:00",
          "test_start": "2025-10-23T00:00:00+00:00"
        },
        {
          "fold_id": 11,
          "mean": 0.0018073430670454214,
          "n": 32,
          "test_end": "2025-11-22T00:00:00+00:00",
          "test_start": "2025-11-07T00:00:00+00:00"
        },
        {
          "fold_id": 12,
          "mean": 0.002090956251978744,
          "n": 64,
          "test_end": "2025-12-07T00:00:00+00:00",
          "test_start": "2025-11-22T00:00:00+00:00"
        },
        {
          "fold_id": 13,
          "mean": 0.001671994960740096,
          "n": 34,
          "test_end": "2025-12-22T00:00:00+00:00",
          "test_start": "2025-12-07T00:00:00+00:00"
        },
        {
          "fold_id": 14,
          "mean": 0.000732644049108057,
          "n": 53,
          "test_end": "2026-01-06T00:00:00+00:00",
          "test_start": "2025-12-22T00:00:00+00:00"
        },
        {
          "fold_id": 15,
          "mean": 0.0009621431371299328,
          "n": 35,
          "test_end": "2026-01-21T00:00:00+00:00",
          "test_start": "2026-01-06T00:00:00+00:00"
        },
        {
          "fold_id": 16,
          "mean": -0.00031702434314085704,
          "n": 23,
          "test_end": "2026-02-05T00:00:00+00:00",
          "test_start": "2026-01-21T00:00:00+00:00"
        },
        {
          "fold_id": 17,
          "mean": 0.0016048309823622692,
          "n": 44,
          "test_end": "2026-02-20T00:00:00+00:00",
          "test_start": "2026-02-05T00:00:00+00:00"
        }
      ],
      "positive_folds": {
        "count": 15,
        "pct": 88.23529411764706,
        "total": 17
      },
      "split": {
        "step_days": 15,
        "test_days": 15,
        "train_days": 60
      }
    },
    "bps8": {
      "aggregate": {
        "mean": 0.001250032292217704,
        "mean_ci_high": 0.0015921607880063095,
        "mean_ci_low": 0.0008889339580168131,
        "n": 726,
        "p_mean_gt_0": 1.0
      },
      "folds": [
        {
          "fold_id": 1,
          "mean": 0.0009653281550537354,
          "n": 37,
          "test_end": "2025-06-25T00:00:00+00:00",
          "test_start": "2025-06-10T00:00:00+00:00"
        },
        {
          "fold_id": 2,
          "mean": 0.0011376174122362712,
          "n": 38,
          "test_end": "2025-07-10T00:00:00+00:00",
          "test_start": "2025-06-25T00:00:00+00:00"
        },
        {
          "fold_id": 3,
          "mean": 0.0016871239867268047,
          "n": 53,
          "test_end": "2025-07-25T00:00:00+00:00",
          "test_start": "2025-07-10T00:00:00+00:00"
        },
        {
          "fold_id": 4,
          "mean": 0.0003526109153994445,
          "n": 38,
          "test_end": "2025-08-09T00:00:00+00:00",