{
  "baseline": {
    "bps10": {
      "mean": 0.0009378689403753374,
      "mean_ci_high": 0.0023143108108150535,
      "mean_ci_low": -0.0005075619951467276,
      "n": 11,
      "p_mean_gt_0": 0.903,
      "std": 0.0023501734021999514,
      "win_rate": 0.7272727272727273
    },
    "bps8": {
      "mean": 0.001137868940375337,
      "mean_ci_high": 0.002514310810815054,
      "mean_ci_low": -0.0003075619951467279,
      "n": 11,
      "p_mean_gt_0": 0.9416666666666667,
      "std": 0.0023501734021999514,
      "win_rate": 0.8181818181818182
    },
    "gross": {
      "mean": 0.0019378689403753374,
      "mean_ci_high": 0.0033143108108150536,
      "mean_ci_low": 0.0004924380048532724,
      "n": 11,
      "p_mean_gt_0": 0.9933333333333333,
      "std": 0.0023501734021999514,
      "win_rate": 0.8181818181818182
    }
  },
  "config": {
    "bootstrap_iters": 3000,
    "cost_mode": "all",
    "days": 365,
    "horizon": 6,
    "timeframe": "5m",
    "wf": {
      "step_days": 15,
      "test_days": 15,
      "train_days": 60
    }
  },
  "diagnostics_by_mode": {
    "bps10": {
      "mae_proxy_median": -2.1314579276232593e-05,
      "median_hold_return": 0.0014451382985271053,
      "return_histogram_bins": [
        "(-inf,-1%)",
        "[-1%,-0.5%)",
        "[-0.5%,-0.2%)",
        "[-0.2%,0%)",
        "[0%,0.2%)",
        "[0.2%,0.5%)",
        "[0.5%,1%)",
        "[1%,inf)"
      ],
      "return_histogram_counts": [
        0,
        0,
        1,
        2,
        5,
        3,
        0,
        0
      ],
      "top10_pct_pnl_contribution": 0.8452960373617037,
      "trades_per_day": 0.049689440993788817
    },
    "bps8": {
      "mae_proxy_median": -2.1314579276232593e-05,
      "median_hold_return": 0.0016451382985271054,
      "return_histogram_bins": [
        "(-inf,-1%)",
        "[-1%,-0.5%)",
        "[-0.5%,-0.2%)",
        "[-0.2%,0%)",
        "[0%,0.2%)",
        "[0.2%,0.5%)",
        "[0.5%,1%)",
        "[1%,inf)"
      ],
      "return_histogram_counts": [
        0,
        0,
        1,
        1,
        6,
        2,
        1,
        0
      ],
      "top10_pct_pnl_contribution": 0.7286784143646885,
      "trades_per_day": 0.049689440993788817
    },
    "gross": {
      "mae_proxy_median": -2.1314579276232593e-05,
      "median_hold_return": 0.0024451382985271053,
      "return_histogram_bins": [
        "(-inf,-1%)",
        "[-1%,-0.5%)",
        "[-0.5%,-0.2%)",
        "[-0.2%,0%)",
        "[0%,0.2%)",
        "[0.2%,0.5%)",
        "[0.5%,1%)",
        "[1%,inf)"
      ],
      "return_histogram_counts": [
        0,
        0,
        1,
        1,
        3,
        5,
        1,
        0
      ],
      "top10_pct_pnl_contribution": 0.5029210491878308,
      "trades_per_day": 0.049689440993788817
    }
  },
  "family": "mean_reversion",
  "hypothesis_id": "H22",
  "timestamp_utc": "2026-02-23T06:42:45+00:00",
  "wf_by_mode": {
    "bps10": {
      "aggregate": {
        "mean": -0.00041089883446602534,
        "mean_ci_high": 0.00022091427764403624,
        "mean_ci_low": -0.0014404931304562432,
        "n": 3,
        "p_mean_gt_0": 0.253
      },
      "folds": [
        {
          "fold_id": 1,
          "mean": 0.00022091427764403624,
          "n": 1,
          "test_end": "2025-08-18T00:00:00+00:00",
          "test_start": "2025-08-03T00:00:00+00:00"
        },
        {
          "fold_id": 2,
          "mean": 0.0,
          "n": 0,
          "test_end": "2025-09-02T00:00:00+00:00",
          "test_start": "2025-08-18T00:00:00+00:00"
        },
        {
          "fold_id": 3,
          "mean": 0.0,
          "n": 0,
          "test_end": "2025-09-17T00:00:00+00:00",
          "test_start": "2025-09-02T00:00:00+00:00"
        },
        {
          "fold_id": 4,
          "mean": -0.0007268053905210561,
          "n": 2,
          "test_end": "2025-10-02T00:00:00+00:00",
          "test_start": "2025-09-17T00:00:00+00:00"
        },
        {
          "fold_id": 5,
          "mean": 0.0,
          "n": 0,
          "test_end": "2025-10-17T00:00:00+00:00",
          "test_start": "2025-10-02T00:00:00+00:00"
        },
        {
          "fold_id": 6,
          "mean": 0.0,
          "n": 0,
          "test_end": "2025-11-01T00:00:00+00:00",
          "test_start": "2025-10-17T00:00:00+00:00"
        },
        {
          "fold_id": 7,
          "mean": 0.0,
          "n": 0,
          "test_end": "2025-11-16T00:00:00+00:00",
          "test_start": "2025-11-01T00:00:00+00:00"
        },
        {
          "fold_id": 8,
          "mean": 0.0,
          "n": 0,
          "test_end": "2025-12-01T00:00:00+00:00",
          "test_start": "2025-11-16T00:00:00+00:00"
        },
        {
          "fold_id": 9,
          "mean": 0.0,
          "n": 0,
          "test_end": "2025-12-16T00:00:00+00:00",
          "test_start": "2025-12-01T00:00:00+00:00"
        },
        {
          "fold_id": 10,
          "mean": 0.0,
          "n": 0,
          "test_end": "2025-12-31T00:00:00+00:00",
          "test_start": "2025-12-16T00:00:00+00:00"
        }
      ],
      "positive_folds": {
        "count": 1,
        "pct": 10.0,
        "total": 10
      },
      "split": {
        "step_days": 15,
        "test_days": 15,
        "train_days": 60
      }
    },
    "bps8": {
      "aggregate": {
        "mean": -0.0002108988344660253,
        "mean_ci_high": 0.00042091427764403617,
        "mean_ci_low": -0.001240493130456243,
        "n": 3,
        "p_mean_gt_0": 0.29133333333333333
      },
      "folds": [
        {
          "fold_id": 1,
          "mean": 0.0004209142776440362,
          "n": 1,
          "test_end": "2025-08-18T00:00:00+00:00",
          "test_start": "2025-08-03T00:00:00+00:00"
        },
        {
          "fold_id": 2,
          "mean": 0.0,
          "n": 0,
          "test_end": "2025-09-02T00:00:00+00:00",
          "test_start": "2025-08-18T00:00:00+00:00"
        },
        {
          "fold_id": 3,
          "mean": 0.0,
          "n": 0,
          "test_end": "2025-09-17T00:00:00+00:00",
          "test_start": "2025-09-02T00:00:00+00:00"
        },
        {
          "fold_id": 4,
          "mean": -0.000526805390521056,
          "n": 2,
          "test_end": "2025-10-02T00:00:00+00:00",
          "test_start": "2025-09-17T00:00:00+00:00"
        },
        {
          "fold_id": 5,
          "mean": 0.0,
          "n": 0,
          "test_end": "2025-10-17T00:00:00+00:00",
          "test_start": "2025-10-02T00:00:00+00:00"
        },
        {
          "fold_id": 6,
          "mean": 0.0,
          "n": 0,
          "test_end": "2025-11-01T00:00:00+00:00",
          "test_start": "2025-10-17T00:00:00+00:00"
        },
        {
          "fold_id": 7,
          "mean": 0.0,
          "n": 0,
          "test_end": "2025-11-16T00:00:00+00:00",
          "test_start": "2025-11-01T00:00:00+00:00"
        },
        {
          "fold_id": 8,
          "mean": 0.0,
          "n": 0,
          "test_end": "2025-12-01T00:00:00+00:00",
          "test_start": "2025-11-16T00:00:00+00:00"
        },
        {
          "fold_id": 9,
          "mean": 0.0,
          "n": 0,
          "test_end": "2025-12-16T00:00:00+00:00",
          "test_start": "2025-12-01T00:00:00+00:00"
        },
        {
          "fold_id": 10,
          "mean": 0.0,
          "n": 0,
          "test_end": "2025-12-31T00:00:00+00:00",
          "test_start": "2025-12-16T00:00:00+00:00"
        }
      ],
      "positive_folds": {
        "count": 1,
        "pct": 10.0,
        "total": 10
      },
      "split": {
        "step_days": 15,
        "test_days": 15,
        "train_days": 60
      }
    },
    "gross": {
      "aggregate": {
        "mean": 0.0005891011655339747,
        "mean_ci_high": 0.0012209142776440363,
        "mean_ci_low": -0.00044049313045624316,
        "n": 3,
        "p_mean_gt_0": 0.964
      },
      "folds": [
        {
          "fold_id": 1,