{
  "baseline": {
    "bps10": {
      "mean": 0.0003239898830562737,
      "mean_ci_high": 0.0007244632511371847,
      "mean_ci_low": -8.648863493847165e-05,
      "n": 214,
      "p_mean_gt_0": 0.939,
      "std": 0.002952799553198607,
      "win_rate": 0.4485981308411215
    },
    "bps8": {
      "mean": 0.0005239898830562739,
      "mean_ci_high": 0.0009244632511371849,
      "mean_ci_low": 0.00011351136506152842,
      "n": 214,
      "p_mean_gt_0": 0.994,
      "std": 0.002952799553198607,
      "win_rate": 0.5093457943925234
    },
    "gross": {
      "mean": 0.001323989883056274,
      "mean_ci_high": 0.001724463251137185,
      "mean_ci_low": 0.0009135113650615286,
      "n": 214,
      "p_mean_gt_0": 1.0,
      "std": 0.002952799553198607,
      "win_rate": 0.7149532710280374
    }
  },
  "config": {
    "bootstrap_iters": 3000,
    "cost_mode": "all",
    "days": 365,
    "horizon": 8,
    "timeframe": "5m",
    "wf": {
      "step_days": 15,
      "test_days": 15,
      "train_days": 60
    }
  },
  "diagnostics_by_mode": {
    "bps10": {
      "mae_proxy_median": -0.000406462515463335,
      "median_hold_return": -0.00014384786090049142,
      "return_histogram_bins": [
        "(-inf,-1%)",
        "[-1%,-0.5%)",
        "[-0.5%,-0.2%)",
        "[-0.2%,0%)",
        "[0%,0.2%)",
        "[0.2%,0.5%)",
        "[0.5%,1%)",
        "[1%,inf)"
      ],
      "return_histogram_counts": [
        2,
        1,
        26,
        89,
        52,
        31,
        11,
        2
      ],
      "top10_pct_pnl_contribution": 2.03758510582104,
      "trades_per_day": 0.8078011953444478
    },
    "bps8": {
      "mae_proxy_median": -0.000406462515463335,
      "median_hold_return": 5.6152139099508564e-05,
      "return_histogram_bins": [
        "(-inf,-1%)",
        "[-1%,-0.5%)",
        "[-0.5%,-0.2%)",
        "[-0.2%,0%)",
        "[0%,0.2%)",
        "[0.2%,0.5%)",
        "[0.5%,1%)",
        "[1%,inf)"
      ],
      "return_histogram_counts": [
        2,
        0,
        20,
        83,
        60,
        35,
        11,
        3
      ],
      "top10_pct_pnl_contribution": 1.2991046770699004,
      "trades_per_day": 0.8078011953444478
    },
    "gross": {
      "mae_proxy_median": -0.000406462515463335,
      "median_hold_return": 0.0008561521390995086,
      "return_histogram_bins": [
        "(-inf,-1%)",
        "[-1%,-0.5%)",
        "[-0.5%,-0.2%)",
        "[-0.2%,0%)",
        "[0%,0.2%)",
        "[0.2%,0.5%)",
        "[0.5%,1%)",
        "[1%,inf)"
      ],
      "return_histogram_counts": [
        2,
        0,
        12,
        47,
        88,
        46,
        14,
        5
      ],
      "top10_pct_pnl_contribution": 0.5762587072861286,
      "trades_per_day": 0.8078011953444478
    }
  },
  "family": "regime_conditioning",
  "hypothesis_id": "H230",
  "timestamp_utc": "2026-03-11T18:23:19+00:00",
  "wf_by_mode": {
    "bps10": {
      "aggregate": {
        "mean": 0.00020010901250132454,
        "mean_ci_high": 0.0007326374164488487,
        "mean_ci_low": -0.0003421639455810619,
        "n": 141,
        "p_mean_gt_0": 0.772
      },
      "folds": [
        {
          "fold_id": 1,
          "mean": 0.0006479021049151295,
          "n": 9,
          "test_end": "2025-08-16T00:00:00+00:00",
          "test_start": "2025-08-01T00:00:00+00:00"
        },
        {
          "fold_id": 2,
          "mean": -8.941472704369458e-05,
          "n": 19,
          "test_end": "2025-08-31T00:00:00+00:00",
          "test_start": "2025-08-16T00:00:00+00:00"
        },
        {
          "fold_id": 3,
          "mean": -0.00048098771109255495,
          "n": 18,
          "test_end": "2025-09-15T00:00:00+00:00",
          "test_start": "2025-08-31T00:00:00+00:00"
        },
        {
          "fold_id": 4,
          "mean": -0.0005737464173379758,
          "n": 16,
          "test_end": "2025-09-30T00:00:00+00:00",
          "test_start": "2025-09-15T00:00:00+00:00"
        },
        {
          "fold_id": 5,
          "mean": 0.0006303652910574598,
          "n": 3,
          "test_end": "2025-10-15T00:00:00+00:00",
          "test_start": "2025-09-30T00:00:00+00:00"
        },
        {
          "fold_id": 6,
          "mean": 0.0005021654170025656,
          "n": 5,
          "test_end": "2025-10-30T00:00:00+00:00",
          "test_start": "2025-10-15T00:00:00+00:00"
        },
        {
          "fold_id": 7,
          "mean": 0.0001989614716051714,
          "n": 19,
          "test_end": "2025-11-14T00:00:00+00:00",
          "test_start": "2025-10-30T00:00:00+00:00"
        },
        {
          "fold_id": 8,
          "mean": 0.0001989314966049139,
          "n": 28,
          "test_end": "2025-11-29T00:00:00+00:00",
          "test_start": "2025-11-14T00:00:00+00:00"
        },
        {
          "fold_id": 9,
          "mean": 0.0,
          "n": 0,
          "test_end": "2025-12-14T00:00:00+00:00",
          "test_start": "2025-11-29T00:00:00+00:00"
        },
        {
          "fold_id": 10,
          "mean": 0.0,
          "n": 0,
          "test_end": "2025-12-29T00:00:00+00:00",
          "test_start": "2025-12-14T00:00:00+00:00"
        },
        {
          "fold_id": 11,
          "mean": 0.0014638427837230085,
          "n": 14,
          "test_end": "2026-01-13T00:00:00+00:00",
          "test_start": "2025-12-29T00:00:00+00:00"
        },
        {
          "fold_id": 12,
          "mean": 0.000767478131361122,
          "n": 10,
          "test_end": "2026-01-28T00:00:00+00:00",
          "test_start": "2026-01-13T00:00:00+00:00"
        },
        {
          "fold_id": 13,
          "mean": 0.0,
          "n": 0,
          "test_end": "2026-02-12T00:00:00+00:00",
          "test_start": "2026-01-28T00:00:00+00:00"
        }
      ],
      "positive_folds": {
        "count": 7,
        "pct": 53.84615384615385,
        "total": 13
      },
      "split": {
        "step_days": 15,
        "test_days": 15,
        "train_days": 60
      }
    },
    "bps8": {
      "aggregate": {
        "mean": 0.0004001090125013246,
        "mean_ci_high": 0.000932637416448849,
        "mean_ci_low": -0.0001421639455810618,
        "n": 141,
        "p_mean_gt_0": 0.9256666666666666
      },
      "folds": [
        {
          "fold_id": 1,
          "mean": 0.0008479021049151295,
          "n": 9,
          "test_end": "2025-08-16T00:00:00+00:00",
          "test_start": "2025-08-01T00:00:00+00:00"
        },
        {
          "fold_id": 2,
          "mean": 0.00011058527295630545,
          "n": 19,
          "test_end": "2025-08-31T00:00:00+00:00",
          "test_start": "2025-08-16T00:00:00+00:00"
        },
        {
          "fold_id": 3,
          "mean": -0.0002809877110925549,
          "n": 18,
          "test_end": "2025-09-15T00:00:00+00:00",
          "test_start": "2025-08-31T00:00:00+00:00"
        },
        {
          "fold_id": 4,
          "mean": -0.00037374641733797575,
          "n": 16,
          "test_end": "2025-09-30T00:00:00+00:00",
          "test_start": "2025-09-15T00:00:00+00:00"
        },
        {
          "fold_id": 5,
          "mean": 0.0008303652910574599,
          "n": 3,
          "test_end": "2025-10-15T00:00:00+00:00",
          "test_start": "2025-09-30T00:00:00+00:00"
        },
        {
          "fold_id": 6,
          "mean": 0.0007021654170025658,
          "n": 5,
          "test_end": "2025-10-30T00:00:00+00:00",
          "test_start": "2025-10-15T00:00:00+00:00"
        },
        {
          "fold_id": 7,
          "mean": 0.00039896147160517134,
          "n": 19,
          "test_end": "2025-11-14T00:00:00+00:00",
          "test_start": "2025-10-30T00:00:00+00:00"
        },
        {
          "fold_id": 8,
          "mean": 0.0003989314966049141,
          "n": 28,
          "test_end": "2025-11-29T00:00:00+00:00",
          "test_start": "2025-11-14T00:00:00+00:00"
        },
        {
          "fold_id": 9,