{
  "baseline": {
    "bps10": {
      "mean": 0.0014774081214770551,
      "mean_ci_high": 0.0022533575166458967,
      "mean_ci_low": 0.0007551983985380958,
      "n": 145,
      "p_mean_gt_0": 1.0,
      "std": 0.004705884260085343,
      "win_rate": 0.5724137931034483
    },
    "bps8": {
      "mean": 0.0016774081214770552,
      "mean_ci_high": 0.0024533575166458977,
      "mean_ci_low": 0.000955198398538096,
      "n": 145,
      "p_mean_gt_0": 1.0,
      "std": 0.004705884260085343,
      "win_rate": 0.5862068965517241
    },
    "gross": {
      "mean": 0.0024774081214770554,
      "mean_ci_high": 0.0032533575166458976,
      "mean_ci_low": 0.001755198398538096,
      "n": 145,
      "p_mean_gt_0": 1.0,
      "std": 0.004705884260085343,
      "win_rate": 0.6551724137931034
    }
  },
  "config": {
    "bootstrap_iters": 3000,
    "cost_mode": "all",
    "days": 365,
    "horizon": 8,
    "timeframe": "5m",
    "wf": {
      "step_days": 15,
      "test_days": 15,
      "train_days": 60
    }
  },
  "diagnostics_by_mode": {
    "bps10": {
      "mae_proxy_median": -0.0007367943680836042,
      "median_hold_return": 0.0006737774410625627,
      "return_histogram_bins": [
        "(-inf,-1%)",
        "[-1%,-0.5%)",
        "[-0.5%,-0.2%)",
        "[-0.2%,0%)",
        "[0%,0.2%)",
        "[0.2%,0.5%)",
        "[0.5%,1%)",
        "[1%,inf)"
      ],
      "return_histogram_counts": [
        0,
        8,
        22,
        32,
        30,
        25,
        18,
        10
      ],
      "top10_pct_pnl_contribution": 0.7955660072937721,
      "trades_per_day": 0.55396370582617
    },
    "bps8": {
      "mae_proxy_median": -0.0007367943680836042,
      "median_hold_return": 0.0008737774410625627,
      "return_histogram_bins": [
        "(-inf,-1%)",
        "[-1%,-0.5%)",
        "[-0.5%,-0.2%)",
        "[-0.2%,0%)",
        "[0%,0.2%)",
        "[0.2%,0.5%)",
        "[0.5%,1%)",
        "[1%,inf)"
      ],
      "return_histogram_counts": [
        0,
        6,
        21,
        33,
        31,
        26,
        18,
        10
      ],
      "top10_pct_pnl_contribution": 0.713043725140726,
      "trades_per_day": 0.55396370582617
    },
    "gross": {
      "mae_proxy_median": -0.0007367943680836042,
      "median_hold_return": 0.0016737774410625628,
      "return_histogram_bins": [
        "(-inf,-1%)",
        "[-1%,-0.5%)",
        "[-0.5%,-0.2%)",
        "[-0.2%,0%)",
        "[0%,0.2%)",
        "[0.2%,0.5%)",
        "[0.5%,1%)",
        "[1%,inf)"
      ],
      "return_histogram_counts": [
        0,
        2,
        16,
        32,
        29,
        34,
        20,
        12
      ],
      "top10_pct_pnl_contribution": 0.5161943020702275,
      "trades_per_day": 0.55396370582617
    }
  },
  "family": "regime_conditioning",
  "hypothesis_id": "H231",
  "timestamp_utc": "2026-03-11T18:23:26+00:00",
  "wf_by_mode": {
    "bps10": {
      "aggregate": {
        "mean": 0.0017810921738131572,
        "mean_ci_high": 0.0027316232757896007,
        "mean_ci_low": 0.0008585609103184704,
        "n": 109,
        "p_mean_gt_0": 1.0
      },
      "folds": [
        {
          "fold_id": 1,
          "mean": 0.0015113311187694254,
          "n": 6,
          "test_end": "2025-08-17T00:00:00+00:00",
          "test_start": "2025-08-02T00:00:00+00:00"
        },
        {
          "fold_id": 2,
          "mean": 0.0037014836087369,
          "n": 2,
          "test_end": "2025-09-01T00:00:00+00:00",
          "test_start": "2025-08-17T00:00:00+00:00"
        },
        {
          "fold_id": 3,
          "mean": -0.0027086965767579843,
          "n": 2,
          "test_end": "2025-09-16T00:00:00+00:00",
          "test_start": "2025-09-01T00:00:00+00:00"
        },
        {
          "fold_id": 4,
          "mean": 0.0,
          "n": 0,
          "test_end": "2025-10-01T00:00:00+00:00",
          "test_start": "2025-09-16T00:00:00+00:00"
        },
        {
          "fold_id": 5,
          "mean": 0.002746881670138591,
          "n": 10,
          "test_end": "2025-10-16T00:00:00+00:00",
          "test_start": "2025-10-01T00:00:00+00:00"
        },
        {
          "fold_id": 6,
          "mean": 0.00682453413056412,
          "n": 5,
          "test_end": "2025-10-31T00:00:00+00:00",
          "test_start": "2025-10-16T00:00:00+00:00"
        },
        {
          "fold_id": 7,
          "mean": 0.0,
          "n": 0,
          "test_end": "2025-11-15T00:00:00+00:00",
          "test_start": "2025-10-31T00:00:00+00:00"
        },
        {
          "fold_id": 8,
          "mean": 0.001996229348952791,
          "n": 3,
          "test_end": "2025-11-30T00:00:00+00:00",
          "test_start": "2025-11-15T00:00:00+00:00"
        },
        {
          "fold_id": 9,
          "mean": 0.0030319042210304945,
          "n": 30,
          "test_end": "2025-12-15T00:00:00+00:00",
          "test_start": "2025-11-30T00:00:00+00:00"
        },
        {
          "fold_id": 10,
          "mean": 0.0007310738291891258,
          "n": 30,
          "test_end": "2025-12-30T00:00:00+00:00",
          "test_start": "2025-12-15T00:00:00+00:00"
        },
        {
          "fold_id": 11,
          "mean": 0.0,
          "n": 0,
          "test_end": "2026-01-14T00:00:00+00:00",
          "test_start": "2025-12-30T00:00:00+00:00"
        },
        {
          "fold_id": 12,
          "mean": 0.0,
          "n": 0,
          "test_end": "2026-01-29T00:00:00+00:00",
          "test_start": "2026-01-14T00:00:00+00:00"
        },
        {
          "fold_id": 13,
          "mean": 0.0001245699648288712,
          "n": 21,
          "test_end": "2026-02-13T00:00:00+00:00",
          "test_start": "2026-01-29T00:00:00+00:00"
        }
      ],
      "positive_folds": {
        "count": 8,
        "pct": 61.53846153846154,
        "total": 13
      },
      "split": {
        "step_days": 15,
        "test_days": 15,
        "train_days": 60
      }
    },
    "bps8": {
      "aggregate": {
        "mean": 0.0019810921738131577,
        "mean_ci_high": 0.0029316232757896003,
        "mean_ci_low": 0.001058560910318471,
        "n": 109,
        "p_mean_gt_0": 1.0
      },
      "folds": [
        {
          "fold_id": 1,
          "mean": 0.0017113311187694257,
          "n": 6,
          "test_end": "2025-08-17T00:00:00+00:00",
          "test_start": "2025-08-02T00:00:00+00:00"
        },
        {
          "fold_id": 2,
          "mean": 0.0039014836087369,
          "n": 2,
          "test_end": "2025-09-01T00:00:00+00:00",
          "test_start": "2025-08-17T00:00:00+00:00"
        },
        {
          "fold_id": 3,
          "mean": -0.0025086965767579846,
          "n": 2,
          "test_end": "2025-09-16T00:00:00+00:00",
          "test_start": "2025-09-01T00:00:00+00:00"
        },
        {
          "fold_id": 4,
          "mean": 0.0,
          "n": 0,
          "test_end": "2025-10-01T00:00:00+00:00",
          "test_start": "2025-09-16T00:00:00+00:00"
        },
        {
          "fold_id": 5,
          "mean": 0.002946881670138591,
          "n": 10,
          "test_end": "2025-10-16T00:00:00+00:00",
          "test_start": "2025-10-01T00:00:00+00:00"
        },
        {
          "fold_id": 6,
          "mean": 0.007024534130564119,
          "n": 5,
          "test_end": "2025-10-31T00:00:00+00:00",
          "test_start": "2025-10-16T00:00:00+00:00"
        },
        {
          "fold_id": 7,
          "mean": 0.0,
          "n": 0,
          "test_end": "2025-11-15T00:00:00+00:00",
          "test_start": "2025-10-31T00:00:00+00:00"
        },
        {
          "fold_id": 8,
          "mean": 0.0021962293489527908,
          "n": 3,
          "test_end": "2025-11-30T00:00:00+00:00",
          "test_start": "2025-11-15T00:00:00+00:00"
        },
        {
          "fold_id": 9,
          "mean": 0.003231904221030496,
          "n": 30,
          "test_end": "2025-12-15T00:00:00+00:00",