{
  "baseline": {
    "bps10": {
      "mean": 0.0005813702537773764,
      "mean_ci_high": 0.001961047234903632,
      "mean_ci_low": -0.0007312983955210333,
      "n": 31,
      "p_mean_gt_0": 0.7943333333333333,
      "std": 0.0037518296785591923,
      "win_rate": 0.45161290322580644
    },
    "bps8": {
      "mean": 0.000781370253777377,
      "mean_ci_high": 0.002161047234903632,
      "mean_ci_low": -0.0005312983955210332,
      "n": 31,
      "p_mean_gt_0": 0.8676666666666667,
      "std": 0.0037518296785591927,
      "win_rate": 0.4838709677419355
    },
    "gross": {
      "mean": 0.0015813702537773768,
      "mean_ci_high": 0.002961047234903632,
      "mean_ci_low": 0.0002687016044789668,
      "n": 31,
      "p_mean_gt_0": 0.9916666666666667,
      "std": 0.003751829678559193,
      "win_rate": 0.5483870967741935
    }
  },
  "config": {
    "bootstrap_iters": 3000,
    "cost_mode": "all",
    "days": 365,
    "horizon": 12,
    "timeframe": "5m",
    "wf": {
      "step_days": 15,
      "test_days": 15,
      "train_days": 60
    }
  },
  "diagnostics_by_mode": {
    "bps10": {
      "mae_proxy_median": -0.0016208763024002648,
      "median_hold_return": -0.0007615303485803962,
      "return_histogram_bins": [
        "(-inf,-1%)",
        "[-1%,-0.5%)",
        "[-0.5%,-0.2%)",
        "[-0.2%,0%)",
        "[0%,0.2%)",
        "[0.2%,0.5%)",
        "[0.5%,1%)",
        "[1%,inf)"
      ],
      "return_histogram_counts": [
        0,
        0,
        5,
        12,
        3,
        8,
        2,
        1
      ],
      "top10_pct_pnl_contribution": 1.643334573090704,
      "trades_per_day": 0.1384443617417194
    },
    "bps8": {
      "mae_proxy_median": -0.0016208763024002648,
      "median_hold_return": -0.0005615303485803962,
      "return_histogram_bins": [
        "(-inf,-1%)",
        "[-1%,-0.5%)",
        "[-0.5%,-0.2%)",
        "[-0.2%,0%)",
        "[0%,0.2%)",
        "[0.2%,0.5%)",
        "[0.5%,1%)",
        "[1%,inf)"
      ],
      "return_histogram_counts": [
        0,
        0,
        5,
        11,
        4,
        8,
        2,
        1
      ],
      "top10_pct_pnl_contribution": 1.2557328419765226,
      "trades_per_day": 0.1384443617417194
    },
    "gross": {
      "mae_proxy_median": -0.0016208763024002648,
      "median_hold_return": 0.00023846965141960386,
      "return_histogram_bins": [
        "(-inf,-1%)",
        "[-1%,-0.5%)",
        "[-0.5%,-0.2%)",
        "[-0.2%,0%)",
        "[0%,0.2%)",
        "[0.2%,0.5%)",
        "[0.5%,1%)",
        "[1%,inf)"
      ],
      "return_histogram_counts": [
        0,
        0,
        5,
        9,
        5,
        6,
        5,
        1
      ],
      "top10_pct_pnl_contribution": 0.6857458544405238,
      "trades_per_day": 0.1384443617417194
    }
  },
  "family": "regime_conditioning",
  "hypothesis_id": "H232",
  "timestamp_utc": "2026-03-11T18:24:07+00:00",
  "wf_by_mode": {
    "bps10": {
      "aggregate": {
        "mean": 0.0005610607240631919,
        "mean_ci_high": 0.002261290777213946,
        "mean_ci_low": -0.0009682174538061547,
        "n": 24,
        "p_mean_gt_0": 0.752
      },
      "folds": [
        {
          "fold_id": 1,
          "mean": -0.0034650896250293375,
          "n": 1,
          "test_end": "2025-08-25T00:00:00+00:00",
          "test_start": "2025-08-10T00:00:00+00:00"
        },
        {
          "fold_id": 2,
          "mean": 0.0009566320264925071,
          "n": 3,
          "test_end": "2025-09-09T00:00:00+00:00",
          "test_start": "2025-08-25T00:00:00+00:00"
        },
        {
          "fold_id": 3,
          "mean": 0.0020206972544176147,
          "n": 4,
          "test_end": "2025-09-24T00:00:00+00:00",
          "test_start": "2025-09-09T00:00:00+00:00"
        },
        {
          "fold_id": 4,
          "mean": -0.0011378099647323754,
          "n": 3,
          "test_end": "2025-10-09T00:00:00+00:00",
          "test_start": "2025-09-24T00:00:00+00:00"
        },
        {
          "fold_id": 5,
          "mean": -0.0005539129505148224,
          "n": 4,
          "test_end": "2025-10-24T00:00:00+00:00",
          "test_start": "2025-10-09T00:00:00+00:00"
        },
        {
          "fold_id": 6,
          "mean": 0.01351349125266299,
          "n": 1,
          "test_end": "2025-11-08T00:00:00+00:00",
          "test_start": "2025-10-24T00:00:00+00:00"
        },
        {
          "fold_id": 7,
          "mean": 0.002357102337841894,
          "n": 4,
          "test_end": "2025-11-23T00:00:00+00:00",
          "test_start": "2025-11-08T00:00:00+00:00"
        },
        {
          "fold_id": 8,
          "mean": -0.004394586390898846,
          "n": 1,
          "test_end": "2025-12-08T00:00:00+00:00",
          "test_start": "2025-11-23T00:00:00+00:00"
        },
        {
          "fold_id": 9,
          "mean": 0.0,
          "n": 0,
          "test_end": "2025-12-23T00:00:00+00:00",
          "test_start": "2025-12-08T00:00:00+00:00"
        },
        {
          "fold_id": 10,
          "mean": -0.0023134568704924465,
          "n": 3,
          "test_end": "2026-01-07T00:00:00+00:00",
          "test_start": "2025-12-23T00:00:00+00:00"
        }
      ],
      "positive_folds": {
        "count": 4,
        "pct": 40.0,
        "total": 10
      },
      "split": {
        "step_days": 15,
        "test_days": 15,
        "train_days": 60
      }
    },
    "bps8": {
      "aggregate": {
        "mean": 0.0007610607240631919,
        "mean_ci_high": 0.0024612907772139465,
        "mean_ci_low": -0.0007682174538061551,
        "n": 24,
        "p_mean_gt_0": 0.821
      },
      "folds": [
        {
          "fold_id": 1,
          "mean": -0.0032650896250293374,
          "n": 1,
          "test_end": "2025-08-25T00:00:00+00:00",
          "test_start": "2025-08-10T00:00:00+00:00"
        },
        {
          "fold_id": 2,
          "mean": 0.001156632026492507,
          "n": 3,
          "test_end": "2025-09-09T00:00:00+00:00",
          "test_start": "2025-08-25T00:00:00+00:00"
        },
        {
          "fold_id": 3,
          "mean": 0.0022206972544176144,
          "n": 4,
          "test_end": "2025-09-24T00:00:00+00:00",
          "test_start": "2025-09-09T00:00:00+00:00"
        },
        {
          "fold_id": 4,
          "mean": -0.0009378099647323754,
          "n": 3,
          "test_end": "2025-10-09T00:00:00+00:00",
          "test_start": "2025-09-24T00:00:00+00:00"
        },
        {
          "fold_id": 5,
          "mean": -0.0003539129505148223,
          "n": 4,
          "test_end": "2025-10-24T00:00:00+00:00",
          "test_start": "2025-10-09T00:00:00+00:00"
        },
        {
          "fold_id": 6,
          "mean": 0.01371349125266299,
          "n": 1,
          "test_end": "2025-11-08T00:00:00+00:00",
          "test_start": "2025-10-24T00:00:00+00:00"
        },
        {
          "fold_id": 7,
          "mean": 0.002557102337841894,
          "n": 4,
          "test_end": "2025-11-23T00:00:00+00:00",
          "test_start": "2025-11-08T00:00:00+00:00"
        },
        {
          "fold_id": 8,
          "mean": -0.004194586390898846,
          "n": 1,
          "test_end": "2025-12-08T00:00:00+00:00",
          "test_start": "2025-11-23T00:00:00+00:00"
        },
        {
          "fold_id": 9,
          "mean": 0.0,
          "n": 0,
          "test_end": "2025-12-23T00:00:00+00:00",
          "test_start": "2025-12-08T00:00:00+00:00"
        },
        {
          "fold_id": 10,
          "mean": -0.0021134568704924465,
          "n": 3,
          "test_end": "2026-01-07T00:00:00+00:00",
          "test_start": "2025-12-23T00:00:00+00:00"
        }
      ],
      "positive_folds": {
        "count": 4,
        "pct": 40.0,
        "total": 10
      },
      "split": {
        "step_days": 15,
        "test_days": 15,
        "train_days": 60
      }
    },