{
  "baseline": {
    "bps10": {
      "mean": 0.004613827072725401,
      "mean_ci_high": 0.007207384489299294,
      "mean_ci_low": 0.0022326527666089975,
      "n": 45,
      "p_mean_gt_0": 1.0,
      "std": 0.00888623674245169,
      "win_rate": 0.6444444444444445
    },
    "bps8": {
      "mean": 0.004813827072725402,
      "mean_ci_high": 0.007407384489299292,
      "mean_ci_low": 0.0024326527666089994,
      "n": 45,
      "p_mean_gt_0": 1.0,
      "std": 0.008886236742451691,
      "win_rate": 0.6444444444444445
    },
    "gross": {
      "mean": 0.005613827072725402,
      "mean_ci_high": 0.008207384489299294,
      "mean_ci_low": 0.0032326527666089984,
      "n": 45,
      "p_mean_gt_0": 1.0,
      "std": 0.008886236742451691,
      "win_rate": 0.6888888888888889
    }
  },
  "config": {
    "bootstrap_iters": 3000,
    "cost_mode": "all",
    "days": 365,
    "horizon": 12,
    "timeframe": "5m",
    "wf": {
      "step_days": 15,
      "test_days": 15,
      "train_days": 60
    }
  },
  "diagnostics_by_mode": {
    "bps10": {
      "mae_proxy_median": -0.001477455202671507,
      "median_hold_return": 0.003164353893859385,
      "return_histogram_bins": [
        "(-inf,-1%)",
        "[-1%,-0.5%)",
        "[-0.5%,-0.2%)",
        "[-0.2%,0%)",
        "[0%,0.2%)",
        "[0.2%,0.5%)",
        "[0.5%,1%)",
        "[1%,inf)"
      ],
      "return_histogram_counts": [
        0,
        5,
        6,
        5,
        4,
        7,
        7,
        11
      ],
      "top10_pct_pnl_contribution": 0.5481771757657455,
      "trades_per_day": 0.17191977077363896
    },
    "bps8": {
      "mae_proxy_median": -0.001477455202671507,
      "median_hold_return": 0.003364353893859385,
      "return_histogram_bins": [
        "(-inf,-1%)",
        "[-1%,-0.5%)",
        "[-0.5%,-0.2%)",
        "[-0.2%,0%)",
        "[0%,0.2%)",
        "[0.2%,0.5%)",
        "[0.5%,1%)",
        "[1%,inf)"
      ],
      "return_histogram_counts": [
        0,
        5,
        6,
        5,
        4,
        6,
        8,
        11
      ],
      "top10_pct_pnl_contribution": 0.53001839864095,
      "trades_per_day": 0.17191977077363896
    },
    "gross": {
      "mae_proxy_median": -0.001477455202671507,
      "median_hold_return": 0.004164353893859385,
      "return_histogram_bins": [
        "(-inf,-1%)",
        "[-1%,-0.5%)",
        "[-0.5%,-0.2%)",
        "[-0.2%,0%)",
        "[0%,0.2%)",
        "[0.2%,0.5%)",
        "[0.5%,1%)",
        "[1%,inf)"
      ],
      "return_histogram_counts": [
        0,
        5,
        3,
        6,
        3,
        7,
        8,
        13
      ],
      "top10_pct_pnl_contribution": 0.4703218982531719,
      "trades_per_day": 0.17191977077363896
    }
  },
  "family": "regime_conditioning",
  "hypothesis_id": "H233",
  "timestamp_utc": "2026-03-11T18:24:16+00:00",
  "wf_by_mode": {
    "bps10": {
      "aggregate": {
        "mean": 0.007206222117475397,
        "mean_ci_high": 0.010555285405923206,
        "mean_ci_low": 0.0037503120267294242,
        "n": 29,
        "p_mean_gt_0": 1.0
      },
      "folds": [
        {
          "fold_id": 1,
          "mean": 0.021881724345953812,
          "n": 1,
          "test_end": "2025-08-17T00:00:00+00:00",
          "test_start": "2025-08-02T00:00:00+00:00"
        },
        {
          "fold_id": 2,
          "mean": 0.006912029555769972,
          "n": 2,
          "test_end": "2025-09-01T00:00:00+00:00",
          "test_start": "2025-08-17T00:00:00+00:00"
        },
        {
          "fold_id": 3,
          "mean": 0.0009314822833207401,
          "n": 2,
          "test_end": "2025-09-16T00:00:00+00:00",
          "test_start": "2025-09-01T00:00:00+00:00"
        },
        {
          "fold_id": 4,
          "mean": 0.0,
          "n": 0,
          "test_end": "2025-10-01T00:00:00+00:00",
          "test_start": "2025-09-16T00:00:00+00:00"
        },
        {
          "fold_id": 5,
          "mean": 0.005310669174898281,
          "n": 4,
          "test_end": "2025-10-16T00:00:00+00:00",
          "test_start": "2025-10-01T00:00:00+00:00"
        },
        {
          "fold_id": 6,
          "mean": 0.022792705586525575,
          "n": 2,
          "test_end": "2025-10-31T00:00:00+00:00",
          "test_start": "2025-10-16T00:00:00+00:00"
        },
        {
          "fold_id": 7,
          "mean": 0.0,
          "n": 0,
          "test_end": "2025-11-15T00:00:00+00:00",
          "test_start": "2025-10-31T00:00:00+00:00"
        },
        {
          "fold_id": 8,
          "mean": 0.001089263986556622,
          "n": 1,
          "test_end": "2025-11-30T00:00:00+00:00",
          "test_start": "2025-11-15T00:00:00+00:00"
        },
        {
          "fold_id": 9,
          "mean": 0.016162305986269183,
          "n": 3,
          "test_end": "2025-12-15T00:00:00+00:00",
          "test_start": "2025-11-30T00:00:00+00:00"
        },
        {
          "fold_id": 10,
          "mean": 0.0035508227072757787,
          "n": 9,
          "test_end": "2025-12-30T00:00:00+00:00",
          "test_start": "2025-12-15T00:00:00+00:00"
        },
        {
          "fold_id": 11,
          "mean": 0.0,
          "n": 0,
          "test_end": "2026-01-14T00:00:00+00:00",
          "test_start": "2025-12-30T00:00:00+00:00"
        },
        {
          "fold_id": 12,
          "mean": 0.0,
          "n": 0,
          "test_end": "2026-01-29T00:00:00+00:00",
          "test_start": "2026-01-14T00:00:00+00:00"
        },
        {
          "fold_id": 13,
          "mean": 0.004610003839832166,
          "n": 5,
          "test_end": "2026-02-13T00:00:00+00:00",
          "test_start": "2026-01-29T00:00:00+00:00"
        }
      ],
      "positive_folds": {
        "count": 9,
        "pct": 69.23076923076923,
        "total": 13
      },
      "split": {
        "step_days": 15,
        "test_days": 15,
        "train_days": 60
      }
    },
    "bps8": {
      "aggregate": {
        "mean": 0.007406222117475399,
        "mean_ci_high": 0.010755285405923203,
        "mean_ci_low": 0.003950312026729426,
        "n": 29,
        "p_mean_gt_0": 1.0
      },
      "folds": [
        {
          "fold_id": 1,
          "mean": 0.022081724345953815,
          "n": 1,
          "test_end": "2025-08-17T00:00:00+00:00",
          "test_start": "2025-08-02T00:00:00+00:00"
        },
        {
          "fold_id": 2,
          "mean": 0.007112029555769973,
          "n": 2,
          "test_end": "2025-09-01T00:00:00+00:00",
          "test_start": "2025-08-17T00:00:00+00:00"
        },
        {
          "fold_id": 3,
          "mean": 0.00113148228332074,
          "n": 2,
          "test_end": "2025-09-16T00:00:00+00:00",
          "test_start": "2025-09-01T00:00:00+00:00"
        },
        {
          "fold_id": 4,
          "mean": 0.0,
          "n": 0,
          "test_end": "2025-10-01T00:00:00+00:00",
          "test_start": "2025-09-16T00:00:00+00:00"
        },
        {
          "fold_id": 5,
          "mean": 0.005510669174898281,
          "n": 4,
          "test_end": "2025-10-16T00:00:00+00:00",
          "test_start": "2025-10-01T00:00:00+00:00"
        },
        {
          "fold_id": 6,
          "mean": 0.022992705586525577,
          "n": 2,
          "test_end": "2025-10-31T00:00:00+00:00",
          "test_start": "2025-10-16T00:00:00+00:00"
        },
        {
          "fold_id": 7,
          "mean": 0.0,
          "n": 0,
          "test_end": "2025-11-15T00:00:00+00:00",
          "test_start": "2025-10-31T00:00:00+00:00"
        },
        {
          "fold_id": 8,
          "mean": 0.0012892639865566221,
          "n": 1,
          "test_end": "2025-11-30T00:00:00+00:00",
          "test_start": "2025-11-15T00:00:00+00:00"
        },
        {
          "fold_id": 9,
          "mean": 0.016362305986269185,
          "n": 3,
          "test_end": "2025-12-15T00:00:00+00:00",