{
  "baseline": {
    "bps10": {
      "mean": 0.0014620403092514235,
      "mean_ci_high": 0.0036798624802882743,
      "mean_ci_low": -0.0003937649469094639,
      "n": 17,
      "p_mean_gt_0": 0.935,
      "std": 0.0042576144928185705,
      "win_rate": 0.47058823529411764
    },
    "bps8": {
      "mean": 0.0016620403092514236,
      "mean_ci_high": 0.0038798624802882744,
      "mean_ci_low": -0.00019376494690946395,
      "n": 17,
      "p_mean_gt_0": 0.9613333333333334,
      "std": 0.0042576144928185705,
      "win_rate": 0.5294117647058824
    },
    "gross": {
      "mean": 0.002462040309251424,
      "mean_ci_high": 0.004679862480288274,
      "mean_ci_low": 0.0006062350530905362,
      "n": 17,
      "p_mean_gt_0": 0.9976666666666667,
      "std": 0.0042576144928185705,
      "win_rate": 0.6470588235294118
    }
  },
  "config": {
    "bootstrap_iters": 3000,
    "cost_mode": "all",
    "days": 365,
    "horizon": 12,
    "timeframe": "5m",
    "wf": {
      "step_days": 15,
      "test_days": 15,
      "train_days": 60
    }
  },
  "diagnostics_by_mode": {
    "bps10": {
      "mae_proxy_median": -0.0016208763024002648,
      "median_hold_return": -9.071696394868847e-05,
      "return_histogram_bins": [
        "(-inf,-1%)",
        "[-1%,-0.5%)",
        "[-0.5%,-0.2%)",
        "[-0.2%,0%)",
        "[0%,0.2%)",
        "[0.2%,0.5%)",
        "[0.5%,1%)",
        "[1%,inf)"
      ],
      "return_histogram_counts": [
        0,
        0,
        2,
        7,
        1,
        4,
        2,
        1
      ],
      "top10_pct_pnl_contribution": 0.7785048443590536,
      "trades_per_day": 0.07592110160029773
    },
    "bps8": {
      "mae_proxy_median": -0.0016208763024002648,
      "median_hold_return": 0.00010928303605131152,
      "return_histogram_bins": [
        "(-inf,-1%)",
        "[-1%,-0.5%)",
        "[-0.5%,-0.2%)",
        "[-0.2%,0%)",
        "[0%,0.2%)",
        "[0.2%,0.5%)",
        "[0.5%,1%)",
        "[1%,inf)"
      ],
      "return_histogram_counts": [
        0,
        0,
        2,
        6,
        2,
        4,
        2,
        1
      ],
      "top10_pct_pnl_contribution": 0.6989811671224683,
      "trades_per_day": 0.07592110160029773
    },
    "gross": {
      "mae_proxy_median": -0.0016208763024002648,
      "median_hold_return": 0.0009092830360513116,
      "return_histogram_bins": [
        "(-inf,-1%)",
        "[-1%,-0.5%)",
        "[-0.5%,-0.2%)",
        "[-0.2%,0%)",
        "[0%,0.2%)",
        "[0.2%,0.5%)",
        "[0.5%,1%)",
        "[1%,inf)"
      ],
      "return_histogram_counts": [
        0,
        0,
        2,
        4,
        3,
        3,
        4,
        1
      ],
      "top10_pct_pnl_contribution": 0.5100860930281885,
      "trades_per_day": 0.07592110160029773
    }
  },
  "family": "regime_conditioning",
  "hypothesis_id": "H234",
  "timestamp_utc": "2026-03-11T18:24:24+00:00",
  "wf_by_mode": {
    "bps10": {
      "aggregate": {
        "mean": 0.0018339301451943037,
        "mean_ci_high": 0.0046648632770553726,
        "mean_ci_low": -0.0007368150595096768,
        "n": 12,
        "p_mean_gt_0": 0.907
      },
      "folds": [
        {
          "fold_id": 1,
          "mean": -0.0034650896250293375,
          "n": 1,
          "test_end": "2025-08-25T00:00:00+00:00",
          "test_start": "2025-08-10T00:00:00+00:00"
        },
        {
          "fold_id": 2,
          "mean": 0.002229788111679732,
          "n": 2,
          "test_end": "2025-09-09T00:00:00+00:00",
          "test_start": "2025-08-25T00:00:00+00:00"
        },
        {
          "fold_id": 3,
          "mean": 0.0031788673445179634,
          "n": 3,
          "test_end": "2025-09-24T00:00:00+00:00",
          "test_start": "2025-09-09T00:00:00+00:00"
        },
        {
          "fold_id": 4,
          "mean": 0.0027242315842302975,
          "n": 1,
          "test_end": "2025-10-09T00:00:00+00:00",
          "test_start": "2025-09-24T00:00:00+00:00"
        },
        {
          "fold_id": 5,
          "mean": -0.0013590023884006977,
          "n": 2,
          "test_end": "2025-10-24T00:00:00+00:00",
          "test_start": "2025-10-09T00:00:00+00:00"
        },
        {
          "fold_id": 6,
          "mean": 0.01351349125266299,
          "n": 1,
          "test_end": "2025-11-08T00:00:00+00:00",
          "test_start": "2025-10-24T00:00:00+00:00"
        },
        {
          "fold_id": 7,
          "mean": 0.0023376516311388604,
          "n": 1,
          "test_end": "2025-11-23T00:00:00+00:00",
          "test_start": "2025-11-08T00:00:00+00:00"
        },
        {
          "fold_id": 8,
          "mean": 0.0,
          "n": 0,
          "test_end": "2025-12-08T00:00:00+00:00",
          "test_start": "2025-11-23T00:00:00+00:00"
        },
        {
          "fold_id": 9,
          "mean": 0.0,
          "n": 0,
          "test_end": "2025-12-23T00:00:00+00:00",
          "test_start": "2025-12-08T00:00:00+00:00"
        },
        {
          "fold_id": 10,
          "mean": -0.004381296580783122,
          "n": 1,
          "test_end": "2026-01-07T00:00:00+00:00",
          "test_start": "2025-12-23T00:00:00+00:00"
        }
      ],
      "positive_folds": {
        "count": 5,
        "pct": 50.0,
        "total": 10
      },
      "split": {
        "step_days": 15,
        "test_days": 15,
        "train_days": 60
      }
    },
    "bps8": {
      "aggregate": {
        "mean": 0.0020339301451943043,
        "mean_ci_high": 0.004864863277055372,
        "mean_ci_low": -0.000536815059509677,
        "n": 12,
        "p_mean_gt_0": 0.9306666666666666
      },
      "folds": [
        {
          "fold_id": 1,
          "mean": -0.0032650896250293374,
          "n": 1,
          "test_end": "2025-08-25T00:00:00+00:00",
          "test_start": "2025-08-10T00:00:00+00:00"
        },
        {
          "fold_id": 2,
          "mean": 0.002429788111679732,
          "n": 2,
          "test_end": "2025-09-09T00:00:00+00:00",
          "test_start": "2025-08-25T00:00:00+00:00"
        },
        {
          "fold_id": 3,
          "mean": 0.003378867344517963,
          "n": 3,
          "test_end": "2025-09-24T00:00:00+00:00",
          "test_start": "2025-09-09T00:00:00+00:00"
        },
        {
          "fold_id": 4,
          "mean": 0.0029242315842302976,
          "n": 1,
          "test_end": "2025-10-09T00:00:00+00:00",
          "test_start": "2025-09-24T00:00:00+00:00"
        },
        {
          "fold_id": 5,
          "mean": -0.0011590023884006976,
          "n": 2,
          "test_end": "2025-10-24T00:00:00+00:00",
          "test_start": "2025-10-09T00:00:00+00:00"
        },
        {
          "fold_id": 6,
          "mean": 0.01371349125266299,
          "n": 1,
          "test_end": "2025-11-08T00:00:00+00:00",
          "test_start": "2025-10-24T00:00:00+00:00"
        },
        {
          "fold_id": 7,
          "mean": 0.0025376516311388605,
          "n": 1,
          "test_end": "2025-11-23T00:00:00+00:00",
          "test_start": "2025-11-08T00:00:00+00:00"
        },
        {
          "fold_id": 8,
          "mean": 0.0,
          "n": 0,
          "test_end": "2025-12-08T00:00:00+00:00",
          "test_start": "2025-11-23T00:00:00+00:00"
        },
        {
          "fold_id": 9,
          "mean": 0.0,
          "n": 0,
          "test_end": "2025-12-23T00:00:00+00:00",
          "test_start": "2025-12-08T00:00:00+00:00"
        },
        {
          "fold_id": 10,
          "mean": -0.004181296580783122,
          "n": 1,
          "test_end": "2026-01-07T00:00:00+00:00",
          "test_start": "2025-12-23T00:00:00+00:00"
        }
      ],
      "positive_folds": {
        "count": 5,
        "pct": 50.0,
        "total": 10
      },
      "split": {
        "step_days": 15,
        "test_days": 15,
        "train_days": 60
      }
    },
    "gross": {
      "aggregate": {
        "mean": 0.002833930145194304,