{
  "baseline": {
    "bps10": {
      "mean": -0.0009310880932632289,
      "mean_ci_high": -0.0006977724650406282,
      "mean_ci_low": -0.001178031059080226,
      "n": 1687,
      "p_mean_gt_0": 0.0,
      "std": 0.0051051700590512795,
      "win_rate": 0.3977474807350326
    },
    "bps8": {
      "mean": -0.0007310880932632286,
      "mean_ci_high": -0.000497772465040628,
      "mean_ci_low": -0.0009780310590802256,
      "n": 1687,
      "p_mean_gt_0": 0.0,
      "std": 0.0051051700590512795,
      "win_rate": 0.42442205097806757
    },
    "gross": {
      "mean": 6.891190673677147e-05,
      "mean_ci_high": 0.000302227534959372,
      "mean_ci_low": -0.00017803105908022562,
      "n": 1687,
      "p_mean_gt_0": 0.712,
      "std": 0.0051051700590512795,
      "win_rate": 0.5293420272673385
    }
  },
  "config": {
    "bootstrap_iters": 3000,
    "cost_mode": "all",
    "days": 365,
    "horizon": 6,
    "timeframe": "5m",
    "wf": {
      "step_days": 15,
      "test_days": 15,
      "train_days": 60
    }
  },
  "diagnostics_by_mode": {
    "bps10": {
      "mae_proxy_median": -0.0012212229820356413,
      "median_hold_return": -0.0007489713260960809,
      "return_histogram_bins": [
        "(-inf,-1%)",
        "[-1%,-0.5%)",
        "[-0.5%,-0.2%)",
        "[-0.2%,0%)",
        "[0%,0.2%)",
        "[0.2%,0.5%)",
        "[0.5%,1%)",
        "[1%,inf)"
      ],
      "return_histogram_counts": [
        58,
        150,
        358,
        450,
        347,
        222,
        72,
        30
      ],
      "top10_pct_pnl_contribution": -0.7832743302570915,
      "trades_per_day": 4.912201237513649
    },
    "bps8": {
      "mae_proxy_median": -0.0012212229820356413,
      "median_hold_return": -0.0005489713260960809,
      "return_histogram_bins": [
        "(-inf,-1%)",
        "[-1%,-0.5%)",
        "[-0.5%,-0.2%)",
        "[-0.2%,0%)",
        "[0%,0.2%)",
        "[0.2%,0.5%)",
        "[0.5%,1%)",
        "[1%,inf)"
      ],
      "return_histogram_counts": [
        55,
        149,
        325,
        442,
        365,
        242,
        77,
        32
      ],
      "top10_pct_pnl_contribution": -1.0249557825652722,
      "trades_per_day": 4.912201237513649
    },
    "gross": {
      "mae_proxy_median": -0.0012212229820356413,
      "median_hold_return": 0.00025102867390391914,
      "return_histogram_bins": [
        "(-inf,-1%)",
        "[-1%,-0.5%)",
        "[-0.5%,-0.2%)",
        "[-0.2%,0%)",
        "[0%,0.2%)",
        "[0.2%,0.5%)",
        "[0.5%,1%)",
        "[1%,inf)"
      ],
      "return_histogram_counts": [
        48,
        110,
        226,
        410,
        429,
        321,
        109,
        34
      ],
      "top10_pct_pnl_contribution": 12.036747674067563,
      "trades_per_day": 4.912201237513649
    }
  },
  "family": "mean_reversion",
  "hypothesis_id": "H235",
  "timestamp_utc": "2026-03-11T18:24:33+00:00",
  "wf_by_mode": {
    "bps10": {
      "aggregate": {
        "mean": -0.0009903756379660519,
        "mean_ci_high": -0.0007420718659824886,
        "mean_ci_low": -0.0012593062167031526,
        "n": 1400,
        "p_mean_gt_0": 0.0
      },
      "folds": [
        {
          "fold_id": 1,
          "mean": -0.0006216305265381602,
          "n": 75,
          "test_end": "2025-05-30T00:00:00+00:00",
          "test_start": "2025-05-15T00:00:00+00:00"
        },
        {
          "fold_id": 2,
          "mean": -0.0011586525094569782,
          "n": 118,
          "test_end": "2025-06-14T00:00:00+00:00",
          "test_start": "2025-05-30T00:00:00+00:00"
        },
        {
          "fold_id": 3,
          "mean": -0.0004930543493676797,
          "n": 40,
          "test_end": "2025-06-29T00:00:00+00:00",
          "test_start": "2025-06-14T00:00:00+00:00"
        },
        {
          "fold_id": 4,
          "mean": -0.0007744820508235703,
          "n": 67,
          "test_end": "2025-07-14T00:00:00+00:00",
          "test_start": "2025-06-29T00:00:00+00:00"
        },
        {
          "fold_id": 5,
          "mean": 0.00010165484298932804,
          "n": 32,
          "test_end": "2025-07-29T00:00:00+00:00",
          "test_start": "2025-07-14T00:00:00+00:00"
        },
        {
          "fold_id": 6,
          "mean": -0.0007741080704199265,
          "n": 59,
          "test_end": "2025-08-13T00:00:00+00:00",
          "test_start": "2025-07-29T00:00:00+00:00"
        },
        {
          "fold_id": 7,
          "mean": -0.00090429977550768,
          "n": 79,
          "test_end": "2025-08-28T00:00:00+00:00",
          "test_start": "2025-08-13T00:00:00+00:00"
        },
        {
          "fold_id": 8,
          "mean": -0.001066799073871132,
          "n": 63,
          "test_end": "2025-09-12T00:00:00+00:00",
          "test_start": "2025-08-28T00:00:00+00:00"
        },
        {
          "fold_id": 9,
          "mean": -0.000776307486120381,
          "n": 110,
          "test_end": "2025-09-27T00:00:00+00:00",
          "test_start": "2025-09-12T00:00:00+00:00"
        },
        {
          "fold_id": 10,
          "mean": -0.0014428416875803397,
          "n": 40,
          "test_end": "2025-10-12T00:00:00+00:00",
          "test_start": "2025-09-27T00:00:00+00:00"
        },
        {
          "fold_id": 11,
          "mean": -0.0010545508696190283,
          "n": 61,
          "test_end": "2025-10-27T00:00:00+00:00",
          "test_start": "2025-10-12T00:00:00+00:00"
        },
        {
          "fold_id": 12,
          "mean": -0.0011957953692012541,
          "n": 112,
          "test_end": "2025-11-11T00:00:00+00:00",
          "test_start": "2025-10-27T00:00:00+00:00"
        },
        {
          "fold_id": 13,
          "mean": -0.0008405407699420439,
          "n": 102,
          "test_end": "2025-11-26T00:00:00+00:00",
          "test_start": "2025-11-11T00:00:00+00:00"
        },
        {
          "fold_id": 14,
          "mean": -0.0015886112267882377,
          "n": 52,
          "test_end": "2025-12-11T00:00:00+00:00",
          "test_start": "2025-11-26T00:00:00+00:00"
        },
        {
          "fold_id": 15,
          "mean": -0.000739504059028697,
          "n": 85,
          "test_end": "2025-12-26T00:00:00+00:00",
          "test_start": "2025-12-11T00:00:00+00:00"
        },
        {
          "fold_id": 16,
          "mean": -0.0006873953262311814,
          "n": 54,
          "test_end": "2026-01-10T00:00:00+00:00",
          "test_start": "2025-12-26T00:00:00+00:00"
        },
        {
          "fold_id": 17,
          "mean": -0.0007448744764930852,
          "n": 92,
          "test_end": "2026-01-25T00:00:00+00:00",
          "test_start": "2026-01-10T00:00:00+00:00"
        },
        {
          "fold_id": 18,
          "mean": -0.001712515276075946,
          "n": 159,
          "test_end": "2026-02-09T00:00:00+00:00",
          "test_start": "2026-01-25T00:00:00+00:00"
        }
      ],
      "positive_folds": {
        "count": 1,
        "pct": 5.555555555555555,
        "total": 18
      },
      "split": {
        "step_days": 15,
        "test_days": 15,
        "train_days": 60
      }
    },
    "bps8": {
      "aggregate": {
        "mean": -0.0007903756379660517,
        "mean_ci_high": -0.0005420718659824884,
        "mean_ci_low": -0.0010593062167031523,
        "n": 1400,
        "p_mean_gt_0": 0.0
      },
      "folds": [
        {
          "fold_id": 1,
          "mean": -0.0004216305265381602,
          "n": 75,
          "test_end": "2025-05-30T00:00:00+00:00",
          "test_start": "2025-05-15T00:00:00+00:00"
        },
        {
          "fold_id": 2,
          "mean": -0.0009586525094569776,
          "n": 118,
          "test_end": "2025-06-14T00:00:00+00:00",
          "test_start": "2025-05-30T00:00:00+00:00"
        },
        {
          "fold_id": 3,
          "mean": -0.00029305434936767954,
          "n": 40,
          "test_end": "2025-06-29T00:00:00+00:00",