{
  "baseline": {
    "bps10": {
      "mean": 1.1128092687617751e-05,
      "mean_ci_high": 0.000403110990194777,
      "mean_ci_low": -0.00036503531087221625,
      "n": 103,
      "p_mean_gt_0": 0.496,
      "std": 0.0020022017636948555,
      "win_rate": 0.32038834951456313
    },
    "bps8": {
      "mean": 0.00021112809268761785,
      "mean_ci_high": 0.0006031109901947772,
      "mean_ci_low": -0.0001650353108722162,
      "n": 103,
      "p_mean_gt_0": 0.86,
      "std": 0.0020022017636948555,
      "win_rate": 0.42718446601941745
    },
    "gross": {
      "mean": 0.0010111280926876178,
      "mean_ci_high": 0.0014031109901947772,
      "mean_ci_low": 0.0006349646891277838,
      "n": 103,
      "p_mean_gt_0": 1.0,
      "std": 0.0020022017636948555,
      "win_rate": 0.6990291262135923
    }
  },
  "config": {
    "bootstrap_iters": 3000,
    "cost_mode": "all",
    "days": 365,
    "horizon": 8,
    "timeframe": "5m",
    "wf": {
      "step_days": 15,
      "test_days": 15,
      "train_days": 60
    }
  },
  "diagnostics_by_mode": {
    "bps10": {
      "mae_proxy_median": -0.00020009171359192113,
      "median_hold_return": -0.00029633821309349353,
      "return_histogram_bins": [
        "(-inf,-1%)",
        "[-1%,-0.5%)",
        "[-0.5%,-0.2%)",
        "[-0.2%,0%)",
        "[0%,0.2%)",
        "[0.2%,0.5%)",
        "[0.5%,1%)",
        "[1%,inf)"
      ],
      "return_histogram_counts": [
        0,
        0,
        5,
        65,
        20,
        10,
        3,
        0
      ],
      "top10_pct_pnl_contribution": 41.89553209626464,
      "trades_per_day": 0.3188854489164087
    },
    "bps8": {
      "mae_proxy_median": -0.00020009171359192113,
      "median_hold_return": -9.633821309349355e-05,
      "return_histogram_bins": [
        "(-inf,-1%)",
        "[-1%,-0.5%)",
        "[-0.5%,-0.2%)",
        "[-0.2%,0%)",
        "[0%,0.2%)",
        "[0.2%,0.5%)",
        "[0.5%,1%)",
        "[1%,inf)"
      ],
      "return_histogram_counts": [
        0,
        0,
        3,
        56,
        29,
        12,
        3,
        0
      ],
      "top10_pct_pnl_contribution": 2.309387545060996,
      "trades_per_day": 0.3188854489164087
    },
    "gross": {
      "mae_proxy_median": -0.00020009171359192113,
      "median_hold_return": 0.0007036617869065065,
      "return_histogram_bins": [
        "(-inf,-1%)",
        "[-1%,-0.5%)",
        "[-0.5%,-0.2%)",
        "[-0.2%,0%)",
        "[0%,0.2%)",
        "[0.2%,0.5%)",
        "[0.5%,1%)",
        "[1%,inf)"
      ],
      "return_histogram_counts": [
        0,
        0,
        2,
        29,
        52,
        17,
        2,
        1
      ],
      "top10_pct_pnl_contribution": 0.5667071116044848,
      "trades_per_day": 0.3188854489164087
    }
  },
  "family": "vol_compression",
  "hypothesis_id": "H237",
  "timestamp_utc": "2026-03-11T19:20:42+00:00",
  "wf_by_mode": {
    "bps10": {
      "aggregate": {
        "mean": -8.338840260169242e-05,
        "mean_ci_high": 0.00035138494022523935,
        "mean_ci_low": -0.00045418678981107963,
        "n": 76,
        "p_mean_gt_0": 0.3416666666666667
      },
      "folds": [
        {
          "fold_id": 1,
          "mean": -0.0002964304835945666,
          "n": 6,
          "test_end": "2025-06-19T00:00:00+00:00",
          "test_start": "2025-06-04T00:00:00+00:00"
        },
        {
          "fold_id": 2,
          "mean": -0.0007957582755313766,
          "n": 5,
          "test_end": "2025-07-04T00:00:00+00:00",
          "test_start": "2025-06-19T00:00:00+00:00"
        },
        {
          "fold_id": 3,
          "mean": -0.00017105225950555438,
          "n": 5,
          "test_end": "2025-07-19T00:00:00+00:00",
          "test_start": "2025-07-04T00:00:00+00:00"
        },
        {
          "fold_id": 4,
          "mean": -0.00010525520703719062,
          "n": 1,
          "test_end": "2025-08-03T00:00:00+00:00",
          "test_start": "2025-07-19T00:00:00+00:00"
        },
        {
          "fold_id": 5,
          "mean": 0.00016988151762287271,
          "n": 1,
          "test_end": "2025-08-18T00:00:00+00:00",
          "test_start": "2025-08-03T00:00:00+00:00"
        },
        {
          "fold_id": 6,
          "mean": 0.0027063410341067193,
          "n": 1,
          "test_end": "2025-09-02T00:00:00+00:00",
          "test_start": "2025-08-18T00:00:00+00:00"
        },
        {
          "fold_id": 7,
          "mean": -0.0008254752701471063,
          "n": 7,
          "test_end": "2025-09-17T00:00:00+00:00",
          "test_start": "2025-09-02T00:00:00+00:00"
        },
        {
          "fold_id": 8,
          "mean": -0.000803851611264757,
          "n": 11,
          "test_end": "2025-10-02T00:00:00+00:00",
          "test_start": "2025-09-17T00:00:00+00:00"
        },
        {
          "fold_id": 9,
          "mean": 0.0,
          "n": 0,
          "test_end": "2025-10-17T00:00:00+00:00",
          "test_start": "2025-10-02T00:00:00+00:00"
        },
        {
          "fold_id": 10,
          "mean": 0.0010239443174150013,
          "n": 6,
          "test_end": "2025-11-01T00:00:00+00:00",
          "test_start": "2025-10-17T00:00:00+00:00"
        },
        {
          "fold_id": 11,
          "mean": -0.0004137781808188348,
          "n": 2,
          "test_end": "2025-11-16T00:00:00+00:00",
          "test_start": "2025-11-01T00:00:00+00:00"
        },
        {
          "fold_id": 12,
          "mean": 0.0017064164622367752,
          "n": 6,
          "test_end": "2025-12-01T00:00:00+00:00",
          "test_start": "2025-11-16T00:00:00+00:00"
        },
        {
          "fold_id": 13,
          "mean": 0.0013260275206740397,
          "n": 8,
          "test_end": "2025-12-16T00:00:00+00:00",
          "test_start": "2025-12-01T00:00:00+00:00"
        },
        {
          "fold_id": 14,
          "mean": -0.0002906712829040343,
          "n": 6,
          "test_end": "2025-12-31T00:00:00+00:00",
          "test_start": "2025-12-16T00:00:00+00:00"
        },
        {
          "fold_id": 15,
          "mean": -0.001138188879703886,
          "n": 3,
          "test_end": "2026-01-15T00:00:00+00:00",
          "test_start": "2025-12-31T00:00:00+00:00"
        },
        {
          "fold_id": 16,
          "mean": -0.0011099237369820427,
          "n": 8,
          "test_end": "2026-01-30T00:00:00+00:00",
          "test_start": "2026-01-15T00:00:00+00:00"
        },
        {
          "fold_id": 17,
          "mean": 0.0,
          "n": 0,
          "test_end": "2026-02-14T00:00:00+00:00",
          "test_start": "2026-01-30T00:00:00+00:00"
        }
      ],
      "positive_folds": {
        "count": 5,
        "pct": 29.41176470588235,
        "total": 17
      },
      "split": {
        "step_days": 15,
        "test_days": 15,
        "train_days": 60
      }
    },
    "bps8": {
      "aggregate": {
        "mean": 0.00011661159739830758,
        "mean_ci_high": 0.0005513849402252393,
        "mean_ci_low": -0.0002541867898110795,
        "n": 76,
        "p_mean_gt_0": 0.7036666666666667
      },
      "folds": [
        {
          "fold_id": 1,
          "mean": -9.643048359456651e-05,
          "n": 6,
          "test_end": "2025-06-19T00:00:00+00:00",
          "test_start": "2025-06-04T00:00:00+00:00"
        },
        {
          "fold_id": 2,
          "mean": -0.0005957582755313765,
          "n": 5,
          "test_end": "2025-07-04T00:00:00+00:00",
          "test_start": "2025-06-19T00:00:00+00:00"
        },
        {
          "fold_id": 3,
          "mean": 2.89477404944456e-05,
          "n": 5,
          "test_end": "2025-07-19T00:00:00+00:00",
          "test_start": "2025-07-04T00:00:00+00:00"
        },
        {
          "fold_id": 4,
          "mean": 9.474479296280936e-05,
          "n": 1,
          "test_end": "2025-08-03T00:00:00+00:00",