{
  "baseline": {
    "bps10": {
      "mean": -0.0009621037680667288,
      "mean_ci_high": -0.0008867140433253841,
      "mean_ci_low": -0.0010352289186094312,
      "n": 9627,
      "p_mean_gt_0": 0.0,
      "std": 0.0036978176671968047,
      "win_rate": 0.3199335203074686
    },
    "bps8": {
      "mean": -0.0007621037680667287,
      "mean_ci_high": -0.0006867140433253839,
      "mean_ci_low": -0.0008352289186094311,
      "n": 9627,
      "p_mean_gt_0": 0.0,
      "std": 0.0036978176671968047,
      "win_rate": 0.35535473148436686
    },
    "gross": {
      "mean": 3.78962319332714e-05,
      "mean_ci_high": 0.00011328595667461618,
      "mean_ci_low": -3.52289186094309e-05,
      "n": 9627,
      "p_mean_gt_0": 0.846,
      "std": 0.0036978176671968047,
      "win_rate": 0.4999480627402098
    }
  },
  "config": {
    "bootstrap_iters": 3000,
    "cost_mode": "all",
    "days": 365,
    "horizon": 8,
    "timeframe": "5m",
    "wf": {
      "step_days": 15,
      "test_days": 15,
      "train_days": 60
    }
  },
  "diagnostics_by_mode": {
    "bps10": {
      "mae_proxy_median": -0.0010964538061952744,
      "median_hold_return": -0.0010000884765019027,
      "return_histogram_bins": [
        "(-inf,-1%)",
        "[-1%,-0.5%)",
        "[-0.5%,-0.2%)",
        "[-0.2%,0%)",
        "[0%,0.2%)",
        "[0.2%,0.5%)",
        "[0.5%,1%)",
        "[1%,inf)"
      ],
      "return_histogram_counts": [
        121,
        647,
        2378,
        3401,
        1900,
        797,
        277,
        106
      ],
      "top10_pct_pnl_contribution": -0.5929755587302153,
      "trades_per_day": 27.723542116630668
    },
    "bps8": {
      "mae_proxy_median": -0.0010964538061952744,
      "median_hold_return": -0.0008000884765019027,
      "return_histogram_bins": [
        "(-inf,-1%)",
        "[-1%,-0.5%)",
        "[-0.5%,-0.2%)",
        "[-0.2%,0%)",
        "[0%,0.2%)",
        "[0.2%,0.5%)",
        "[0.5%,1%)",
        "[1%,inf)"
      ],
      "return_histogram_counts": [
        113,
        594,
        2126,
        3373,
        2125,
        881,
        305,
        110
      ],
      "top10_pct_pnl_contribution": -0.7748423202196851,
      "trades_per_day": 27.723542116630668
    },
    "gross": {
      "mae_proxy_median": -0.0010964538061952744,
      "median_hold_return": -8.847650190269007e-08,
      "return_histogram_bins": [
        "(-inf,-1%)",
        "[-1%,-0.5%)",
        "[-0.5%,-0.2%)",
        "[-0.2%,0%)",
        "[0%,0.2%)",
        "[0.2%,0.5%)",
        "[0.5%,1%)",
        "[1%,inf)"
      ],
      "return_histogram_counts": [
        83,
        433,
        1429,
        2869,
        2920,
        1345,
        407,
        141
      ],
      "top10_pct_pnl_contribution": 17.693980313461843,
      "trades_per_day": 27.723542116630668
    }
  },
  "family": "funding_regime",
  "hypothesis_id": "H238",
  "timestamp_utc": "2026-03-11T19:20:52+00:00",
  "wf_by_mode": {
    "bps10": {
      "aggregate": {
        "mean": -0.0009146721678410486,
        "mean_ci_high": -0.0008353050538439784,
        "mean_ci_low": -0.000992525985383679,
        "n": 8299,
        "p_mean_gt_0": 0.0
      },
      "folds": [
        {
          "fold_id": 1,
          "mean": -0.0010699353116597077,
          "n": 481,
          "test_end": "2025-05-26T00:00:00+00:00",
          "test_start": "2025-05-11T00:00:00+00:00"
        },
        {
          "fold_id": 2,
          "mean": -0.0010257785241335545,
          "n": 466,
          "test_end": "2025-06-10T00:00:00+00:00",
          "test_start": "2025-05-26T00:00:00+00:00"
        },
        {
          "fold_id": 3,
          "mean": -0.0008098703748252579,
          "n": 348,
          "test_end": "2025-06-25T00:00:00+00:00",
          "test_start": "2025-06-10T00:00:00+00:00"
        },
        {
          "fold_id": 4,
          "mean": -0.0010936604524717584,
          "n": 418,
          "test_end": "2025-07-10T00:00:00+00:00",
          "test_start": "2025-06-25T00:00:00+00:00"
        },
        {
          "fold_id": 5,
          "mean": -0.001114078584444757,
          "n": 540,
          "test_end": "2025-07-25T00:00:00+00:00",
          "test_start": "2025-07-10T00:00:00+00:00"
        },
        {
          "fold_id": 6,
          "mean": -0.0009128964496193843,
          "n": 447,
          "test_end": "2025-08-09T00:00:00+00:00",
          "test_start": "2025-07-25T00:00:00+00:00"
        },
        {
          "fold_id": 7,
          "mean": -0.0010203166713401485,
          "n": 489,
          "test_end": "2025-08-24T00:00:00+00:00",
          "test_start": "2025-08-09T00:00:00+00:00"
        },
        {
          "fold_id": 8,
          "mean": -0.0009212523772505571,
          "n": 525,
          "test_end": "2025-09-08T00:00:00+00:00",
          "test_start": "2025-08-24T00:00:00+00:00"
        },
        {
          "fold_id": 9,
          "mean": -0.0010332043231503717,
          "n": 527,
          "test_end": "2025-09-23T00:00:00+00:00",
          "test_start": "2025-09-08T00:00:00+00:00"
        },
        {
          "fold_id": 10,
          "mean": -0.0011007036283592838,
          "n": 472,
          "test_end": "2025-10-08T00:00:00+00:00",
          "test_start": "2025-09-23T00:00:00+00:00"
        },
        {
          "fold_id": 11,
          "mean": -0.0005536110482930482,
          "n": 412,
          "test_end": "2025-10-23T00:00:00+00:00",
          "test_start": "2025-10-08T00:00:00+00:00"
        },
        {
          "fold_id": 12,
          "mean": -0.0009026075983689377,
          "n": 512,
          "test_end": "2025-11-07T00:00:00+00:00",
          "test_start": "2025-10-23T00:00:00+00:00"
        },
        {
          "fold_id": 13,
          "mean": -0.0006849327134599205,
          "n": 528,
          "test_end": "2025-11-22T00:00:00+00:00",
          "test_start": "2025-11-07T00:00:00+00:00"
        },
        {
          "fold_id": 14,
          "mean": -0.0008688435830678006,
          "n": 293,
          "test_end": "2025-12-07T00:00:00+00:00",
          "test_start": "2025-11-22T00:00:00+00:00"
        },
        {
          "fold_id": 15,
          "mean": -0.0007882112605088886,
          "n": 335,
          "test_end": "2025-12-22T00:00:00+00:00",
          "test_start": "2025-12-07T00:00:00+00:00"
        },
        {
          "fold_id": 16,
          "mean": -0.0011434644225114974,
          "n": 493,
          "test_end": "2026-01-06T00:00:00+00:00",
          "test_start": "2025-12-22T00:00:00+00:00"
        },
        {
          "fold_id": 17,
          "mean": -0.0009860368011672311,
          "n": 450,
          "test_end": "2026-01-21T00:00:00+00:00",
          "test_start": "2026-01-06T00:00:00+00:00"
        },
        {
          "fold_id": 18,
          "mean": -0.00028624290418885316,
          "n": 277,
          "test_end": "2026-02-05T00:00:00+00:00",
          "test_start": "2026-01-21T00:00:00+00:00"
        },
        {
          "fold_id": 19,
          "mean": -0.0005094906713868457,
          "n": 286,
          "test_end": "2026-02-20T00:00:00+00:00",
          "test_start": "2026-02-05T00:00:00+00:00"
        }
      ],
      "positive_folds": {
        "count": 0,
        "pct": 0.0,
        "total": 19
      },
      "split": {
        "step_days": 15,
        "test_days": 15,
        "train_days": 60
      }
    },
    "bps8": {
      "aggregate": {
        "mean": -0.0007146721678410483,
        "mean_ci_high": -0.0006353050538439781,
        "mean_ci_low": -0.0007925259853836786,
        "n": 8299,
        "p_mean_gt_0": 0.0
      },
      "folds": [
        {
          "fold_id": 1,
          "mean": -0.0008699353116597074,
          "n": 481,
          "test_end": "2025-05-26T00:00:00+00:00",
          "test_start": "2025-05-11T00:00:00+00:00"
        },
        {
          "fold_id": 2,
          "mean": -0.0008257785241335539,
          "n": 466,