{
  "baseline": {
    "bps10": {
      "mean": 0.0019083620299689948,
      "mean_ci_high": 0.0034407862962176857,
      "mean_ci_low": 0.0005516594438625481,
      "n": 37,
      "p_mean_gt_0": 0.9976666666666667,
      "std": 0.004304398794031926,
      "win_rate": 0.5945945945945946
    },
    "bps8": {
      "mean": 0.002108362029968995,
      "mean_ci_high": 0.003640786296217687,
      "mean_ci_low": 0.0007516594438625485,
      "n": 37,
      "p_mean_gt_0": 0.9996666666666667,
      "std": 0.004304398794031926,
      "win_rate": 0.5945945945945946
    },
    "gross": {
      "mean": 0.002908362029968995,
      "mean_ci_high": 0.004440786296217687,
      "mean_ci_low": 0.0015516594438625482,
      "n": 37,
      "p_mean_gt_0": 1.0,
      "std": 0.004304398794031927,
      "win_rate": 0.7297297297297297
    }
  },
  "config": {
    "bootstrap_iters": 3000,
    "cost_mode": "all",
    "days": 365,
    "horizon": 8,
    "timeframe": "5m",
    "wf": {
      "step_days": 15,
      "test_days": 15,
      "train_days": 60
    }
  },
  "diagnostics_by_mode": {
    "bps10": {
      "mae_proxy_median": -0.0005994340975339352,
      "median_hold_return": 0.0004297915208763001,
      "return_histogram_bins": [
        "(-inf,-1%)",
        "[-1%,-0.5%)",
        "[-0.5%,-0.2%)",
        "[-0.2%,0%)",
        "[0%,0.2%)",
        "[0.2%,0.5%)",
        "[0.5%,1%)",
        "[1%,inf)"
      ],
      "return_histogram_counts": [
        0,
        0,
        3,
        12,
        11,
        2,
        8,
        1
      ],
      "top10_pct_pnl_contribution": 0.5975787740771767,
      "trades_per_day": 0.10821350231537899
    },
    "bps8": {
      "mae_proxy_median": -0.0005994340975339352,
      "median_hold_return": 0.0006297915208763001,
      "return_histogram_bins": [
        "(-inf,-1%)",
        "[-1%,-0.5%)",
        "[-0.5%,-0.2%)",
        "[-0.2%,0%)",
        "[0%,0.2%)",
        "[0.2%,0.5%)",
        "[0.5%,1%)",
        "[1%,inf)"
      ],
      "return_histogram_counts": [
        0,
        0,
        3,
        12,
        11,
        2,
        6,
        3
      ],
      "top10_pct_pnl_contribution": 0.5511474061231384,
      "trades_per_day": 0.10821350231537899
    },
    "gross": {
      "mae_proxy_median": -0.0005994340975339352,
      "median_hold_return": 0.0014297915208763001,
      "return_histogram_bins": [
        "(-inf,-1%)",
        "[-1%,-0.5%)",
        "[-0.5%,-0.2%)",
        "[-0.2%,0%)",
        "[0%,0.2%)",
        "[0.2%,0.5%)",
        "[0.5%,1%)",
        "[1%,inf)"
      ],
      "return_histogram_counts": [
        0,
        0,
        2,
        8,
        12,
        6,
        5,
        4
      ],
      "top10_pct_pnl_contribution": 0.42928106528942767,
      "trades_per_day": 0.10821350231537899
    }
  },
  "family": "oi_liq",
  "hypothesis_id": "H239",
  "timestamp_utc": "2026-03-11T19:21:01+00:00",
  "wf_by_mode": {
    "bps10": {
      "aggregate": {
        "mean": 0.0015913200713545796,
        "mean_ci_high": 0.003186649484849345,
        "mean_ci_low": 0.00010023916836871127,
        "n": 26,
        "p_mean_gt_0": 0.9856666666666667
      },
      "folds": [
        {
          "fold_id": 1,
          "mean": 0.0,
          "n": 0,
          "test_end": "2025-05-27T00:00:00+00:00",
          "test_start": "2025-05-12T00:00:00+00:00"
        },
        {
          "fold_id": 2,
          "mean": -0.0003898666240449795,
          "n": 3,
          "test_end": "2025-06-11T00:00:00+00:00",
          "test_start": "2025-05-27T00:00:00+00:00"
        },
        {
          "fold_id": 3,
          "mean": -0.0015788019318106463,
          "n": 2,
          "test_end": "2025-06-26T00:00:00+00:00",
          "test_start": "2025-06-11T00:00:00+00:00"
        },
        {
          "fold_id": 4,
          "mean": 0.0,
          "n": 0,
          "test_end": "2025-07-11T00:00:00+00:00",
          "test_start": "2025-06-26T00:00:00+00:00"
        },
        {
          "fold_id": 5,
          "mean": 0.0,
          "n": 0,
          "test_end": "2025-07-26T00:00:00+00:00",
          "test_start": "2025-07-11T00:00:00+00:00"
        },
        {
          "fold_id": 6,
          "mean": 0.0009895943814418615,
          "n": 1,
          "test_end": "2025-08-10T00:00:00+00:00",
          "test_start": "2025-07-26T00:00:00+00:00"
        },
        {
          "fold_id": 7,
          "mean": 0.0,
          "n": 0,
          "test_end": "2025-08-25T00:00:00+00:00",
          "test_start": "2025-08-10T00:00:00+00:00"
        },
        {
          "fold_id": 8,
          "mean": -0.0016360422102241192,
          "n": 2,
          "test_end": "2025-09-09T00:00:00+00:00",
          "test_start": "2025-08-25T00:00:00+00:00"
        },
        {
          "fold_id": 9,
          "mean": 0.0,
          "n": 0,
          "test_end": "2025-09-24T00:00:00+00:00",
          "test_start": "2025-09-09T00:00:00+00:00"
        },
        {
          "fold_id": 10,
          "mean": -0.0003880237598744554,
          "n": 2,
          "test_end": "2025-10-09T00:00:00+00:00",
          "test_start": "2025-09-24T00:00:00+00:00"
        },
        {
          "fold_id": 11,
          "mean": 0.005048149186873296,
          "n": 2,
          "test_end": "2025-10-24T00:00:00+00:00",
          "test_start": "2025-10-09T00:00:00+00:00"
        },
        {
          "fold_id": 12,
          "mean": 0.00037469603257328597,
          "n": 4,
          "test_end": "2025-11-08T00:00:00+00:00",
          "test_start": "2025-10-24T00:00:00+00:00"
        },
        {
          "fold_id": 13,
          "mean": 0.0051360333191815925,
          "n": 3,
          "test_end": "2025-11-23T00:00:00+00:00",
          "test_start": "2025-11-08T00:00:00+00:00"
        },
        {
          "fold_id": 14,
          "mean": 0.0098611655207832,
          "n": 1,
          "test_end": "2025-12-08T00:00:00+00:00",
          "test_start": "2025-11-23T00:00:00+00:00"
        },
        {
          "fold_id": 15,
          "mean": 0.0014936602120143591,
          "n": 2,
          "test_end": "2025-12-23T00:00:00+00:00",
          "test_start": "2025-12-08T00:00:00+00:00"
        },
        {
          "fold_id": 16,
          "mean": -0.00017731382195647726,
          "n": 3,
          "test_end": "2026-01-07T00:00:00+00:00",
          "test_start": "2025-12-23T00:00:00+00:00"
        },
        {
          "fold_id": 17,
          "mean": 0.009440336209203593,
          "n": 1,
          "test_end": "2026-01-22T00:00:00+00:00",
          "test_start": "2026-01-07T00:00:00+00:00"
        },
        {
          "fold_id": 18,
          "mean": 0.0,
          "n": 0,
          "test_end": "2026-02-06T00:00:00+00:00",
          "test_start": "2026-01-22T00:00:00+00:00"
        }
      ],
      "positive_folds": {
        "count": 7,
        "pct": 38.888888888888886,
        "total": 18
      },
      "split": {
        "step_days": 15,
        "test_days": 15,
        "train_days": 60
      }
    },
    "bps8": {
      "aggregate": {
        "mean": 0.0017913200713545797,
        "mean_ci_high": 0.0033866494848493463,
        "mean_ci_low": 0.0003002391683687112,
        "n": 26,
        "p_mean_gt_0": 0.9926666666666667
      },
      "folds": [
        {
          "fold_id": 1,
          "mean": 0.0,
          "n": 0,
          "test_end": "2025-05-27T00:00:00+00:00",
          "test_start": "2025-05-12T00:00:00+00:00"
        },
        {
          "fold_id": 2,
          "mean": -0.00018986662404497942,
          "n": 3,
          "test_end": "2025-06-11T00:00:00+00:00",
          "test_start": "2025-05-27T00:00:00+00:00"
        },
        {
          "fold_id": 3,
          "mean": -0.0013788019318106465,
          "n": 2,
          "test_end": "2025-06-26T00:00:00+00:00",
          "test_start": "2025-06-11T00:00:00+00:00"
        },
        {
          "fold_id": 4,
          "mean": 0.0,
          "n": 0,