{
  "baseline": {
    "bps10": {
      "mean": 0.0003883699824527723,
      "mean_ci_high": 0.001104065798441858,
      "mean_ci_low": -0.00038196692027650655,
      "n": 24,
      "p_mean_gt_0": 0.8503333333333334,
      "std": 0.0018703640767784339,
      "win_rate": 0.5833333333333334
    },
    "bps8": {
      "mean": 0.0005883699824527723,
      "mean_ci_high": 0.0013040657984418583,
      "mean_ci_low": -0.00018196692027650654,
      "n": 24,
      "p_mean_gt_0": 0.9323333333333333,
      "std": 0.0018703640767784337,
      "win_rate": 0.625
    },
    "gross": {
      "mean": 0.0013883699824527723,
      "mean_ci_high": 0.0021040657984418582,
      "mean_ci_low": 0.0006180330797234934,
      "n": 24,
      "p_mean_gt_0": 0.9996666666666667,
      "std": 0.0018703640767784339,
      "win_rate": 0.6666666666666666
    }
  },
  "config": {
    "bootstrap_iters": 3000,
    "cost_mode": "all",
    "days": 365,
    "horizon": 6,
    "timeframe": "5m",
    "wf": {
      "step_days": 15,
      "test_days": 15,
      "train_days": 60
    }
  },
  "diagnostics_by_mode": {
    "bps10": {
      "mae_proxy_median": -0.00018381168260067637,
      "median_hold_return": 0.0005740192759511329,
      "return_histogram_bins": [
        "(-inf,-1%)",
        "[-1%,-0.5%)",
        "[-0.5%,-0.2%)",
        "[-0.2%,0%)",
        "[0%,0.2%)",
        "[0.2%,0.5%)",
        "[0.5%,1%)",
        "[1%,inf)"
      ],
      "return_histogram_counts": [
        0,
        0,
        2,
        8,
        9,
        5,
        0,
        0
      ],
      "top10_pct_pnl_contribution": 0.9702381133273374,
      "trades_per_day": 0.10524552721735819
    },
    "bps8": {
      "mae_proxy_median": -0.00018381168260067637,
      "median_hold_return": 0.0007740192759511329,
      "return_histogram_bins": [
        "(-inf,-1%)",
        "[-1%,-0.5%)",
        "[-0.5%,-0.2%)",
        "[-0.2%,0%)",
        "[0%,0.2%)",
        "[0.2%,0.5%)",
        "[0.5%,1%)",
        "[1%,inf)"
      ],
      "return_histogram_counts": [
        0,
        0,
        2,
        7,
        9,
        6,
        0,
        0
      ],
      "top10_pct_pnl_contribution": 0.6829229413997201,
      "trades_per_day": 0.10524552721735819
    },
    "gross": {
      "mae_proxy_median": -0.00018381168260067637,
      "median_hold_return": 0.0015740192759511329,
      "return_histogram_bins": [
        "(-inf,-1%)",
        "[-1%,-0.5%)",
        "[-0.5%,-0.2%)",
        "[-0.2%,0%)",
        "[0%,0.2%)",
        "[0.2%,0.5%)",
        "[0.5%,1%)",
        "[1%,inf)"
      ],
      "return_histogram_counts": [
        0,
        0,
        1,
        7,
        5,
        11,
        0,
        0
      ],
      "top10_pct_pnl_contribution": 0.36143921677233387,
      "trades_per_day": 0.10524552721735819
    }
  },
  "family": "mean_reversion",
  "hypothesis_id": "H23",
  "timestamp_utc": "2026-02-23T06:30:39+00:00",
  "wf_by_mode": {
    "bps10": {
      "aggregate": {
        "mean": 0.00011328177594265991,
        "mean_ci_high": 0.000924134996977556,
        "mean_ci_low": -0.0006541720232365023,
        "n": 11,
        "p_mean_gt_0": 0.6116666666666667
      },
      "folds": [
        {
          "fold_id": 1,
          "mean": -0.0011713851723754156,
          "n": 2,
          "test_end": "2025-08-11T00:00:00+00:00",
          "test_start": "2025-07-27T00:00:00+00:00"
        },
        {
          "fold_id": 2,
          "mean": -0.000551082737834995,
          "n": 2,
          "test_end": "2025-08-26T00:00:00+00:00",
          "test_start": "2025-08-11T00:00:00+00:00"
        },
        {
          "fold_id": 3,
          "mean": 0.0,
          "n": 0,
          "test_end": "2025-09-10T00:00:00+00:00",
          "test_start": "2025-08-26T00:00:00+00:00"
        },
        {
          "fold_id": 4,
          "mean": -7.572978394068588e-05,
          "n": 4,
          "test_end": "2025-09-25T00:00:00+00:00",
          "test_start": "2025-09-10T00:00:00+00:00"
        },
        {
          "fold_id": 5,
          "mean": 0.0024344645407968777,
          "n": 1,
          "test_end": "2025-10-10T00:00:00+00:00",
          "test_start": "2025-09-25T00:00:00+00:00"
        },
        {
          "fold_id": 6,
          "mean": 0.000588588586892925,
          "n": 1,
          "test_end": "2025-10-25T00:00:00+00:00",
          "test_start": "2025-10-10T00:00:00+00:00"
        },
        {
          "fold_id": 7,
          "mean": 0.0,
          "n": 0,
          "test_end": "2025-11-09T00:00:00+00:00",
          "test_start": "2025-10-25T00:00:00+00:00"
        },
        {
          "fold_id": 8,
          "mean": 0.0,
          "n": 0,
          "test_end": "2025-11-24T00:00:00+00:00",
          "test_start": "2025-11-09T00:00:00+00:00"
        },
        {
          "fold_id": 9,
          "mean": 0.001970901363863021,
          "n": 1,
          "test_end": "2025-12-09T00:00:00+00:00",
          "test_start": "2025-11-24T00:00:00+00:00"
        },
        {
          "fold_id": 10,
          "mean": 0.0,
          "n": 0,
          "test_end": "2025-12-24T00:00:00+00:00",
          "test_start": "2025-12-09T00:00:00+00:00"
        },
        {
          "fold_id": 11,
          "mean": 0.0,
          "n": 0,
          "test_end": "2026-01-08T00:00:00+00:00",
          "test_start": "2025-12-24T00:00:00+00:00"
        }
      ],
      "positive_folds": {
        "count": 3,
        "pct": 27.272727272727273,
        "total": 11
      },
      "split": {
        "step_days": 15,
        "test_days": 15,
        "train_days": 60
      }
    },
    "bps8": {
      "aggregate": {
        "mean": 0.00031328177594266,
        "mean_ci_high": 0.001124134996977556,
        "mean_ci_low": -0.00045417202323650227,
        "n": 11,
        "p_mean_gt_0": 0.785
      },
      "folds": [
        {
          "fold_id": 1,
          "mean": -0.0009713851723754155,
          "n": 2,
          "test_end": "2025-08-11T00:00:00+00:00",
          "test_start": "2025-07-27T00:00:00+00:00"
        },
        {
          "fold_id": 2,
          "mean": -0.00035108273783499494,
          "n": 2,
          "test_end": "2025-08-26T00:00:00+00:00",
          "test_start": "2025-08-11T00:00:00+00:00"
        },
        {
          "fold_id": 3,
          "mean": 0.0,
          "n": 0,
          "test_end": "2025-09-10T00:00:00+00:00",
          "test_start": "2025-08-26T00:00:00+00:00"
        },
        {
          "fold_id": 4,
          "mean": 0.00012427021605931419,
          "n": 4,
          "test_end": "2025-09-25T00:00:00+00:00",
          "test_start": "2025-09-10T00:00:00+00:00"
        },
        {
          "fold_id": 5,
          "mean": 0.0026344645407968778,
          "n": 1,
          "test_end": "2025-10-10T00:00:00+00:00",
          "test_start": "2025-09-25T00:00:00+00:00"
        },
        {
          "fold_id": 6,
          "mean": 0.000788588586892925,
          "n": 1,
          "test_end": "2025-10-25T00:00:00+00:00",
          "test_start": "2025-10-10T00:00:00+00:00"
        },
        {
          "fold_id": 7,
          "mean": 0.0,
          "n": 0,
          "test_end": "2025-11-09T00:00:00+00:00",
          "test_start": "2025-10-25T00:00:00+00:00"
        },
        {
          "fold_id": 8,
          "mean": 0.0,
          "n": 0,
          "test_end": "2025-11-24T00:00:00+00:00",
          "test_start": "2025-11-09T00:00:00+00:00"
        },
        {
          "fold_id": 9,
          "mean": 0.002170901363863021,
          "n": 1,
          "test_end": "2025-12-09T00:00:00+00:00",
          "test_start": "2025-11-24T00:00:00+00:00"
        },
        {
          "fold_id": 10,
          "mean": 0.0,
          "n": 0,
          "test_end": "2025-12-24T00:00:00+00:00",
          "test_start": "2025-12-09T00:00:00+00:00"
        },
        {
          "fold_id": 11,
          "mean": 0.0,
          "n": 0,
          "test_end": "2026-01-08T00:00:00+00:00",