{
  "baseline": {
    "bps10": {
      "mean": 0.001768967501050038,
      "mean_ci_high": 0.002308431556512475,
      "mean_ci_low": 0.001260936618504127,
      "n": 783,
      "p_mean_gt_0": 1.0,
      "std": 0.007506119517703171,
      "win_rate": 0.6500638569604087
    },
    "bps8": {
      "mean": 0.0019689675010500386,
      "mean_ci_high": 0.002508431556512476,
      "mean_ci_low": 0.0014609366185041278,
      "n": 783,
      "p_mean_gt_0": 1.0,
      "std": 0.007506119517703171,
      "win_rate": 0.6628352490421456
    },
    "gross": {
      "mean": 0.002768967501050039,
      "mean_ci_high": 0.003308431556512476,
      "mean_ci_low": 0.002260936618504128,
      "n": 783,
      "p_mean_gt_0": 1.0,
      "std": 0.007506119517703171,
      "win_rate": 0.719029374201788
    }
  },
  "config": {
    "bootstrap_iters": 3000,
    "cost_mode": "all",
    "days": 365,
    "horizon": 12,
    "timeframe": "5m",
    "wf": {
      "step_days": 15,
      "test_days": 15,
      "train_days": 60
    }
  },
  "diagnostics_by_mode": {
    "bps10": {
      "mae_proxy_median": -0.0007280890143183116,
      "median_hold_return": 0.0017482800338303192,
      "return_histogram_bins": [
        "(-inf,-1%)",
        "[-1%,-0.5%)",
        "[-0.5%,-0.2%)",
        "[-0.2%,0%)",
        "[0%,0.2%)",
        "[0.2%,0.5%)",
        "[0.5%,1%)",
        "[1%,inf)"
      ],
      "return_histogram_counts": [
        40,
        51,
        80,
        103,
        133,
        171,
        125,
        80
      ],
      "top10_pct_pnl_contribution": 0.8609664746976279,
      "trades_per_day": 2.475889328063241
    },
    "bps8": {
      "mae_proxy_median": -0.0007280890143183116,
      "median_hold_return": 0.0019482800338303193,
      "return_histogram_bins": [
        "(-inf,-1%)",
        "[-1%,-0.5%)",
        "[-0.5%,-0.2%)",
        "[-0.2%,0%)",
        "[0%,0.2%)",
        "[0.2%,0.5%)",
        "[0.5%,1%)",
        "[1%,inf)"
      ],
      "return_histogram_counts": [
        39,
        50,
        69,
        106,
        130,
        176,
        130,
        83
      ],
      "top10_pct_pnl_contribution": 0.7837612920984678,
      "trades_per_day": 2.475889328063241
    },
    "gross": {
      "mae_proxy_median": -0.0007280890143183116,
      "median_hold_return": 0.0027482800338303193,
      "return_histogram_bins": [
        "(-inf,-1%)",
        "[-1%,-0.5%)",
        "[-0.5%,-0.2%)",
        "[-0.2%,0%)",
        "[0%,0.2%)",
        "[0.2%,0.5%)",
        "[0.5%,1%)",
        "[1%,inf)"
      ],
      "return_histogram_counts": [
        37,
        42,
        55,
        86,
        118,
        192,
        160,
        93
      ],
      "top10_pct_pnl_contribution": 0.5864697617663008,
      "trades_per_day": 2.475889328063241
    }
  },
  "family": "oi_liq",
  "hypothesis_id": "H241",
  "timestamp_utc": "2026-03-11T22:30:10+00:00",
  "wf_by_mode": {
    "bps10": {
      "aggregate": {
        "mean": 0.0015299760338665864,
        "mean_ci_high": 0.002152393346600902,
        "mean_ci_low": 0.0009240104525008835,
        "n": 636,
        "p_mean_gt_0": 1.0
      },
      "folds": [
        {
          "fold_id": 1,
          "mean": 0.00034555792066275174,
          "n": 37,
          "test_end": "2025-06-25T00:00:00+00:00",
          "test_start": "2025-06-10T00:00:00+00:00"
        },
        {
          "fold_id": 2,
          "mean": 0.0019539649282779136,
          "n": 27,
          "test_end": "2025-07-10T00:00:00+00:00",
          "test_start": "2025-06-25T00:00:00+00:00"
        },
        {
          "fold_id": 3,
          "mean": 0.003380552396136879,
          "n": 32,
          "test_end": "2025-07-25T00:00:00+00:00",
          "test_start": "2025-07-10T00:00:00+00:00"
        },
        {
          "fold_id": 4,
          "mean": 0.0010189370729742693,
          "n": 30,
          "test_end": "2025-08-09T00:00:00+00:00",
          "test_start": "2025-07-25T00:00:00+00:00"
        },
        {
          "fold_id": 5,
          "mean": 0.0017926774803275088,
          "n": 36,
          "test_end": "2025-08-24T00:00:00+00:00",
          "test_start": "2025-08-09T00:00:00+00:00"
        },
        {
          "fold_id": 6,
          "mean": 0.0011841675441637254,
          "n": 37,
          "test_end": "2025-09-08T00:00:00+00:00",
          "test_start": "2025-08-24T00:00:00+00:00"
        },
        {
          "fold_id": 7,
          "mean": 0.0017402211192613188,
          "n": 26,
          "test_end": "2025-09-23T00:00:00+00:00",
          "test_start": "2025-09-08T00:00:00+00:00"
        },
        {
          "fold_id": 8,
          "mean": 0.0015445091532228887,
          "n": 57,
          "test_end": "2025-10-08T00:00:00+00:00",
          "test_start": "2025-09-23T00:00:00+00:00"
        },
        {
          "fold_id": 9,
          "mean": 0.002785294207480921,
          "n": 36,
          "test_end": "2025-10-23T00:00:00+00:00",
          "test_start": "2025-10-08T00:00:00+00:00"
        },
        {
          "fold_id": 10,
          "mean": 0.002073821901719665,
          "n": 33,
          "test_end": "2025-11-07T00:00:00+00:00",
          "test_start": "2025-10-23T00:00:00+00:00"
        },
        {
          "fold_id": 11,
          "mean": 0.0015497681246612028,
          "n": 44,
          "test_end": "2025-11-22T00:00:00+00:00",
          "test_start": "2025-11-07T00:00:00+00:00"
        },
        {
          "fold_id": 12,
          "mean": 0.001697193267540768,
          "n": 49,
          "test_end": "2025-12-07T00:00:00+00:00",
          "test_start": "2025-11-22T00:00:00+00:00"
        },
        {
          "fold_id": 13,
          "mean": 0.0014776747852610092,
          "n": 27,
          "test_end": "2025-12-22T00:00:00+00:00",
          "test_start": "2025-12-07T00:00:00+00:00"
        },
        {
          "fold_id": 14,
          "mean": 0.0016063400783608464,
          "n": 33,
          "test_end": "2026-01-06T00:00:00+00:00",
          "test_start": "2025-12-22T00:00:00+00:00"
        },
        {
          "fold_id": 15,
          "mean": 0.0010517933874366683,
          "n": 34,
          "test_end": "2026-01-21T00:00:00+00:00",
          "test_start": "2026-01-06T00:00:00+00:00"
        },
        {
          "fold_id": 16,
          "mean": 4.212212028791833e-06,
          "n": 46,
          "test_end": "2026-02-05T00:00:00+00:00",
          "test_start": "2026-01-21T00:00:00+00:00"
        },
        {
          "fold_id": 17,
          "mean": 0.0015042837067382549,
          "n": 52,
          "test_end": "2026-02-20T00:00:00+00:00",
          "test_start": "2026-02-05T00:00:00+00:00"
        }
      ],
      "positive_folds": {
        "count": 17,
        "pct": 100.0,
        "total": 17
      },
      "split": {
        "step_days": 15,
        "test_days": 15,
        "train_days": 60
      }
    },
    "bps8": {
      "aggregate": {
        "mean": 0.0017299760338665869,
        "mean_ci_high": 0.002352393346600903,
        "mean_ci_low": 0.0011240104525008841,
        "n": 636,
        "p_mean_gt_0": 1.0
      },
      "folds": [
        {
          "fold_id": 1,
          "mean": 0.0005455579206627519,
          "n": 37,
          "test_end": "2025-06-25T00:00:00+00:00",
          "test_start": "2025-06-10T00:00:00+00:00"
        },
        {
          "fold_id": 2,
          "mean": 0.0021539649282779133,
          "n": 27,
          "test_end": "2025-07-10T00:00:00+00:00",
          "test_start": "2025-06-25T00:00:00+00:00"
        },
        {
          "fold_id": 3,
          "mean": 0.0035805523961368792,
          "n": 32,
          "test_end": "2025-07-25T00:00:00+00:00",
          "test_start": "2025-07-10T00:00:00+00:00"
        },
        {
          "fold_id": 4,
          "mean": 0.0012189370729742694,
          "n": 30,
          "test_end": "2025-08-09T00:00:00+00:00",