{
  "baseline": {
    "bps10": {
      "mean": 0.0006389362220902712,
      "mean_ci_high": 0.0010859136877027704,
      "mean_ci_low": 0.00021302617701889233,
      "n": 282,
      "p_mean_gt_0": 0.9983333333333333,
      "std": 0.00374825592027896,
      "win_rate": 0.48226950354609927
    },
    "bps8": {
      "mean": 0.0008389362220902715,
      "mean_ci_high": 0.0012859136877027705,
      "mean_ci_low": 0.0004130261770188924,
      "n": 282,
      "p_mean_gt_0": 1.0,
      "std": 0.00374825592027896,
      "win_rate": 0.524822695035461
    },
    "gross": {
      "mean": 0.0016389362220902714,
      "mean_ci_high": 0.0020859136877027706,
      "mean_ci_low": 0.0012130261770188925,
      "n": 282,
      "p_mean_gt_0": 1.0,
      "std": 0.00374825592027896,
      "win_rate": 0.6702127659574468
    }
  },
  "config": {
    "bootstrap_iters": 3000,
    "cost_mode": "all",
    "days": 365,
    "horizon": 8,
    "timeframe": "5m",
    "wf": {
      "step_days": 15,
      "test_days": 15,
      "train_days": 60
    }
  },
  "diagnostics_by_mode": {
    "bps10": {
      "mae_proxy_median": -0.0006673078872041494,
      "median_hold_return": -6.461367412480181e-05,
      "return_histogram_bins": [
        "(-inf,-1%)",
        "[-1%,-0.5%)",
        "[-0.5%,-0.2%)",
        "[-0.2%,0%)",
        "[0%,0.2%)",
        "[0.2%,0.5%)",
        "[0.5%,1%)",
        "[1%,inf)"
      ],
      "return_histogram_counts": [
        2,
        5,
        42,
        97,
        61,
        47,
        21,
        7
      ],
      "top10_pct_pnl_contribution": 1.41821356469197,
      "trades_per_day": 0.8654731457800512
    },
    "bps8": {
      "mae_proxy_median": -0.0006673078872041494,
      "median_hold_return": 0.00013538632587519817,
      "return_histogram_bins": [
        "(-inf,-1%)",
        "[-1%,-0.5%)",
        "[-0.5%,-0.2%)",
        "[-0.2%,0%)",
        "[0%,0.2%)",
        "[0.2%,0.5%)",
        "[0.5%,1%)",
        "[1%,inf)"
      ],
      "return_histogram_counts": [
        2,
        4,
        35,
        93,
        69,
        49,
        22,
        8
      ],
      "top10_pct_pnl_contribution": 1.104631518614143,
      "trades_per_day": 0.8654731457800512
    },
    "gross": {
      "mae_proxy_median": -0.0006673078872041494,
      "median_hold_return": 0.0009353863258751982,
      "return_histogram_bins": [
        "(-inf,-1%)",
        "[-1%,-0.5%)",
        "[-0.5%,-0.2%)",
        "[-0.2%,0%)",
        "[0%,0.2%)",
        "[0.2%,0.5%)",
        "[0.5%,1%)",
        "[1%,inf)"
      ],
      "return_histogram_counts": [
        2,
        2,
        23,
        66,
        93,
        59,
        26,
        11
      ],
      "top10_pct_pnl_contribution": 0.6156340210037251,
      "trades_per_day": 0.8654731457800512
    }
  },
  "family": "cross_asset_regime",
  "hypothesis_id": "H242",
  "timestamp_utc": "2026-03-11T23:08:43+00:00",
  "wf_by_mode": {
    "bps10": {
      "aggregate": {
        "mean": 0.0005734264259882762,
        "mean_ci_high": 0.0010488198839000255,
        "mean_ci_low": 0.00011738365376983549,
        "n": 212,
        "p_mean_gt_0": 0.993
      },
      "folds": [
        {
          "fold_id": 1,
          "mean": 3.075212039403089e-05,
          "n": 16,
          "test_end": "2025-06-16T00:00:00+00:00",
          "test_start": "2025-06-01T00:00:00+00:00"
        },
        {
          "fold_id": 2,
          "mean": 0.0012445656753347972,
          "n": 15,
          "test_end": "2025-07-01T00:00:00+00:00",
          "test_start": "2025-06-16T00:00:00+00:00"
        },
        {
          "fold_id": 3,
          "mean": -0.0006187049638071698,
          "n": 12,
          "test_end": "2025-07-16T00:00:00+00:00",
          "test_start": "2025-07-01T00:00:00+00:00"
        },
        {
          "fold_id": 4,
          "mean": 0.0012588782611568713,
          "n": 10,
          "test_end": "2025-07-31T00:00:00+00:00",
          "test_start": "2025-07-16T00:00:00+00:00"
        },
        {
          "fold_id": 5,
          "mean": 0.0014821100845462882,
          "n": 7,
          "test_end": "2025-08-15T00:00:00+00:00",
          "test_start": "2025-07-31T00:00:00+00:00"
        },
        {
          "fold_id": 6,
          "mean": -0.000515258977275542,
          "n": 8,
          "test_end": "2025-08-30T00:00:00+00:00",
          "test_start": "2025-08-15T00:00:00+00:00"
        },
        {
          "fold_id": 7,
          "mean": 0.00032302691108367635,
          "n": 12,
          "test_end": "2025-09-14T00:00:00+00:00",
          "test_start": "2025-08-30T00:00:00+00:00"
        },
        {
          "fold_id": 8,
          "mean": -4.104528065971193e-05,
          "n": 15,
          "test_end": "2025-09-29T00:00:00+00:00",
          "test_start": "2025-09-14T00:00:00+00:00"
        },
        {
          "fold_id": 9,
          "mean": 0.0008459908966297221,
          "n": 9,
          "test_end": "2025-10-14T00:00:00+00:00",
          "test_start": "2025-09-29T00:00:00+00:00"
        },
        {
          "fold_id": 10,
          "mean": 0.0019288857198997914,
          "n": 16,
          "test_end": "2025-10-29T00:00:00+00:00",
          "test_start": "2025-10-14T00:00:00+00:00"
        },
        {
          "fold_id": 11,
          "mean": 0.0006825392725488423,
          "n": 13,
          "test_end": "2025-11-13T00:00:00+00:00",
          "test_start": "2025-10-29T00:00:00+00:00"
        },
        {
          "fold_id": 12,
          "mean": -0.0017258156679875987,
          "n": 13,
          "test_end": "2025-11-28T00:00:00+00:00",
          "test_start": "2025-11-13T00:00:00+00:00"
        },
        {
          "fold_id": 13,
          "mean": 0.0026446474964542366,
          "n": 18,
          "test_end": "2025-12-13T00:00:00+00:00",
          "test_start": "2025-11-28T00:00:00+00:00"
        },
        {
          "fold_id": 14,
          "mean": 0.0016518314015305875,
          "n": 14,
          "test_end": "2025-12-28T00:00:00+00:00",
          "test_start": "2025-12-13T00:00:00+00:00"
        },
        {
          "fold_id": 15,
          "mean": 0.0007317371763875931,
          "n": 15,
          "test_end": "2026-01-12T00:00:00+00:00",
          "test_start": "2025-12-28T00:00:00+00:00"
        },
        {
          "fold_id": 16,
          "mean": -0.0004524022140222508,
          "n": 10,
          "test_end": "2026-01-27T00:00:00+00:00",
          "test_start": "2026-01-12T00:00:00+00:00"
        },
        {
          "fold_id": 17,
          "mean": -0.0015962898666643174,
          "n": 9,
          "test_end": "2026-02-11T00:00:00+00:00",
          "test_start": "2026-01-27T00:00:00+00:00"
        }
      ],
      "positive_folds": {
        "count": 11,
        "pct": 64.70588235294117,
        "total": 17
      },
      "split": {
        "step_days": 15,
        "test_days": 15,
        "train_days": 60
      }
    },
    "bps8": {
      "aggregate": {
        "mean": 0.0007734264259882767,
        "mean_ci_high": 0.0012488198839000258,
        "mean_ci_low": 0.0003173836537698356,
        "n": 212,
        "p_mean_gt_0": 0.9996666666666667
      },
      "folds": [
        {
          "fold_id": 1,
          "mean": 0.00023075212039403087,
          "n": 16,
          "test_end": "2025-06-16T00:00:00+00:00",
          "test_start": "2025-06-01T00:00:00+00:00"
        },
        {
          "fold_id": 2,
          "mean": 0.001444565675334798,
          "n": 15,
          "test_end": "2025-07-01T00:00:00+00:00",
          "test_start": "2025-06-16T00:00:00+00:00"
        },
        {
          "fold_id": 3,
          "mean": -0.0004187049638071697,
          "n": 12,
          "test_end": "2025-07-16T00:00:00+00:00",
          "test_start": "2025-07-01T00:00:00+00:00"
        },
        {
          "fold_id": 4,
          "mean": 0.0014588782611568711,
          "n": 10,
          "test_end": "2025-07-31T00:00:00+00:00",