{
  "baseline": {
    "bps10": {
      "mean": 0.000776939972875721,
      "mean_ci_high": 0.001015259383484615,
      "mean_ci_low": 0.0005360708848537151,
      "n": 2012,
      "p_mean_gt_0": 1.0,
      "std": 0.0055582924666676995,
      "win_rate": 0.5467196819085487
    },
    "bps8": {
      "mean": 0.0009769399728757214,
      "mean_ci_high": 0.0012152593834846154,
      "mean_ci_low": 0.0007360708848537155,
      "n": 2012,
      "p_mean_gt_0": 1.0,
      "std": 0.0055582924666676995,
      "win_rate": 0.56610337972167
    },
    "gross": {
      "mean": 0.0017769399728757213,
      "mean_ci_high": 0.0020152593834846157,
      "mean_ci_low": 0.0015360708848537155,
      "n": 2012,
      "p_mean_gt_0": 1.0,
      "std": 0.0055582924666676995,
      "win_rate": 0.639662027833002
    }
  },
  "config": {
    "bootstrap_iters": 3000,
    "cost_mode": "all",
    "days": 365,
    "horizon": 8,
    "timeframe": "5m",
    "wf": {
      "step_days": 15,
      "test_days": 15,
      "train_days": 60
    }
  },
  "diagnostics_by_mode": {
    "bps10": {
      "mae_proxy_median": -0.0009293214758010482,
      "median_hold_return": 0.0004715286898920876,
      "return_histogram_bins": [
        "(-inf,-1%)",
        "[-1%,-0.5%)",
        "[-0.5%,-0.2%)",
        "[-0.2%,0%)",
        "[0%,0.2%)",
        "[0.2%,0.5%)",
        "[0.5%,1%)",
        "[1%,inf)"
      ],
      "return_histogram_counts": [
        33,
        146,
        354,
        379,
        400,
        405,
        210,
        85
      ],
      "top10_pct_pnl_contribution": 1.4659526074898044,
      "trades_per_day": 6.336453503630478
    },
    "bps8": {
      "mae_proxy_median": -0.0009293214758010482,
      "median_hold_return": 0.0006715286898920876,
      "return_histogram_bins": [
        "(-inf,-1%)",
        "[-1%,-0.5%)",
        "[-0.5%,-0.2%)",
        "[-0.2%,0%)",
        "[0%,0.2%)",
        "[0.2%,0.5%)",
        "[0.5%,1%)",
        "[1%,inf)"
      ],
      "return_histogram_counts": [
        30,
        137,
        329,
        377,
        404,
        425,
        221,
        89
      ],
      "top10_pct_pnl_contribution": 1.1863950029102637,
      "trades_per_day": 6.336453503630478
    },
    "gross": {
      "mae_proxy_median": -0.0009293214758010482,
      "median_hold_return": 0.0014715286898920876,
      "return_histogram_bins": [
        "(-inf,-1%)",
        "[-1%,-0.5%)",
        "[-0.5%,-0.2%)",
        "[-0.2%,0%)",
        "[0%,0.2%)",
        "[0.2%,0.5%)",
        "[0.5%,1%)",
        "[1%,inf)"
      ],
      "return_histogram_counts": [
        22,
        104,
        238,
        361,
        395,
        496,
        289,
        107
      ],
      "top10_pct_pnl_contribution": 0.6974657626777451,
      "trades_per_day": 6.336453503630478
    }
  },
  "family": "oi_liq",
  "hypothesis_id": "H243",
  "timestamp_utc": "2026-03-11T23:09:48+00:00",
  "wf_by_mode": {
    "bps10": {
      "aggregate": {
        "mean": 0.0007845326214595529,
        "mean_ci_high": 0.001059482724117697,
        "mean_ci_low": 0.0005025692035460233,
        "n": 1712,
        "p_mean_gt_0": 1.0
      },
      "folds": [
        {
          "fold_id": 1,
          "mean": 0.0008244929113781638,
          "n": 90,
          "test_end": "2025-06-25T00:00:00+00:00",
          "test_start": "2025-06-10T00:00:00+00:00"
        },
        {
          "fold_id": 2,
          "mean": 7.935112586622408e-05,
          "n": 58,
          "test_end": "2025-07-10T00:00:00+00:00",
          "test_start": "2025-06-25T00:00:00+00:00"
        },
        {
          "fold_id": 3,
          "mean": -0.00014787374222744476,
          "n": 114,
          "test_end": "2025-07-25T00:00:00+00:00",
          "test_start": "2025-07-10T00:00:00+00:00"
        },
        {
          "fold_id": 4,
          "mean": 0.0002106356460381667,
          "n": 90,
          "test_end": "2025-08-09T00:00:00+00:00",
          "test_start": "2025-07-25T00:00:00+00:00"
        },
        {
          "fold_id": 5,
          "mean": 0.0004246795775818103,
          "n": 114,
          "test_end": "2025-08-24T00:00:00+00:00",
          "test_start": "2025-08-09T00:00:00+00:00"
        },
        {
          "fold_id": 6,
          "mean": 0.0006299284522276032,
          "n": 105,
          "test_end": "2025-09-08T00:00:00+00:00",
          "test_start": "2025-08-24T00:00:00+00:00"
        },
        {
          "fold_id": 7,
          "mean": -0.00040795014651657727,
          "n": 75,
          "test_end": "2025-09-23T00:00:00+00:00",
          "test_start": "2025-09-08T00:00:00+00:00"
        },
        {
          "fold_id": 8,
          "mean": 7.305390555982435e-05,
          "n": 102,
          "test_end": "2025-10-08T00:00:00+00:00",
          "test_start": "2025-09-23T00:00:00+00:00"
        },
        {
          "fold_id": 9,
          "mean": 0.000635442607996097,
          "n": 160,
          "test_end": "2025-10-23T00:00:00+00:00",
          "test_start": "2025-10-08T00:00:00+00:00"
        },
        {
          "fold_id": 10,
          "mean": 0.0009955048485348998,
          "n": 97,
          "test_end": "2025-11-07T00:00:00+00:00",
          "test_start": "2025-10-23T00:00:00+00:00"
        },
        {
          "fold_id": 11,
          "mean": 0.0015737466743310224,
          "n": 149,
          "test_end": "2025-11-22T00:00:00+00:00",
          "test_start": "2025-11-07T00:00:00+00:00"
        },
        {
          "fold_id": 12,
          "mean": 0.0017440407222045747,
          "n": 59,
          "test_end": "2025-12-07T00:00:00+00:00",
          "test_start": "2025-11-22T00:00:00+00:00"
        },
        {
          "fold_id": 13,
          "mean": 0.0019242389861788924,
          "n": 64,
          "test_end": "2025-12-22T00:00:00+00:00",
          "test_start": "2025-12-07T00:00:00+00:00"
        },
        {
          "fold_id": 14,
          "mean": 0.0004148397929163647,
          "n": 66,
          "test_end": "2026-01-06T00:00:00+00:00",
          "test_start": "2025-12-22T00:00:00+00:00"
        },
        {
          "fold_id": 15,
          "mean": 0.0005165357291677374,
          "n": 102,
          "test_end": "2026-01-21T00:00:00+00:00",
          "test_start": "2026-01-06T00:00:00+00:00"
        },
        {
          "fold_id": 16,
          "mean": 0.0013676376408814236,
          "n": 157,
          "test_end": "2026-02-05T00:00:00+00:00",
          "test_start": "2026-01-21T00:00:00+00:00"
        },
        {
          "fold_id": 17,
          "mean": 0.0019749491114937645,
          "n": 110,
          "test_end": "2026-02-20T00:00:00+00:00",
          "test_start": "2026-02-05T00:00:00+00:00"
        }
      ],
      "positive_folds": {
        "count": 15,
        "pct": 88.23529411764706,
        "total": 17
      },
      "split": {
        "step_days": 15,
        "test_days": 15,
        "train_days": 60
      }
    },
    "bps8": {
      "aggregate": {
        "mean": 0.000984532621459553,
        "mean_ci_high": 0.0012594827241176974,
        "mean_ci_low": 0.0007025692035460237,
        "n": 1712,
        "p_mean_gt_0": 1.0
      },
      "folds": [
        {
          "fold_id": 1,
          "mean": 0.0010244929113781642,
          "n": 90,
          "test_end": "2025-06-25T00:00:00+00:00",
          "test_start": "2025-06-10T00:00:00+00:00"
        },
        {
          "fold_id": 2,
          "mean": 0.0002793511258662239,
          "n": 58,
          "test_end": "2025-07-10T00:00:00+00:00",
          "test_start": "2025-06-25T00:00:00+00:00"
        },
        {
          "fold_id": 3,
          "mean": 5.2126257772555575e-05,
          "n": 114,
          "test_end": "2025-07-25T00:00:00+00:00",
          "test_start": "2025-07-10T00:00:00+00:00"
        },
        {
          "fold_id": 4,
          "mean": 0.00041063564603816655,
          "n": 90,
          "test_end": "2025-08-09T00:00:00+00:00",