{
  "baseline": {
    "bps10": {
      "mean": -0.0009556313532664969,
      "mean_ci_high": -0.0008159182410793333,
      "mean_ci_low": -0.0011002529210153464,
      "n": 3131,
      "p_mean_gt_0": 0.0,
      "std": 0.0040973040031573454,
      "win_rate": 0.36122644522516767
    },
    "bps8": {
      "mean": -0.0007556313532664966,
      "mean_ci_high": -0.0006159182410793328,
      "mean_ci_low": -0.000900252921015346,
      "n": 3131,
      "p_mean_gt_0": 0.0,
      "std": 0.0040973040031573454,
      "win_rate": 0.3893324816352603
    },
    "gross": {
      "mean": 4.436864673350349e-05,
      "mean_ci_high": 0.0001840817589206671,
      "mean_ci_low": -0.00010025292101534591,
      "n": 3131,
      "p_mean_gt_0": 0.7326666666666667,
      "std": 0.0040973040031573454,
      "win_rate": 0.5167678058128393
    }
  },
  "config": {
    "bootstrap_iters": 3000,
    "cost_mode": "all",
    "days": 365,
    "horizon": 8,
    "timeframe": "5m",
    "wf": {
      "step_days": 15,
      "test_days": 15,
      "train_days": 60
    }
  },
  "diagnostics_by_mode": {
    "bps10": {
      "mae_proxy_median": -0.00115917299961521,
      "median_hold_return": -0.0009000287992350078,
      "return_histogram_bins": [
        "(-inf,-1%)",
        "[-1%,-0.5%)",
        "[-0.5%,-0.2%)",
        "[-0.2%,0%)",
        "[0%,0.2%)",
        "[0.2%,0.5%)",
        "[0.5%,1%)",
        "[1%,inf)"
      ],
      "return_histogram_counts": [
        64,
        247,
        696,
        993,
        660,
        322,
        115,
        34
      ],
      "top10_pct_pnl_contribution": -0.6236578751562222,
      "trades_per_day": 9.01475586835686
    },
    "bps8": {
      "mae_proxy_median": -0.00115917299961521,
      "median_hold_return": -0.0007000287992350078,
      "return_histogram_bins": [
        "(-inf,-1%)",
        "[-1%,-0.5%)",
        "[-0.5%,-0.2%)",
        "[-0.2%,0%)",
        "[0%,0.2%)",
        "[0.2%,0.5%)",
        "[0.5%,1%)",
        "[1%,inf)"
      ],
      "return_histogram_counts": [
        60,
        222,
        648,
        982,
        708,
        350,
        126,
        35
      ],
      "top10_pct_pnl_contribution": -0.8152712379756313,
      "trades_per_day": 9.01475586835686
    },
    "gross": {
      "mae_proxy_median": -0.00115917299961521,
      "median_hold_return": 9.997120076499222e-05,
      "return_histogram_bins": [
        "(-inf,-1%)",
        "[-1%,-0.5%)",
        "[-0.5%,-0.2%)",
        "[-0.2%,0%)",
        "[0%,0.2%)",
        "[0.2%,0.5%)",
        "[0.5%,1%)",
        "[1%,inf)"
      ],
      "return_histogram_counts": [
        50,
        166,
        451,
        844,
        877,
        529,
        172,
        42
      ],
      "top10_pct_pnl_contribution": 15.692939013727662,
      "trades_per_day": 9.01475586835686
    }
  },
  "family": "oi_liq",
  "hypothesis_id": "H244",
  "timestamp_utc": "2026-03-11T23:08:27+00:00",
  "wf_by_mode": {
    "bps10": {
      "aggregate": {
        "mean": -0.0010643014632025505,
        "mean_ci_high": -0.0009138739634854717,
        "mean_ci_low": -0.0012268691156110238,
        "n": 2568,
        "p_mean_gt_0": 0.0
      },
      "folds": [
        {
          "fold_id": 1,
          "mean": -0.000363592064432084,
          "n": 136,
          "test_end": "2025-05-26T00:00:00+00:00",
          "test_start": "2025-05-11T00:00:00+00:00"
        },
        {
          "fold_id": 2,
          "mean": -0.0008306103919959261,
          "n": 133,
          "test_end": "2025-06-10T00:00:00+00:00",
          "test_start": "2025-05-26T00:00:00+00:00"
        },
        {
          "fold_id": 3,
          "mean": -0.0012047695726418344,
          "n": 132,
          "test_end": "2025-06-25T00:00:00+00:00",
          "test_start": "2025-06-10T00:00:00+00:00"
        },
        {
          "fold_id": 4,
          "mean": -0.0006546136626743805,
          "n": 144,
          "test_end": "2025-07-10T00:00:00+00:00",
          "test_start": "2025-06-25T00:00:00+00:00"
        },
        {
          "fold_id": 5,
          "mean": -0.00073721149461763,
          "n": 134,
          "test_end": "2025-07-25T00:00:00+00:00",
          "test_start": "2025-07-10T00:00:00+00:00"
        },
        {
          "fold_id": 6,
          "mean": -0.00122506434749162,
          "n": 131,
          "test_end": "2025-08-09T00:00:00+00:00",
          "test_start": "2025-07-25T00:00:00+00:00"
        },
        {
          "fold_id": 7,
          "mean": -0.0008049289402430553,
          "n": 128,
          "test_end": "2025-08-24T00:00:00+00:00",
          "test_start": "2025-08-09T00:00:00+00:00"
        },
        {
          "fold_id": 8,
          "mean": -0.0008234339997168989,
          "n": 150,
          "test_end": "2025-09-08T00:00:00+00:00",
          "test_start": "2025-08-24T00:00:00+00:00"
        },
        {
          "fold_id": 9,
          "mean": -0.0008006650831091461,
          "n": 133,
          "test_end": "2025-09-23T00:00:00+00:00",
          "test_start": "2025-09-08T00:00:00+00:00"
        },
        {
          "fold_id": 10,
          "mean": -0.0006477566866880864,
          "n": 132,
          "test_end": "2025-10-08T00:00:00+00:00",
          "test_start": "2025-09-23T00:00:00+00:00"
        },
        {
          "fold_id": 11,
          "mean": -0.0014858309900143724,
          "n": 145,
          "test_end": "2025-10-23T00:00:00+00:00",
          "test_start": "2025-10-08T00:00:00+00:00"
        },
        {
          "fold_id": 12,
          "mean": -0.0014069824824630942,
          "n": 132,
          "test_end": "2025-11-07T00:00:00+00:00",
          "test_start": "2025-10-23T00:00:00+00:00"
        },
        {
          "fold_id": 13,
          "mean": -0.00231204722458186,
          "n": 129,
          "test_end": "2025-11-22T00:00:00+00:00",
          "test_start": "2025-11-07T00:00:00+00:00"
        },
        {
          "fold_id": 14,
          "mean": -0.0014651146184726967,
          "n": 127,
          "test_end": "2025-12-07T00:00:00+00:00",
          "test_start": "2025-11-22T00:00:00+00:00"
        },
        {
          "fold_id": 15,
          "mean": -0.0010558100915089184,
          "n": 135,
          "test_end": "2025-12-22T00:00:00+00:00",
          "test_start": "2025-12-07T00:00:00+00:00"
        },
        {
          "fold_id": 16,
          "mean": -0.0005573832151257018,
          "n": 131,
          "test_end": "2026-01-06T00:00:00+00:00",
          "test_start": "2025-12-22T00:00:00+00:00"
        },
        {
          "fold_id": 17,
          "mean": -0.0011752487830809883,
          "n": 137,
          "test_end": "2026-01-21T00:00:00+00:00",
          "test_start": "2026-01-06T00:00:00+00:00"
        },
        {
          "fold_id": 18,
          "mean": -0.0018671062278028444,
          "n": 144,
          "test_end": "2026-02-05T00:00:00+00:00",
          "test_start": "2026-01-21T00:00:00+00:00"
        },
        {
          "fold_id": 19,
          "mean": -0.0008236267956426646,
          "n": 135,
          "test_end": "2026-02-20T00:00:00+00:00",
          "test_start": "2026-02-05T00:00:00+00:00"
        }
      ],
      "positive_folds": {
        "count": 0,
        "pct": 0.0,
        "total": 19
      },
      "split": {
        "step_days": 15,
        "test_days": 15,
        "train_days": 60
      }
    },
    "bps8": {
      "aggregate": {
        "mean": -0.0008643014632025503,
        "mean_ci_high": -0.0007138739634854716,
        "mean_ci_low": -0.0010268691156110237,
        "n": 2568,
        "p_mean_gt_0": 0.0
      },
      "folds": [
        {
          "fold_id": 1,
          "mean": -0.00016359206443208375,
          "n": 136,
          "test_end": "2025-05-26T00:00:00+00:00",
          "test_start": "2025-05-11T00:00:00+00:00"
        },
        {
          "fold_id": 2,
          "mean": -0.000630610391995926,
          "n": 133,
          "test_end": "2025-06-10T00:00:00+00:00",