{
  "baseline": {
    "bps10": {
      "mean": -0.0011583495539129246,
      "mean_ci_high": -0.0009620008998749587,
      "mean_ci_low": -0.0013614302424943636,
      "n": 2093,
      "p_mean_gt_0": 0.0,
      "std": 0.0047230015051905475,
      "win_rate": 0.3569039655996178
    },
    "bps8": {
      "mean": -0.0009583495539129243,
      "mean_ci_high": -0.0007620008998749583,
      "mean_ci_low": -0.0011614302424943633,
      "n": 2093,
      "p_mean_gt_0": 0.0,
      "std": 0.0047230015051905475,
      "win_rate": 0.3860487338748208
    },
    "gross": {
      "mean": -0.0001583495539129242,
      "mean_ci_high": 3.799910012504172e-05,
      "mean_ci_low": -0.00036143024249436334,
      "n": 2093,
      "p_mean_gt_0": 0.05533333333333333,
      "std": 0.0047230015051905475,
      "win_rate": 0.5002388915432394
    }
  },
  "config": {
    "bootstrap_iters": 3000,
    "cost_mode": "all",
    "days": 365,
    "horizon": 8,
    "timeframe": "5m",
    "wf": {
      "step_days": 15,
      "test_days": 15,
      "train_days": 60
    }
  },
  "diagnostics_by_mode": {
    "bps10": {
      "mae_proxy_median": -0.0013096667317860078,
      "median_hold_return": -0.0009953186280090556,
      "return_histogram_bins": [
        "(-inf,-1%)",
        "[-1%,-0.5%)",
        "[-0.5%,-0.2%)",
        "[-0.2%,0%)",
        "[0%,0.2%)",
        "[0.2%,0.5%)",
        "[0.5%,1%)",
        "[1%,inf)"
      ],
      "return_histogram_counts": [
        61,
        167,
        504,
        614,
        439,
        216,
        65,
        27
      ],
      "top10_pct_pnl_contribution": -0.5272039499670453,
      "trades_per_day": 6.0191723917558715
    },
    "bps8": {
      "mae_proxy_median": -0.0013096667317860078,
      "median_hold_return": -0.0007953186280090556,
      "return_histogram_bins": [
        "(-inf,-1%)",
        "[-1%,-0.5%)",
        "[-0.5%,-0.2%)",
        "[-0.2%,0%)",
        "[0%,0.2%)",
        "[0.2%,0.5%)",
        "[0.5%,1%)",
        "[1%,inf)"
      ],
      "return_histogram_counts": [
        59,
        153,
        455,
        618,
        469,
        242,
        70,
        27
      ],
      "top10_pct_pnl_contribution": -0.6581662685835361,
      "trades_per_day": 6.0191723917558715
    },
    "gross": {
      "mae_proxy_median": -0.0013096667317860078,
      "median_hold_return": 4.681371990944427e-06,
      "return_histogram_bins": [
        "(-inf,-1%)",
        "[-1%,-0.5%)",
        "[-0.5%,-0.2%)",
        "[-0.2%,0%)",
        "[0%,0.2%)",
        "[0.2%,0.5%)",
        "[0.5%,1%)",
        "[1%,inf)"
      ],
      "return_histogram_counts": [
        49,
        117,
        318,
        562,
        548,
        360,
        109,
        30
      ],
      "top10_pct_pnl_contribution": -4.490198367195791,
      "trades_per_day": 6.0191723917558715
    }
  },
  "family": "cross_asset_divergence",
  "hypothesis_id": "H245",
  "timestamp_utc": "2026-03-11T23:08:35+00:00",
  "wf_by_mode": {
    "bps10": {
      "aggregate": {
        "mean": -0.0011958396283792965,
        "mean_ci_high": -0.000973240421051569,
        "mean_ci_low": -0.001428830634278095,
        "n": 1701,
        "p_mean_gt_0": 0.0
      },
      "folds": [
        {
          "fold_id": 1,
          "mean": -0.0006386937538210787,
          "n": 121,
          "test_end": "2025-05-26T00:00:00+00:00",
          "test_start": "2025-05-11T00:00:00+00:00"
        },
        {
          "fold_id": 2,
          "mean": -0.0006124836569749747,
          "n": 88,
          "test_end": "2025-06-10T00:00:00+00:00",
          "test_start": "2025-05-26T00:00:00+00:00"
        },
        {
          "fold_id": 3,
          "mean": -0.0006829698397941217,
          "n": 98,
          "test_end": "2025-06-25T00:00:00+00:00",
          "test_start": "2025-06-10T00:00:00+00:00"
        },
        {
          "fold_id": 4,
          "mean": -0.0009244726576423803,
          "n": 74,
          "test_end": "2025-07-10T00:00:00+00:00",
          "test_start": "2025-06-25T00:00:00+00:00"
        },
        {
          "fold_id": 5,
          "mean": -0.0009569060160969802,
          "n": 116,
          "test_end": "2025-07-25T00:00:00+00:00",
          "test_start": "2025-07-10T00:00:00+00:00"
        },
        {
          "fold_id": 6,
          "mean": -0.0014940782951843536,
          "n": 107,
          "test_end": "2025-08-09T00:00:00+00:00",
          "test_start": "2025-07-25T00:00:00+00:00"
        },
        {
          "fold_id": 7,
          "mean": -0.0008057893375615884,
          "n": 113,
          "test_end": "2025-08-24T00:00:00+00:00",
          "test_start": "2025-08-09T00:00:00+00:00"
        },
        {
          "fold_id": 8,
          "mean": -0.001578130826850866,
          "n": 102,
          "test_end": "2025-09-08T00:00:00+00:00",
          "test_start": "2025-08-24T00:00:00+00:00"
        },
        {
          "fold_id": 9,
          "mean": -0.0011256795845416992,
          "n": 74,
          "test_end": "2025-09-23T00:00:00+00:00",
          "test_start": "2025-09-08T00:00:00+00:00"
        },
        {
          "fold_id": 10,
          "mean": -0.0008004190673230365,
          "n": 74,
          "test_end": "2025-10-08T00:00:00+00:00",
          "test_start": "2025-09-23T00:00:00+00:00"
        },
        {
          "fold_id": 11,
          "mean": -0.0018559998651737758,
          "n": 94,
          "test_end": "2025-10-23T00:00:00+00:00",
          "test_start": "2025-10-08T00:00:00+00:00"
        },
        {
          "fold_id": 12,
          "mean": -0.0012622516434962988,
          "n": 76,
          "test_end": "2025-11-07T00:00:00+00:00",
          "test_start": "2025-10-23T00:00:00+00:00"
        },
        {
          "fold_id": 13,
          "mean": -0.0017265215713338138,
          "n": 106,
          "test_end": "2025-11-22T00:00:00+00:00",
          "test_start": "2025-11-07T00:00:00+00:00"
        },
        {
          "fold_id": 14,
          "mean": -0.0008258796743257746,
          "n": 97,
          "test_end": "2025-12-07T00:00:00+00:00",
          "test_start": "2025-11-22T00:00:00+00:00"
        },
        {
          "fold_id": 15,
          "mean": -0.0009094980936177797,
          "n": 73,
          "test_end": "2025-12-22T00:00:00+00:00",
          "test_start": "2025-12-07T00:00:00+00:00"
        },
        {
          "fold_id": 16,
          "mean": -0.0007596458734550162,
          "n": 41,
          "test_end": "2026-01-06T00:00:00+00:00",
          "test_start": "2025-12-22T00:00:00+00:00"
        },
        {
          "fold_id": 17,
          "mean": -0.001765533998097242,
          "n": 49,
          "test_end": "2026-01-21T00:00:00+00:00",
          "test_start": "2026-01-06T00:00:00+00:00"
        },
        {
          "fold_id": 18,
          "mean": -0.0021226013175150746,
          "n": 94,
          "test_end": "2026-02-05T00:00:00+00:00",
          "test_start": "2026-01-21T00:00:00+00:00"
        },
        {
          "fold_id": 19,
          "mean": -0.001779683722177763,
          "n": 104,
          "test_end": "2026-02-20T00:00:00+00:00",
          "test_start": "2026-02-05T00:00:00+00:00"
        }
      ],
      "positive_folds": {
        "count": 0,
        "pct": 0.0,
        "total": 19
      },
      "split": {
        "step_days": 15,
        "test_days": 15,
        "train_days": 60
      }
    },
    "bps8": {
      "aggregate": {
        "mean": -0.000995839628379296,
        "mean_ci_high": -0.0007732404210515687,
        "mean_ci_low": -0.0012288306342780947,
        "n": 1701,
        "p_mean_gt_0": 0.0
      },
      "folds": [
        {
          "fold_id": 1,
          "mean": -0.0004386937538210783,
          "n": 121,
          "test_end": "2025-05-26T00:00:00+00:00",
          "test_start": "2025-05-11T00:00:00+00:00"
        },
        {
          "fold_id": 2,
          "mean": -0.00041248365697497437,
          "n": 88,