{
  "baseline": {
    "bps10": {
      "mean": 0.0001755211453645293,
      "mean_ci_high": 0.00030736152954133773,
      "mean_ci_low": 4.6490916741229245e-05,
      "n": 3476,
      "p_mean_gt_0": 0.995,
      "std": 0.003927097103748745,
      "win_rate": 0.48331415420023016
    },
    "bps8": {
      "mean": 0.0003755211453645295,
      "mean_ci_high": 0.000507361529541338,
      "mean_ci_low": 0.00024649091674122946,
      "n": 3476,
      "p_mean_gt_0": 1.0,
      "std": 0.003927097103748745,
      "win_rate": 0.5161104718066744
    },
    "gross": {
      "mean": 0.0011755211453645296,
      "mean_ci_high": 0.001307361529541338,
      "mean_ci_low": 0.0010464909167412293,
      "n": 3476,
      "p_mean_gt_0": 1.0,
      "std": 0.003927097103748745,
      "win_rate": 0.6271576524741082
    }
  },
  "config": {
    "bootstrap_iters": 3000,
    "cost_mode": "all",
    "days": 365,
    "horizon": 4,
    "timeframe": "5m",
    "wf": {
      "step_days": 15,
      "test_days": 15,
      "train_days": 60
    }
  },
  "diagnostics_by_mode": {
    "bps10": {
      "mae_proxy_median": -0.00046003256298332573,
      "median_hold_return": -0.00012402448405901458,
      "return_histogram_bins": [
        "(-inf,-1%)",
        "[-1%,-0.5%)",
        "[-0.5%,-0.2%)",
        "[-0.2%,0%)",
        "[0%,0.2%)",
        "[0.2%,0.5%)",
        "[0.5%,1%)",
        "[1%,inf)"
      ],
      "return_histogram_counts": [
        31,
        159,
        631,
        975,
        851,
        534,
        229,
        66
      ],
      "top10_pct_pnl_contribution": 4.407705653541879,
      "trades_per_day": 10.9470737468288
    },
    "bps8": {
      "mae_proxy_median": -0.00046003256298332573,
      "median_hold_return": 7.59755159409854e-05,
      "return_histogram_bins": [
        "(-inf,-1%)",
        "[-1%,-0.5%)",
        "[-0.5%,-0.2%)",
        "[-0.2%,0%)",
        "[0%,0.2%)",
        "[0.2%,0.5%)",
        "[0.5%,1%)",
        "[1%,inf)"
      ],
      "return_histogram_counts": [
        30,
        148,
        562,
        942,
        901,
        564,
        256,
        73
      ],
      "top10_pct_pnl_contribution": 2.1135123001626663,
      "trades_per_day": 10.9470737468288
    },
    "gross": {
      "mae_proxy_median": -0.00046003256298332573,
      "median_hold_return": 0.0008759755159409854,
      "return_histogram_bins": [
        "(-inf,-1%)",
        "[-1%,-0.5%)",
        "[-0.5%,-0.2%)",
        "[-0.2%,0%)",
        "[0%,0.2%)",
        "[0.2%,0.5%)",
        "[0.5%,1%)",
        "[1%,inf)"
      ],
      "return_histogram_counts": [
        23,
        90,
        372,
        810,
        957,
        793,
        343,
        88
      ],
      "top10_pct_pnl_contribution": 0.7432963864440291,
      "trades_per_day": 10.9470737468288
    }
  },
  "family": "oi_liq",
  "hypothesis_id": "H246",
  "timestamp_utc": "2026-03-11T23:18:31+00:00",
  "wf_by_mode": {
    "bps10": {
      "aggregate": {
        "mean": 0.00018252811925000277,
        "mean_ci_high": 0.0003275726535916296,
        "mean_ci_low": 3.5753004494448164e-05,
        "n": 2960,
        "p_mean_gt_0": 0.9906666666666667
      },
      "folds": [
        {
          "fold_id": 1,
          "mean": 0.00011766687167990986,
          "n": 162,
          "test_end": "2025-06-25T00:00:00+00:00",
          "test_start": "2025-06-10T00:00:00+00:00"
        },
        {
          "fold_id": 2,
          "mean": -0.0003934719334706508,
          "n": 94,
          "test_end": "2025-07-10T00:00:00+00:00",
          "test_start": "2025-06-25T00:00:00+00:00"
        },
        {
          "fold_id": 3,
          "mean": -0.0004041359609425383,
          "n": 201,
          "test_end": "2025-07-25T00:00:00+00:00",
          "test_start": "2025-07-10T00:00:00+00:00"
        },
        {
          "fold_id": 4,
          "mean": -0.00020772542443097284,
          "n": 159,
          "test_end": "2025-08-09T00:00:00+00:00",
          "test_start": "2025-07-25T00:00:00+00:00"
        },
        {
          "fold_id": 5,
          "mean": -7.276041845297915e-05,
          "n": 195,
          "test_end": "2025-08-24T00:00:00+00:00",
          "test_start": "2025-08-09T00:00:00+00:00"
        },
        {
          "fold_id": 6,
          "mean": 7.264395185586648e-05,
          "n": 180,
          "test_end": "2025-09-08T00:00:00+00:00",
          "test_start": "2025-08-24T00:00:00+00:00"
        },
        {
          "fold_id": 7,
          "mean": -0.000517759187011262,
          "n": 123,
          "test_end": "2025-09-23T00:00:00+00:00",
          "test_start": "2025-09-08T00:00:00+00:00"
        },
        {
          "fold_id": 8,
          "mean": -0.0002285104193492683,
          "n": 177,
          "test_end": "2025-10-08T00:00:00+00:00",
          "test_start": "2025-09-23T00:00:00+00:00"
        },
        {
          "fold_id": 9,
          "mean": 0.00012339858860915533,
          "n": 282,
          "test_end": "2025-10-23T00:00:00+00:00",
          "test_start": "2025-10-08T00:00:00+00:00"
        },
        {
          "fold_id": 10,
          "mean": 0.0003559386669878318,
          "n": 166,
          "test_end": "2025-11-07T00:00:00+00:00",
          "test_start": "2025-10-23T00:00:00+00:00"
        },
        {
          "fold_id": 11,
          "mean": 0.000607866091646348,
          "n": 261,
          "test_end": "2025-11-22T00:00:00+00:00",
          "test_start": "2025-11-07T00:00:00+00:00"
        },
        {
          "fold_id": 12,
          "mean": 0.0007954165400700463,
          "n": 96,
          "test_end": "2025-12-07T00:00:00+00:00",
          "test_start": "2025-11-22T00:00:00+00:00"
        },
        {
          "fold_id": 13,
          "mean": 0.0009582015386477913,
          "n": 111,
          "test_end": "2025-12-22T00:00:00+00:00",
          "test_start": "2025-12-07T00:00:00+00:00"
        },
        {
          "fold_id": 14,
          "mean": 2.430440039697924e-05,
          "n": 108,
          "test_end": "2026-01-06T00:00:00+00:00",
          "test_start": "2025-12-22T00:00:00+00:00"
        },
        {
          "fold_id": 15,
          "mean": 3.4643072654688023e-06,
          "n": 177,
          "test_end": "2026-01-21T00:00:00+00:00",
          "test_start": "2026-01-06T00:00:00+00:00"
        },
        {
          "fold_id": 16,
          "mean": 0.00048372505155570963,
          "n": 282,
          "test_end": "2026-02-05T00:00:00+00:00",
          "test_start": "2026-01-21T00:00:00+00:00"
        },
        {
          "fold_id": 17,
          "mean": 0.0010903450279994608,
          "n": 186,
          "test_end": "2026-02-20T00:00:00+00:00",
          "test_start": "2026-02-05T00:00:00+00:00"
        }
      ],
      "positive_folds": {
        "count": 11,
        "pct": 64.70588235294117,
        "total": 17
      },
      "split": {
        "step_days": 15,
        "test_days": 15,
        "train_days": 60
      }
    },
    "bps8": {
      "aggregate": {
        "mean": 0.0003825281192500028,
        "mean_ci_high": 0.0005275726535916297,
        "mean_ci_low": 0.0002357530044944483,
        "n": 2960,
        "p_mean_gt_0": 1.0
      },
      "folds": [
        {
          "fold_id": 1,
          "mean": 0.00031766687167990987,
          "n": 162,
          "test_end": "2025-06-25T00:00:00+00:00",
          "test_start": "2025-06-10T00:00:00+00:00"
        },
        {
          "fold_id": 2,
          "mean": -0.00019347193347065087,
          "n": 94,
          "test_end": "2025-07-10T00:00:00+00:00",
          "test_start": "2025-06-25T00:00:00+00:00"
        },
        {
          "fold_id": 3,
          "mean": -0.00020413596094253814,
          "n": 201,
          "test_end": "2025-07-25T00:00:00+00:00",
          "test_start": "2025-07-10T00:00:00+00:00"
        },
        {
          "fold_id": 4,
          "mean": -7.72542443097275e-06,
          "n": 159,
          "test_end": "2025-08-09T00:00:00+00:00",