{
  "baseline": {
    "bps10": {
      "mean": 0.002522340073305277,
      "mean_ci_high": 0.002864564308232669,
      "mean_ci_low": 0.0021700984359822244,
      "n": 1160,
      "p_mean_gt_0": 1.0,
      "std": 0.006106699450295256,
      "win_rate": 0.6836206896551724
    },
    "bps8": {
      "mean": 0.002722340073305278,
      "mean_ci_high": 0.0030645643082326695,
      "mean_ci_low": 0.0023700984359822245,
      "n": 1160,
      "p_mean_gt_0": 1.0,
      "std": 0.006106699450295256,
      "win_rate": 0.7060344827586207
    },
    "gross": {
      "mean": 0.0035223400733052778,
      "mean_ci_high": 0.00386456430823267,
      "mean_ci_low": 0.0031700984359822244,
      "n": 1160,
      "p_mean_gt_0": 1.0,
      "std": 0.006106699450295256,
      "win_rate": 0.756896551724138
    }
  },
  "config": {
    "bootstrap_iters": 3000,
    "cost_mode": "all",
    "days": 365,
    "horizon": 12,
    "timeframe": "5m",
    "wf": {
      "step_days": 15,
      "test_days": 15,
      "train_days": 60
    }
  },
  "diagnostics_by_mode": {
    "bps10": {
      "mae_proxy_median": -0.0008070585059039015,
      "median_hold_return": 0.002005908919031852,
      "return_histogram_bins": [
        "(-inf,-1%)",
        "[-1%,-0.5%)",
        "[-0.5%,-0.2%)",
        "[-0.2%,0%)",
        "[0%,0.2%)",
        "[0.2%,0.5%)",
        "[0.5%,1%)",
        "[1%,inf)"
      ],
      "return_histogram_counts": [
        18,
        62,
        114,
        173,
        211,
        284,
        192,
        106
      ],
      "top10_pct_pnl_contribution": 0.5960255605617707,
      "trades_per_day": 3.6535433070866143
    },
    "bps8": {
      "mae_proxy_median": -0.0008070585059039015,
      "median_hold_return": 0.0022059089190318523,
      "return_histogram_bins": [
        "(-inf,-1%)",
        "[-1%,-0.5%)",
        "[-0.5%,-0.2%)",
        "[-0.2%,0%)",
        "[0%,0.2%)",
        "[0.2%,0.5%)",
        "[0.5%,1%)",
        "[1%,inf)"
      ],
      "return_histogram_counts": [
        18,
        59,
        106,
        158,
        211,
        295,
        205,
        108
      ],
      "top10_pct_pnl_contribution": 0.5595844439337859,
      "trades_per_day": 3.6535433070866143
    },
    "gross": {
      "mae_proxy_median": -0.0008070585059039015,
      "median_hold_return": 0.003005908919031852,
      "return_histogram_bins": [
        "(-inf,-1%)",
        "[-1%,-0.5%)",
        "[-0.5%,-0.2%)",
        "[-0.2%,0%)",
        "[0%,0.2%)",
        "[0.2%,0.5%)",
        "[0.5%,1%)",
        "[1%,inf)"
      ],
      "return_histogram_counts": [
        15,
        39,
        93,
        135,
        186,
        317,
        247,
        128
      ],
      "top10_pct_pnl_contribution": 0.45520282617533403,
      "trades_per_day": 3.6535433070866143
    }
  },
  "family": "oi_liq",
  "hypothesis_id": "H247",
  "timestamp_utc": "2026-03-11T23:17:52+00:00",
  "wf_by_mode": {
    "bps10": {
      "aggregate": {
        "mean": 0.002542900896696472,
        "mean_ci_high": 0.002936913322767794,
        "mean_ci_low": 0.0021432974429812218,
        "n": 988,
        "p_mean_gt_0": 1.0
      },
      "folds": [
        {
          "fold_id": 1,
          "mean": 0.0023548019860392144,
          "n": 54,
          "test_end": "2025-06-25T00:00:00+00:00",
          "test_start": "2025-06-10T00:00:00+00:00"
        },
        {
          "fold_id": 2,
          "mean": 0.0008042635705721975,
          "n": 32,
          "test_end": "2025-07-10T00:00:00+00:00",
          "test_start": "2025-06-25T00:00:00+00:00"
        },
        {
          "fold_id": 3,
          "mean": 0.0007873826755067875,
          "n": 67,
          "test_end": "2025-07-25T00:00:00+00:00",
          "test_start": "2025-07-10T00:00:00+00:00"
        },
        {
          "fold_id": 4,
          "mean": 0.0013752242695593353,
          "n": 53,
          "test_end": "2025-08-09T00:00:00+00:00",
          "test_start": "2025-07-25T00:00:00+00:00"
        },
        {
          "fold_id": 5,
          "mean": 0.0017789361307791283,
          "n": 65,
          "test_end": "2025-08-24T00:00:00+00:00",
          "test_start": "2025-08-09T00:00:00+00:00"
        },
        {
          "fold_id": 6,
          "mean": 0.002214484151718714,
          "n": 60,
          "test_end": "2025-09-08T00:00:00+00:00",
          "test_start": "2025-08-24T00:00:00+00:00"
        },
        {
          "fold_id": 7,
          "mean": 0.0004471246280722907,
          "n": 41,
          "test_end": "2025-09-23T00:00:00+00:00",
          "test_start": "2025-09-08T00:00:00+00:00"
        },
        {
          "fold_id": 8,
          "mean": 0.0013106258934221938,
          "n": 59,
          "test_end": "2025-10-08T00:00:00+00:00",
          "test_start": "2025-09-23T00:00:00+00:00"
        },
        {
          "fold_id": 9,
          "mean": 0.0023919802548114186,
          "n": 94,
          "test_end": "2025-10-23T00:00:00+00:00",
          "test_start": "2025-10-08T00:00:00+00:00"
        },
        {
          "fold_id": 10,
          "mean": 0.002993777735418053,
          "n": 56,
          "test_end": "2025-11-07T00:00:00+00:00",
          "test_start": "2025-10-23T00:00:00+00:00"
        },
        {
          "fold_id": 11,
          "mean": 0.0038095917287197687,
          "n": 87,
          "test_end": "2025-11-22T00:00:00+00:00",
          "test_start": "2025-11-07T00:00:00+00:00"
        },
        {
          "fold_id": 12,
          "mean": 0.004389091569035813,
          "n": 32,
          "test_end": "2025-12-07T00:00:00+00:00",
          "test_start": "2025-11-22T00:00:00+00:00"
        },
        {
          "fold_id": 13,
          "mean": 0.004874046953644351,
          "n": 37,
          "test_end": "2025-12-22T00:00:00+00:00",
          "test_start": "2025-12-07T00:00:00+00:00"
        },
        {
          "fold_id": 14,
          "mean": 0.0020726049910655634,
          "n": 36,
          "test_end": "2026-01-06T00:00:00+00:00",
          "test_start": "2025-12-22T00:00:00+00:00"
        },
        {
          "fold_id": 15,
          "mean": 0.0020080683908161806,
          "n": 59,
          "test_end": "2026-01-21T00:00:00+00:00",
          "test_start": "2026-01-06T00:00:00+00:00"
        },
        {
          "fold_id": 16,
          "mean": 0.0034522376522537167,
          "n": 94,
          "test_end": "2026-02-05T00:00:00+00:00",
          "test_start": "2026-01-21T00:00:00+00:00"
        },
        {
          "fold_id": 17,
          "mean": 0.00528011104423858,
          "n": 62,
          "test_end": "2026-02-20T00:00:00+00:00",
          "test_start": "2026-02-05T00:00:00+00:00"
        }
      ],
      "positive_folds": {
        "count": 17,
        "pct": 100.0,
        "total": 17
      },
      "split": {
        "step_days": 15,
        "test_days": 15,
        "train_days": 60
      }
    },
    "bps8": {
      "aggregate": {
        "mean": 0.0027429008966964727,
        "mean_ci_high": 0.003136913322767795,
        "mean_ci_low": 0.0023432974429812223,
        "n": 988,
        "p_mean_gt_0": 1.0
      },
      "folds": [
        {
          "fold_id": 1,
          "mean": 0.0025548019860392158,
          "n": 54,
          "test_end": "2025-06-25T00:00:00+00:00",
          "test_start": "2025-06-10T00:00:00+00:00"
        },
        {
          "fold_id": 2,
          "mean": 0.0010042635705721974,
          "n": 32,
          "test_end": "2025-07-10T00:00:00+00:00",
          "test_start": "2025-06-25T00:00:00+00:00"
        },
        {
          "fold_id": 3,
          "mean": 0.0009873826755067883,
          "n": 67,
          "test_end": "2025-07-25T00:00:00+00:00",
          "test_start": "2025-07-10T00:00:00+00:00"
        },
        {
          "fold_id": 4,
          "mean": 0.0015752242695593363,
          "n": 53,
          "test_end": "2025-08-09T00:00:00+00:00",