{
  "baseline": {
    "bps10": {
      "mean": 0.0028358088134563058,
      "mean_ci_high": 0.003360296006836766,
      "mean_ci_low": 0.0023143238815357026,
      "n": 853,
      "p_mean_gt_0": 1.0,
      "std": 0.007835924173110532,
      "win_rate": 0.6389214536928488
    },
    "bps8": {
      "mean": 0.0030358088134563067,
      "mean_ci_high": 0.003560296006836767,
      "mean_ci_low": 0.0025143238815357035,
      "n": 853,
      "p_mean_gt_0": 1.0,
      "std": 0.007835924173110534,
      "win_rate": 0.6541617819460727
    },
    "gross": {
      "mean": 0.0038358088134563062,
      "mean_ci_high": 0.004360296006836767,
      "mean_ci_low": 0.0033143238815357035,
      "n": 853,
      "p_mean_gt_0": 1.0,
      "std": 0.007835924173110534,
      "win_rate": 0.6963657678780774
    }
  },
  "config": {
    "bootstrap_iters": 3000,
    "cost_mode": "all",
    "days": 365,
    "horizon": 24,
    "timeframe": "5m",
    "wf": {
      "step_days": 15,
      "test_days": 15,
      "train_days": 60
    }
  },
  "diagnostics_by_mode": {
    "bps10": {
      "mae_proxy_median": -0.0011239863857130938,
      "median_hold_return": 0.001987670660844155,
      "return_histogram_bins": [
        "(-inf,-1%)",
        "[-1%,-0.5%)",
        "[-0.5%,-0.2%)",
        "[-0.2%,0%)",
        "[0%,0.2%)",
        "[0.2%,0.5%)",
        "[0.5%,1%)",
        "[1%,inf)"
      ],
      "return_histogram_counts": [
        24,
        68,
        118,
        98,
        120,
        159,
        149,
        117
      ],
      "top10_pct_pnl_contribution": 0.6933319523038782,
      "trades_per_day": 2.6866141732283464
    },
    "bps8": {
      "mae_proxy_median": -0.0011239863857130938,
      "median_hold_return": 0.002187670660844155,
      "return_histogram_bins": [
        "(-inf,-1%)",
        "[-1%,-0.5%)",
        "[-0.5%,-0.2%)",
        "[-0.2%,0%)",
        "[0%,0.2%)",
        "[0.2%,0.5%)",
        "[0.5%,1%)",
        "[1%,inf)"
      ],
      "return_histogram_counts": [
        23,
        66,
        109,
        97,
        118,
        170,
        150,
        120
      ],
      "top10_pct_pnl_contribution": 0.6542971279356394,
      "trades_per_day": 2.6866141732283464
    },
    "gross": {
      "mae_proxy_median": -0.0011239863857130938,
      "median_hold_return": 0.002987670660844155,
      "return_histogram_bins": [
        "(-inf,-1%)",
        "[-1%,-0.5%)",
        "[-0.5%,-0.2%)",
        "[-0.2%,0%)",
        "[0%,0.2%)",
        "[0.2%,0.5%)",
        "[0.5%,1%)",
        "[1%,inf)"
      ],
      "return_histogram_counts": [
        20,
        47,
        97,
        95,
        112,
        173,
        177,
        132
      ],
      "top10_pct_pnl_contribution": 0.538863534283273,
      "trades_per_day": 2.6866141732283464
    }
  },
  "family": "oi_liq",
  "hypothesis_id": "H248",
  "timestamp_utc": "2026-03-11T23:17:59+00:00",
  "wf_by_mode": {
    "bps10": {
      "aggregate": {
        "mean": 0.0028567780717171647,
        "mean_ci_high": 0.00346794219843153,
        "mean_ci_low": 0.0022627256897624895,
        "n": 725,
        "p_mean_gt_0": 1.0
      },
      "folds": [
        {
          "fold_id": 1,
          "mean": 0.0028724154168560606,
          "n": 36,
          "test_end": "2025-06-25T00:00:00+00:00",
          "test_start": "2025-06-10T00:00:00+00:00"
        },
        {
          "fold_id": 2,
          "mean": 0.0005268353163098568,
          "n": 27,
          "test_end": "2025-07-10T00:00:00+00:00",
          "test_start": "2025-06-25T00:00:00+00:00"
        },
        {
          "fold_id": 3,
          "mean": 0.001207003296003202,
          "n": 47,
          "test_end": "2025-07-25T00:00:00+00:00",
          "test_start": "2025-07-10T00:00:00+00:00"
        },
        {
          "fold_id": 4,
          "mean": 0.002237223061851855,
          "n": 37,
          "test_end": "2025-08-09T00:00:00+00:00",
          "test_start": "2025-07-25T00:00:00+00:00"
        },
        {
          "fold_id": 5,
          "mean": 0.0015210826458989359,
          "n": 49,
          "test_end": "2025-08-24T00:00:00+00:00",
          "test_start": "2025-08-09T00:00:00+00:00"
        },
        {
          "fold_id": 6,
          "mean": 0.0025840689087721935,
          "n": 45,
          "test_end": "2025-09-08T00:00:00+00:00",
          "test_start": "2025-08-24T00:00:00+00:00"
        },
        {
          "fold_id": 7,
          "mean": -8.408343771976111e-05,
          "n": 34,
          "test_end": "2025-09-23T00:00:00+00:00",
          "test_start": "2025-09-08T00:00:00+00:00"
        },
        {
          "fold_id": 8,
          "mean": 0.00133847805914526,
          "n": 43,
          "test_end": "2025-10-08T00:00:00+00:00",
          "test_start": "2025-09-23T00:00:00+00:00"
        },
        {
          "fold_id": 9,
          "mean": 0.002858439042514521,
          "n": 66,
          "test_end": "2025-10-23T00:00:00+00:00",
          "test_start": "2025-10-08T00:00:00+00:00"
        },
        {
          "fold_id": 10,
          "mean": 0.0035328849637404334,
          "n": 41,
          "test_end": "2025-11-07T00:00:00+00:00",
          "test_start": "2025-10-23T00:00:00+00:00"
        },
        {
          "fold_id": 11,
          "mean": 0.005125908001724783,
          "n": 62,
          "test_end": "2025-11-22T00:00:00+00:00",
          "test_start": "2025-11-07T00:00:00+00:00"
        },
        {
          "fold_id": 12,
          "mean": 0.002638622142901127,
          "n": 27,
          "test_end": "2025-12-07T00:00:00+00:00",
          "test_start": "2025-11-22T00:00:00+00:00"
        },
        {
          "fold_id": 13,
          "mean": 0.007318317485401299,
          "n": 27,
          "test_end": "2025-12-22T00:00:00+00:00",
          "test_start": "2025-12-07T00:00:00+00:00"
        },
        {
          "fold_id": 14,
          "mean": 0.0017065166124162062,
          "n": 30,
          "test_end": "2026-01-06T00:00:00+00:00",
          "test_start": "2025-12-22T00:00:00+00:00"
        },
        {
          "fold_id": 15,
          "mean": 0.002517424764874286,
          "n": 43,
          "test_end": "2026-01-21T00:00:00+00:00",
          "test_start": "2026-01-06T00:00:00+00:00"
        },
        {
          "fold_id": 16,
          "mean": 0.004108360285457571,
          "n": 63,
          "test_end": "2026-02-05T00:00:00+00:00",
          "test_start": "2026-01-21T00:00:00+00:00"
        },
        {
          "fold_id": 17,
          "mean": 0.004793623487629059,
          "n": 48,
          "test_end": "2026-02-20T00:00:00+00:00",
          "test_start": "2026-02-05T00:00:00+00:00"
        }
      ],
      "positive_folds": {
        "count": 16,
        "pct": 94.11764705882354,
        "total": 17
      },
      "split": {
        "step_days": 15,
        "test_days": 15,
        "train_days": 60
      }
    },
    "bps8": {
      "aggregate": {
        "mean": 0.0030567780717171656,
        "mean_ci_high": 0.003667942198431531,
        "mean_ci_low": 0.00246272568976249,
        "n": 725,
        "p_mean_gt_0": 1.0
      },
      "folds": [
        {
          "fold_id": 1,
          "mean": 0.0030724154168560616,
          "n": 36,
          "test_end": "2025-06-25T00:00:00+00:00",
          "test_start": "2025-06-10T00:00:00+00:00"
        },
        {
          "fold_id": 2,
          "mean": 0.0007268353163098567,
          "n": 27,
          "test_end": "2025-07-10T00:00:00+00:00",
          "test_start": "2025-06-25T00:00:00+00:00"
        },
        {
          "fold_id": 3,
          "mean": 0.0014070032960032028,
          "n": 47,
          "test_end": "2025-07-25T00:00:00+00:00",
          "test_start": "2025-07-10T00:00:00+00:00"
        },
        {
          "fold_id": 4,
          "mean": 0.002437223061851855,
          "n": 37,
          "test_end": "2025-08-09T00:00:00+00:00",