{
  "baseline": {
    "bps10": {
      "mean": 0.0020611227864832547,
      "mean_ci_high": 0.0024202412070133445,
      "mean_ci_low": 0.0017140007874151299,
      "n": 1160,
      "p_mean_gt_0": 1.0,
      "std": 0.006293956724054211,
      "win_rate": 0.6431034482758621
    },
    "bps8": {
      "mean": 0.002261122786483255,
      "mean_ci_high": 0.0026202412070133446,
      "mean_ci_low": 0.00191400078741513,
      "n": 1160,
      "p_mean_gt_0": 1.0,
      "std": 0.006293956724054211,
      "win_rate": 0.6560344827586206
    },
    "gross": {
      "mean": 0.003061122786483255,
      "mean_ci_high": 0.0034202412070133445,
      "mean_ci_low": 0.0027140007874151303,
      "n": 1160,
      "p_mean_gt_0": 1.0,
      "std": 0.006293956724054211,
      "win_rate": 0.721551724137931
    }
  },
  "config": {
    "bootstrap_iters": 3000,
    "cost_mode": "all",
    "days": 365,
    "horizon": 12,
    "timeframe": "5m",
    "wf": {
      "step_days": 15,
      "test_days": 15,
      "train_days": 60
    }
  },
  "diagnostics_by_mode": {
    "bps10": {
      "mae_proxy_median": -0.0008557079973522397,
      "median_hold_return": 0.0014194276261030878,
      "return_histogram_bins": [
        "(-inf,-1%)",
        "[-1%,-0.5%)",
        "[-0.5%,-0.2%)",
        "[-0.2%,0%)",
        "[0%,0.2%)",
        "[0.2%,0.5%)",
        "[0.5%,1%)",
        "[1%,inf)"
      ],
      "return_histogram_counts": [
        14,
        84,
        153,
        163,
        213,
        251,
        188,
        94
      ],
      "top10_pct_pnl_contribution": 0.7056813940292834,
      "trades_per_day": 3.6535433070866143
    },
    "bps8": {
      "mae_proxy_median": -0.0008557079973522397,
      "median_hold_return": 0.0016194276261030879,
      "return_histogram_bins": [
        "(-inf,-1%)",
        "[-1%,-0.5%)",
        "[-0.5%,-0.2%)",
        "[-0.2%,0%)",
        "[0%,0.2%)",
        "[0.2%,0.5%)",
        "[0.5%,1%)",
        "[1%,inf)"
      ],
      "return_histogram_counts": [
        13,
        80,
        142,
        164,
        206,
        258,
        201,
        96
      ],
      "top10_pct_pnl_contribution": 0.6521078864205874,
      "trades_per_day": 3.6535433070866143
    },
    "gross": {
      "mae_proxy_median": -0.0008557079973522397,
      "median_hold_return": 0.002419427626103088,
      "return_histogram_bins": [
        "(-inf,-1%)",
        "[-1%,-0.5%)",
        "[-0.5%,-0.2%)",
        "[-0.2%,0%)",
        "[0%,0.2%)",
        "[0.2%,0.5%)",
        "[0.5%,1%)",
        "[1%,inf)"
      ],
      "return_histogram_counts": [
        12,
        62,
        116,
        133,
        197,
        283,
        243,
        114
      ],
      "top10_pct_pnl_contribution": 0.5078188983777726,
      "trades_per_day": 3.6535433070866143
    }
  },
  "family": "oi_liq",
  "hypothesis_id": "H249",
  "timestamp_utc": "2026-03-11T23:28:48+00:00",
  "wf_by_mode": {
    "bps10": {
      "aggregate": {
        "mean": 0.0020792467992740583,
        "mean_ci_high": 0.0024835760442702363,
        "mean_ci_low": 0.001674496373112205,
        "n": 988,
        "p_mean_gt_0": 1.0
      },
      "folds": [
        {
          "fold_id": 1,
          "mean": 0.001719997766267352,
          "n": 54,
          "test_end": "2025-06-25T00:00:00+00:00",
          "test_start": "2025-06-10T00:00:00+00:00"
        },
        {
          "fold_id": 2,
          "mean": 0.0010216170064180881,
          "n": 32,
          "test_end": "2025-07-10T00:00:00+00:00",
          "test_start": "2025-06-25T00:00:00+00:00"
        },
        {
          "fold_id": 3,
          "mean": 0.00032713823397837155,
          "n": 67,
          "test_end": "2025-07-25T00:00:00+00:00",
          "test_start": "2025-07-10T00:00:00+00:00"
        },
        {
          "fold_id": 4,
          "mean": 0.0010861608116297572,
          "n": 53,
          "test_end": "2025-08-09T00:00:00+00:00",
          "test_start": "2025-07-25T00:00:00+00:00"
        },
        {
          "fold_id": 5,
          "mean": 0.0018244344057380705,
          "n": 65,
          "test_end": "2025-08-24T00:00:00+00:00",
          "test_start": "2025-08-09T00:00:00+00:00"
        },
        {
          "fold_id": 6,
          "mean": 0.0018804934364762904,
          "n": 60,
          "test_end": "2025-09-08T00:00:00+00:00",
          "test_start": "2025-08-24T00:00:00+00:00"
        },
        {
          "fold_id": 7,
          "mean": 0.0002020577817931535,
          "n": 41,
          "test_end": "2025-09-23T00:00:00+00:00",
          "test_start": "2025-09-08T00:00:00+00:00"
        },
        {
          "fold_id": 8,
          "mean": 0.0011694536161728996,
          "n": 59,
          "test_end": "2025-10-08T00:00:00+00:00",
          "test_start": "2025-09-23T00:00:00+00:00"
        },
        {
          "fold_id": 9,
          "mean": 0.0019775004516161695,
          "n": 94,
          "test_end": "2025-10-23T00:00:00+00:00",
          "test_start": "2025-10-08T00:00:00+00:00"
        },
        {
          "fold_id": 10,
          "mean": 0.0024351012161099622,
          "n": 56,
          "test_end": "2025-11-07T00:00:00+00:00",
          "test_start": "2025-10-23T00:00:00+00:00"
        },
        {
          "fold_id": 11,
          "mean": 0.0031613226209010366,
          "n": 87,
          "test_end": "2025-11-22T00:00:00+00:00",
          "test_start": "2025-11-07T00:00:00+00:00"
        },
        {
          "fold_id": 12,
          "mean": 0.003332478453028455,
          "n": 32,
          "test_end": "2025-12-07T00:00:00+00:00",
          "test_start": "2025-11-22T00:00:00+00:00"
        },
        {
          "fold_id": 13,
          "mean": 0.00440663358963336,
          "n": 37,
          "test_end": "2025-12-22T00:00:00+00:00",
          "test_start": "2025-12-07T00:00:00+00:00"
        },
        {
          "fold_id": 14,
          "mean": 0.0015539920567529343,
          "n": 36,
          "test_end": "2026-01-06T00:00:00+00:00",
          "test_start": "2025-12-22T00:00:00+00:00"
        },
        {
          "fold_id": 15,
          "mean": 0.0016411145861502485,
          "n": 59,
          "test_end": "2026-01-21T00:00:00+00:00",
          "test_start": "2026-01-06T00:00:00+00:00"
        },
        {
          "fold_id": 16,
          "mean": 0.002831820316001623,
          "n": 94,
          "test_end": "2026-02-05T00:00:00+00:00",
          "test_start": "2026-01-21T00:00:00+00:00"
        },
        {
          "fold_id": 17,
          "mean": 0.004106586100335773,
          "n": 62,
          "test_end": "2026-02-20T00:00:00+00:00",
          "test_start": "2026-02-05T00:00:00+00:00"
        }
      ],
      "positive_folds": {
        "count": 17,
        "pct": 100.0,
        "total": 17
      },
      "split": {
        "step_days": 15,
        "test_days": 15,
        "train_days": 60
      }
    },
    "bps8": {
      "aggregate": {
        "mean": 0.0022792467992740592,
        "mean_ci_high": 0.0026835760442702372,
        "mean_ci_low": 0.0018744963731122054,
        "n": 988,
        "p_mean_gt_0": 1.0
      },
      "folds": [
        {
          "fold_id": 1,
          "mean": 0.0019199977662673535,
          "n": 54,
          "test_end": "2025-06-25T00:00:00+00:00",
          "test_start": "2025-06-10T00:00:00+00:00"
        },
        {
          "fold_id": 2,
          "mean": 0.0012216170064180878,
          "n": 32,
          "test_end": "2025-07-10T00:00:00+00:00",
          "test_start": "2025-06-25T00:00:00+00:00"
        },
        {
          "fold_id": 3,
          "mean": 0.0005271382339783721,
          "n": 67,
          "test_end": "2025-07-25T00:00:00+00:00",
          "test_start": "2025-07-10T00:00:00+00:00"
        },
        {
          "fold_id": 4,
          "mean": 0.0012861608116297577,
          "n": 53,
          "test_end": "2025-08-09T00:00:00+00:00",