{
  "baseline": {
    "bps10": {
      "mean": -0.001013762212309982,
      "mean_ci_high": -0.0008950885110668503,
      "mean_ci_low": -0.0011352809714774278,
      "n": 3691,
      "p_mean_gt_0": 0.0,
      "std": 0.0037705851841688745,
      "win_rate": 0.3381197507450555
    },
    "bps8": {
      "mean": -0.0008137622123099815,
      "mean_ci_high": -0.0006950885110668499,
      "mean_ci_low": -0.0009352809714774273,
      "n": 3691,
      "p_mean_gt_0": 0.0,
      "std": 0.003770585184168875,
      "win_rate": 0.36710918450284474
    },
    "gross": {
      "mean": -1.3762212309981517e-05,
      "mean_ci_high": 0.00010491148893315004,
      "mean_ci_low": -0.00013528097147742725,
      "n": 3691,
      "p_mean_gt_0": 0.4053333333333333,
      "std": 0.003770585184168875,
      "win_rate": 0.5136819290165267
    }
  },
  "config": {
    "bootstrap_iters": 3000,
    "cost_mode": "all",
    "days": 365,
    "horizon": 8,
    "timeframe": "5m",
    "wf": {
      "step_days": 15,
      "test_days": 15,
      "train_days": 60
    }
  },
  "diagnostics_by_mode": {
    "bps10": {
      "mae_proxy_median": -0.0010780101656115981,
      "median_hold_return": -0.0009212154119689888,
      "return_histogram_bins": [
        "(-inf,-1%)",
        "[-1%,-0.5%)",
        "[-0.5%,-0.2%)",
        "[-0.2%,0%)",
        "[0%,0.2%)",
        "[0.2%,0.5%)",
        "[0.5%,1%)",
        "[1%,inf)"
      ],
      "return_histogram_counts": [
        71,
        273,
        873,
        1226,
        750,
        349,
        117,
        32
      ],
      "top10_pct_pnl_contribution": -0.5564712572036838,
      "trades_per_day": 10.622644149095633
    },
    "bps8": {
      "mae_proxy_median": -0.0010780101656115981,
      "median_hold_return": -0.0007212154119689889,
      "return_histogram_bins": [
        "(-inf,-1%)",
        "[-1%,-0.5%)",
        "[-0.5%,-0.2%)",
        "[-0.2%,0%)",
        "[0%,0.2%)",
        "[0.2%,0.5%)",
        "[0.5%,1%)",
        "[1%,inf)"
      ],
      "return_histogram_counts": [
        69,
        254,
        784,
        1229,
        818,
        378,
        124,
        35
      ],
      "top10_pct_pnl_contribution": -0.7178734662588856,
      "trades_per_day": 10.622644149095633
    },
    "gross": {
      "mae_proxy_median": -0.0010780101656115981,
      "median_hold_return": 7.878458803101118e-05,
      "return_histogram_bins": [
        "(-inf,-1%)",
        "[-1%,-0.5%)",
        "[-0.5%,-0.2%)",
        "[-0.2%,0%)",
        "[0%,0.2%)",
        "[0.2%,0.5%)",
        "[0.5%,1%)",
        "[1%,inf)"
      ],
      "return_histogram_counts": [
        53,
        182,
        548,
        1012,
        1094,
        584,
        173,
        45
      ],
      "top10_pct_pnl_contribution": -48.2751867348082,
      "trades_per_day": 10.622644149095633
    }
  },
  "family": "mean_reversion",
  "hypothesis_id": "H253",
  "timestamp_utc": "2026-03-11T23:38:32+00:00",
  "wf_by_mode": {
    "bps10": {
      "aggregate": {
        "mean": -0.0010181979529013882,
        "mean_ci_high": -0.0008851657727387699,
        "mean_ci_low": -0.0011539697227120097,
        "n": 2999,
        "p_mean_gt_0": 0.0
      },
      "folds": [
        {
          "fold_id": 1,
          "mean": -0.0009939200619061075,
          "n": 155,
          "test_end": "2025-05-26T00:00:00+00:00",
          "test_start": "2025-05-11T00:00:00+00:00"
        },
        {
          "fold_id": 2,
          "mean": -0.0010766421897468238,
          "n": 160,
          "test_end": "2025-06-10T00:00:00+00:00",
          "test_start": "2025-05-26T00:00:00+00:00"
        },
        {
          "fold_id": 3,
          "mean": -0.0008904115660287486,
          "n": 156,
          "test_end": "2025-06-25T00:00:00+00:00",
          "test_start": "2025-06-10T00:00:00+00:00"
        },
        {
          "fold_id": 4,
          "mean": -0.0009526883166746854,
          "n": 167,
          "test_end": "2025-07-10T00:00:00+00:00",
          "test_start": "2025-06-25T00:00:00+00:00"
        },
        {
          "fold_id": 5,
          "mean": -0.0012135442478310515,
          "n": 155,
          "test_end": "2025-07-25T00:00:00+00:00",
          "test_start": "2025-07-10T00:00:00+00:00"
        },
        {
          "fold_id": 6,
          "mean": -0.0007977182509225535,
          "n": 157,
          "test_end": "2025-08-09T00:00:00+00:00",
          "test_start": "2025-07-25T00:00:00+00:00"
        },
        {
          "fold_id": 7,
          "mean": -0.0013877227154692378,
          "n": 170,
          "test_end": "2025-08-24T00:00:00+00:00",
          "test_start": "2025-08-09T00:00:00+00:00"
        },
        {
          "fold_id": 8,
          "mean": -0.001019286060637852,
          "n": 154,
          "test_end": "2025-09-08T00:00:00+00:00",
          "test_start": "2025-08-24T00:00:00+00:00"
        },
        {
          "fold_id": 9,
          "mean": -0.0010512775177743015,
          "n": 154,
          "test_end": "2025-09-23T00:00:00+00:00",
          "test_start": "2025-09-08T00:00:00+00:00"
        },
        {
          "fold_id": 10,
          "mean": -0.0011315314018540404,
          "n": 163,
          "test_end": "2025-10-08T00:00:00+00:00",
          "test_start": "2025-09-23T00:00:00+00:00"
        },
        {
          "fold_id": 11,
          "mean": -0.0010642029534549367,
          "n": 143,
          "test_end": "2025-10-23T00:00:00+00:00",
          "test_start": "2025-10-08T00:00:00+00:00"
        },
        {
          "fold_id": 12,
          "mean": -0.0009735298098957155,
          "n": 151,
          "test_end": "2025-11-07T00:00:00+00:00",
          "test_start": "2025-10-23T00:00:00+00:00"
        },
        {
          "fold_id": 13,
          "mean": -0.0010030909842629154,
          "n": 174,
          "test_end": "2025-11-22T00:00:00+00:00",
          "test_start": "2025-11-07T00:00:00+00:00"
        },
        {
          "fold_id": 14,
          "mean": -0.0011556618393226714,
          "n": 146,
          "test_end": "2025-12-07T00:00:00+00:00",
          "test_start": "2025-11-22T00:00:00+00:00"
        },
        {
          "fold_id": 15,
          "mean": -0.001060628622754231,
          "n": 163,
          "test_end": "2025-12-22T00:00:00+00:00",
          "test_start": "2025-12-07T00:00:00+00:00"
        },
        {
          "fold_id": 16,
          "mean": -0.0011202046610798986,
          "n": 177,
          "test_end": "2026-01-06T00:00:00+00:00",
          "test_start": "2025-12-22T00:00:00+00:00"
        },
        {
          "fold_id": 17,
          "mean": -0.0008801196196267878,
          "n": 141,
          "test_end": "2026-01-21T00:00:00+00:00",
          "test_start": "2026-01-06T00:00:00+00:00"
        },
        {
          "fold_id": 18,
          "mean": -0.0001302407499620209,
          "n": 157,
          "test_end": "2026-02-05T00:00:00+00:00",
          "test_start": "2026-01-21T00:00:00+00:00"
        },
        {
          "fold_id": 19,
          "mean": -0.0014008968879641057,
          "n": 156,
          "test_end": "2026-02-20T00:00:00+00:00",
          "test_start": "2026-02-05T00:00:00+00:00"
        }
      ],
      "positive_folds": {
        "count": 0,
        "pct": 0.0,
        "total": 19
      },
      "split": {
        "step_days": 15,
        "test_days": 15,
        "train_days": 60
      }
    },
    "bps8": {
      "aggregate": {
        "mean": -0.0008181979529013879,
        "mean_ci_high": -0.0006851657727387696,
        "mean_ci_low": -0.0009539697227120094,
        "n": 2999,
        "p_mean_gt_0": 0.0
      },
      "folds": [
        {
          "fold_id": 1,
          "mean": -0.0007939200619061075,
          "n": 155,
          "test_end": "2025-05-26T00:00:00+00:00",
          "test_start": "2025-05-11T00:00:00+00:00"
        },
        {
          "fold_id": 2,
          "mean": -0.0008766421897468235,
          "n": 160,