{
  "baseline": {
    "bps10": {
      "mean": -0.0010710379760381973,
      "mean_ci_high": -0.0007452267202033314,
      "mean_ci_low": -0.0013883269421285393,
      "n": 1610,
      "p_mean_gt_0": 0.0,
      "std": 0.006451497185191181,
      "win_rate": 0.39254658385093166
    },
    "bps8": {
      "mean": -0.0008710379760381971,
      "mean_ci_high": -0.0005452267202033311,
      "mean_ci_low": -0.001188326942128539,
      "n": 1610,
      "p_mean_gt_0": 0.0,
      "std": 0.006451497185191181,
      "win_rate": 0.41304347826086957
    },
    "gross": {
      "mean": -7.103797603819694e-05,
      "mean_ci_high": 0.000254773279796669,
      "mean_ci_low": -0.00038832694212853896,
      "n": 1610,
      "p_mean_gt_0": 0.31533333333333335,
      "std": 0.006451497185191181,
      "win_rate": 0.5080745341614907
    }
  },
  "config": {
    "bootstrap_iters": 3000,
    "cost_mode": "all",
    "days": 365,
    "horizon": 24,
    "timeframe": "5m",
    "wf": {
      "step_days": 15,
      "test_days": 15,
      "train_days": 60
    }
  },
  "diagnostics_by_mode": {
    "bps10": {
      "mae_proxy_median": -0.0023280347488645603,
      "median_hold_return": -0.0009365516404821186,
      "return_histogram_bins": [
        "(-inf,-1%)",
        "[-1%,-0.5%)",
        "[-0.5%,-0.2%)",
        "[-0.2%,0%)",
        "[0%,0.2%)",
        "[0.2%,0.5%)",
        "[0.5%,1%)",
        "[1%,inf)"
      ],
      "return_histogram_counts": [
        100,
        203,
        335,
        340,
        265,
        201,
        107,
        59
      ],
      "top10_pct_pnl_contribution": -0.980822631281568,
      "trades_per_day": 4.638005881529198
    },
    "bps8": {
      "mae_proxy_median": -0.0023280347488645603,
      "median_hold_return": -0.0007365516404821186,
      "return_histogram_bins": [
        "(-inf,-1%)",
        "[-1%,-0.5%)",
        "[-0.5%,-0.2%)",
        "[-0.2%,0%)",
        "[0%,0.2%)",
        "[0.2%,0.5%)",
        "[0.5%,1%)",
        "[1%,inf)"
      ],
      "return_histogram_counts": [
        94,
        193,
        323,
        335,
        278,
        213,
        112,
        62
      ],
      "top10_pct_pnl_contribution": -1.2289915196686279,
      "trades_per_day": 4.638005881529198
    },
    "gross": {
      "mae_proxy_median": -0.0023280347488645603,
      "median_hold_return": 6.344835951788141e-05,
      "return_histogram_bins": [
        "(-inf,-1%)",
        "[-1%,-0.5%)",
        "[-0.5%,-0.2%)",
        "[-0.2%,0%)",
        "[0%,0.2%)",
        "[0.2%,0.5%)",
        "[0.5%,1%)",
        "[1%,inf)"
      ],
      "return_histogram_counts": [
        83,
        153,
        281,
        275,
        331,
        262,
        151,
        74
      ],
      "top10_pct_pnl_contribution": -16.19553864036962,
      "trades_per_day": 4.638005881529198
    }
  },
  "family": "mean_reversion",
  "hypothesis_id": "H255",
  "timestamp_utc": "2026-03-11T23:38:48+00:00",
  "wf_by_mode": {
    "bps10": {
      "aggregate": {
        "mean": -0.00100375904397655,
        "mean_ci_high": -0.000664943373578005,
        "mean_ci_low": -0.0013311260168989817,
        "n": 1316,
        "p_mean_gt_0": 0.0
      },
      "folds": [
        {
          "fold_id": 1,
          "mean": -0.0012012378589519592,
          "n": 66,
          "test_end": "2025-05-26T00:00:00+00:00",
          "test_start": "2025-05-11T00:00:00+00:00"
        },
        {
          "fold_id": 2,
          "mean": -0.0009611374837645919,
          "n": 70,
          "test_end": "2025-06-10T00:00:00+00:00",
          "test_start": "2025-05-26T00:00:00+00:00"
        },
        {
          "fold_id": 3,
          "mean": -0.0006527333021979949,
          "n": 73,
          "test_end": "2025-06-25T00:00:00+00:00",
          "test_start": "2025-06-10T00:00:00+00:00"
        },
        {
          "fold_id": 4,
          "mean": -0.0010105804673201458,
          "n": 75,
          "test_end": "2025-07-10T00:00:00+00:00",
          "test_start": "2025-06-25T00:00:00+00:00"
        },
        {
          "fold_id": 5,
          "mean": -0.0013631682387063562,
          "n": 68,
          "test_end": "2025-07-25T00:00:00+00:00",
          "test_start": "2025-07-10T00:00:00+00:00"
        },
        {
          "fold_id": 6,
          "mean": -0.0007030032212081461,
          "n": 67,
          "test_end": "2025-08-09T00:00:00+00:00",
          "test_start": "2025-07-25T00:00:00+00:00"
        },
        {
          "fold_id": 7,
          "mean": -0.001801152538340736,
          "n": 74,
          "test_end": "2025-08-24T00:00:00+00:00",
          "test_start": "2025-08-09T00:00:00+00:00"
        },
        {
          "fold_id": 8,
          "mean": 0.00016580125804099879,
          "n": 69,
          "test_end": "2025-09-08T00:00:00+00:00",
          "test_start": "2025-08-24T00:00:00+00:00"
        },
        {
          "fold_id": 9,
          "mean": -0.0011239493568984777,
          "n": 66,
          "test_end": "2025-09-23T00:00:00+00:00",
          "test_start": "2025-09-08T00:00:00+00:00"
        },
        {
          "fold_id": 10,
          "mean": -0.0012789350188908367,
          "n": 72,
          "test_end": "2025-10-08T00:00:00+00:00",
          "test_start": "2025-09-23T00:00:00+00:00"
        },
        {
          "fold_id": 11,
          "mean": -0.001229910727039609,
          "n": 60,
          "test_end": "2025-10-23T00:00:00+00:00",
          "test_start": "2025-10-08T00:00:00+00:00"
        },
        {
          "fold_id": 12,
          "mean": -0.0004220279758205123,
          "n": 70,
          "test_end": "2025-11-07T00:00:00+00:00",
          "test_start": "2025-10-23T00:00:00+00:00"
        },
        {
          "fold_id": 13,
          "mean": -0.0017487925593109935,
          "n": 73,
          "test_end": "2025-11-22T00:00:00+00:00",
          "test_start": "2025-11-07T00:00:00+00:00"
        },
        {
          "fold_id": 14,
          "mean": -0.0015667096668446332,
          "n": 69,
          "test_end": "2025-12-07T00:00:00+00:00",
          "test_start": "2025-11-22T00:00:00+00:00"
        },
        {
          "fold_id": 15,
          "mean": -0.0010119301206843899,
          "n": 70,
          "test_end": "2025-12-22T00:00:00+00:00",
          "test_start": "2025-12-07T00:00:00+00:00"
        },
        {
          "fold_id": 16,
          "mean": -0.0012853639163603854,
          "n": 73,
          "test_end": "2026-01-06T00:00:00+00:00",
          "test_start": "2025-12-22T00:00:00+00:00"
        },
        {
          "fold_id": 17,
          "mean": -0.0006293989444962841,
          "n": 64,
          "test_end": "2026-01-21T00:00:00+00:00",
          "test_start": "2026-01-06T00:00:00+00:00"
        },
        {
          "fold_id": 18,
          "mean": 0.0010835388092450143,
          "n": 68,
          "test_end": "2026-02-05T00:00:00+00:00",
          "test_start": "2026-01-21T00:00:00+00:00"
        },
        {
          "fold_id": 19,
          "mean": -0.0022125780242813003,
          "n": 69,
          "test_end": "2026-02-20T00:00:00+00:00",
          "test_start": "2026-02-05T00:00:00+00:00"
        }
      ],
      "positive_folds": {
        "count": 2,
        "pct": 10.526315789473685,
        "total": 19
      },
      "split": {
        "step_days": 15,
        "test_days": 15,
        "train_days": 60
      }
    },
    "bps8": {
      "aggregate": {
        "mean": -0.0008037590439765495,
        "mean_ci_high": -0.00046494337357800463,
        "mean_ci_low": -0.0011311260168989812,
        "n": 1316,
        "p_mean_gt_0": 0.0
      },
      "folds": [
        {
          "fold_id": 1,
          "mean": -0.001001237858951959,
          "n": 66,
          "test_end": "2025-05-26T00:00:00+00:00",
          "test_start": "2025-05-11T00:00:00+00:00"
        },
        {
          "fold_id": 2,
          "mean": -0.0007611374837645921,
          "n": 70,