{
  "baseline": {
    "bps10": {
      "mean": 0.00037888196310474214,
      "mean_ci_high": 0.0008026547505277583,
      "mean_ci_low": 2.000128334126547e-05,
      "n": 106,
      "p_mean_gt_0": 0.9793333333333333,
      "std": 0.0019583092217633365,
      "win_rate": 0.46226415094339623
    },
    "bps8": {
      "mean": 0.0005788819631047421,
      "mean_ci_high": 0.0010026547505277588,
      "mean_ci_low": 0.00022000128334126562,
      "n": 106,
      "p_mean_gt_0": 1.0,
      "std": 0.0019583092217633365,
      "win_rate": 0.5660377358490566
    },
    "gross": {
      "mean": 0.0013788819631047422,
      "mean_ci_high": 0.0018026547505277585,
      "mean_ci_low": 0.0010200012833412656,
      "n": 106,
      "p_mean_gt_0": 1.0,
      "std": 0.0019583092217633365,
      "win_rate": 0.7641509433962265
    }
  },
  "config": {
    "bootstrap_iters": 3000,
    "cost_mode": "all",
    "days": 365,
    "horizon": 8,
    "timeframe": "5m",
    "wf": {
      "step_days": 15,
      "test_days": 15,
      "train_days": 60
    }
  },
  "diagnostics_by_mode": {
    "bps10": {
      "mae_proxy_median": -0.00022144529867934581,
      "median_hold_return": -7.930314635456927e-05,
      "return_histogram_bins": [
        "(-inf,-1%)",
        "[-1%,-0.5%)",
        "[-0.5%,-0.2%)",
        "[-0.2%,0%)",
        "[0%,0.2%)",
        "[0.2%,0.5%)",
        "[0.5%,1%)",
        "[1%,inf)"
      ],
      "return_histogram_counts": [
        0,
        0,
        4,
        53,
        34,
        11,
        4,
        0
      ],
      "top10_pct_pnl_contribution": 1.2644786469294313,
      "trades_per_day": 0.3086255004246027
    },
    "bps8": {
      "mae_proxy_median": -0.00022144529867934581,
      "median_hold_return": 0.00012069685364543071,
      "return_histogram_bins": [
        "(-inf,-1%)",
        "[-1%,-0.5%)",
        "[-0.5%,-0.2%)",
        "[-0.2%,0%)",
        "[0%,0.2%)",
        "[0.2%,0.5%)",
        "[0.5%,1%)",
        "[1%,inf)"
      ],
      "return_histogram_counts": [
        0,
        0,
        3,
        43,
        40,
        16,
        4,
        0
      ],
      "top10_pct_pnl_contribution": 0.8634625033969874,
      "trades_per_day": 0.3086255004246027
    },
    "gross": {
      "mae_proxy_median": -0.00022144529867934581,
      "median_hold_return": 0.0009206968536454307,
      "return_histogram_bins": [
        "(-inf,-1%)",
        "[-1%,-0.5%)",
        "[-0.5%,-0.2%)",
        "[-0.2%,0%)",
        "[0%,0.2%)",
        "[0.2%,0.5%)",
        "[0.5%,1%)",
        "[1%,inf)"
      ],
      "return_histogram_counts": [
        0,
        0,
        1,
        23,
        54,
        23,
        4,
        1
      ],
      "top10_pct_pnl_contribution": 0.4227060419630975,
      "trades_per_day": 0.3086255004246027
    }
  },
  "family": "cross_asset_divergence",
  "hypothesis_id": "H256",
  "timestamp_utc": "2026-03-11T23:38:56+00:00",
  "wf_by_mode": {
    "bps10": {
      "aggregate": {
        "mean": 0.0004398748294278612,
        "mean_ci_high": 0.0009560396193967651,
        "mean_ci_low": -1.8220654130442082e-05,
        "n": 73,
        "p_mean_gt_0": 0.971
      },
      "folds": [
        {
          "fold_id": 1,
          "mean": 0.0025044356952000474,
          "n": 5,
          "test_end": "2025-05-30T00:00:00+00:00",
          "test_start": "2025-05-15T00:00:00+00:00"
        },
        {
          "fold_id": 2,
          "mean": -0.0009302208409990512,
          "n": 5,
          "test_end": "2025-06-14T00:00:00+00:00",
          "test_start": "2025-05-30T00:00:00+00:00"
        },
        {
          "fold_id": 3,
          "mean": 0.0008480651001511194,
          "n": 2,
          "test_end": "2025-06-29T00:00:00+00:00",
          "test_start": "2025-06-14T00:00:00+00:00"
        },
        {
          "fold_id": 4,
          "mean": -0.0004646291554597495,
          "n": 6,
          "test_end": "2025-07-14T00:00:00+00:00",
          "test_start": "2025-06-29T00:00:00+00:00"
        },
        {
          "fold_id": 5,
          "mean": 0.0007539745214259217,
          "n": 4,
          "test_end": "2025-07-29T00:00:00+00:00",
          "test_start": "2025-07-14T00:00:00+00:00"
        },
        {
          "fold_id": 6,
          "mean": 0.0005258429343560364,
          "n": 4,
          "test_end": "2025-08-13T00:00:00+00:00",
          "test_start": "2025-07-29T00:00:00+00:00"
        },
        {
          "fold_id": 7,
          "mean": -0.0014049175196818578,
          "n": 1,
          "test_end": "2025-08-28T00:00:00+00:00",
          "test_start": "2025-08-13T00:00:00+00:00"
        },
        {
          "fold_id": 8,
          "mean": -0.0001469719846183262,
          "n": 2,
          "test_end": "2025-09-12T00:00:00+00:00",
          "test_start": "2025-08-28T00:00:00+00:00"
        },
        {
          "fold_id": 9,
          "mean": -0.0005726316552118407,
          "n": 5,
          "test_end": "2025-09-27T00:00:00+00:00",
          "test_start": "2025-09-12T00:00:00+00:00"
        },
        {
          "fold_id": 10,
          "mean": -0.0005833191692896266,
          "n": 6,
          "test_end": "2025-10-12T00:00:00+00:00",
          "test_start": "2025-09-27T00:00:00+00:00"
        },
        {
          "fold_id": 11,
          "mean": 0.0003985845832882315,
          "n": 2,
          "test_end": "2025-10-27T00:00:00+00:00",
          "test_start": "2025-10-12T00:00:00+00:00"
        },
        {
          "fold_id": 12,
          "mean": 0.0017584656042128896,
          "n": 2,
          "test_end": "2025-11-11T00:00:00+00:00",
          "test_start": "2025-10-27T00:00:00+00:00"
        },
        {
          "fold_id": 13,
          "mean": -0.0006725066292028728,
          "n": 2,
          "test_end": "2025-11-26T00:00:00+00:00",
          "test_start": "2025-11-11T00:00:00+00:00"
        },
        {
          "fold_id": 14,
          "mean": 0.001950796781243239,
          "n": 9,
          "test_end": "2025-12-11T00:00:00+00:00",
          "test_start": "2025-11-26T00:00:00+00:00"
        },
        {
          "fold_id": 15,
          "mean": 1.3575703034082674e-05,
          "n": 6,
          "test_end": "2025-12-26T00:00:00+00:00",
          "test_start": "2025-12-11T00:00:00+00:00"
        },
        {
          "fold_id": 16,
          "mean": 0.0014650504732324216,
          "n": 8,
          "test_end": "2026-01-10T00:00:00+00:00",
          "test_start": "2025-12-26T00:00:00+00:00"
        },
        {
          "fold_id": 17,
          "mean": -0.001013504546144183,
          "n": 4,
          "test_end": "2026-01-25T00:00:00+00:00",
          "test_start": "2026-01-10T00:00:00+00:00"
        },
        {
          "fold_id": 18,
          "mean": 0.0,
          "n": 0,
          "test_end": "2026-02-09T00:00:00+00:00",
          "test_start": "2026-01-25T00:00:00+00:00"
        }
      ],
      "positive_folds": {
        "count": 9,
        "pct": 50.0,
        "total": 18
      },
      "split": {
        "step_days": 15,
        "test_days": 15,
        "train_days": 60
      }
    },
    "bps8": {
      "aggregate": {
        "mean": 0.0006398748294278612,
        "mean_ci_high": 0.0011560396193967652,
        "mean_ci_low": 0.00018177934586955803,
        "n": 73,
        "p_mean_gt_0": 0.9983333333333333
      },
      "folds": [
        {
          "fold_id": 1,
          "mean": 0.0027044356952000475,
          "n": 5,
          "test_end": "2025-05-30T00:00:00+00:00",
          "test_start": "2025-05-15T00:00:00+00:00"
        },
        {
          "fold_id": 2,
          "mean": -0.0007302208409990511,
          "n": 5,
          "test_end": "2025-06-14T00:00:00+00:00",
          "test_start": "2025-05-30T00:00:00+00:00"
        },
        {
          "fold_id": 3,
          "mean": 0.0010480651001511195,
          "n": 2,
          "test_end": "2025-06-29T00:00:00+00:00",