{
  "baseline": {
    "bps10": {
      "mean": 0.0013491604271122506,
      "mean_ci_high": 0.002088119460195353,
      "mean_ci_low": 0.0006410539313911279,
      "n": 323,
      "p_mean_gt_0": 0.9996666666666667,
      "std": 0.006768238769126221,
      "win_rate": 0.5294117647058824
    },
    "bps8": {
      "mean": 0.001549160427112251,
      "mean_ci_high": 0.0022881194601953535,
      "mean_ci_low": 0.0008410539313911282,
      "n": 323,
      "p_mean_gt_0": 1.0,
      "std": 0.006768238769126221,
      "win_rate": 0.5634674922600619
    },
    "gross": {
      "mean": 0.0023491604271122513,
      "mean_ci_high": 0.003088119460195354,
      "mean_ci_low": 0.0016410539313911285,
      "n": 323,
      "p_mean_gt_0": 1.0,
      "std": 0.006768238769126221,
      "win_rate": 0.6470588235294118
    }
  },
  "config": {
    "bootstrap_iters": 3000,
    "cost_mode": "all",
    "days": 365,
    "horizon": 24,
    "timeframe": "5m",
    "wf": {
      "step_days": 15,
      "test_days": 15,
      "train_days": 60
    }
  },
  "diagnostics_by_mode": {
    "bps10": {
      "mae_proxy_median": -0.0010241940947439687,
      "median_hold_return": 0.00043837885363062854,
      "return_histogram_bins": [
        "(-inf,-1%)",
        "[-1%,-0.5%)",
        "[-0.5%,-0.2%)",
        "[-0.2%,0%)",
        "[0%,0.2%)",
        "[0.2%,0.5%)",
        "[0.5%,1%)",
        "[1%,inf)"
      ],
      "return_histogram_counts": [
        9,
        22,
        56,
        65,
        53,
        51,
        40,
        27
      ],
      "top10_pct_pnl_contribution": 1.1655833107207012,
      "trades_per_day": 0.9340884443908904
    },
    "bps8": {
      "mae_proxy_median": -0.0010241940947439687,
      "median_hold_return": 0.0006383788536306285,
      "return_histogram_bins": [
        "(-inf,-1%)",
        "[-1%,-0.5%)",
        "[-0.5%,-0.2%)",
        "[-0.2%,0%)",
        "[0%,0.2%)",
        "[0.2%,0.5%)",
        "[0.5%,1%)",
        "[1%,inf)"
      ],
      "return_histogram_counts": [
        9,
        21,
        54,
        57,
        61,
        49,
        44,
        28
      ],
      "top10_pct_pnl_contribution": 1.0282939623166176,
      "trades_per_day": 0.9340884443908904
    },
    "gross": {
      "mae_proxy_median": -0.0010241940947439687,
      "median_hold_return": 0.0014383788536306286,
      "return_histogram_bins": [
        "(-inf,-1%)",
        "[-1%,-0.5%)",
        "[-0.5%,-0.2%)",
        "[-0.2%,0%)",
        "[0%,0.2%)",
        "[0.2%,0.5%)",
        "[0.5%,1%)",
        "[1%,inf)"
      ],
      "return_histogram_counts": [
        7,
        18,
        40,
        49,
        64,
        57,
        57,
        31
      ],
      "top10_pct_pnl_contribution": 0.7129040829485107,
      "trades_per_day": 0.9340884443908904
    }
  },
  "family": "cross_asset_regime",
  "hypothesis_id": "H259",
  "timestamp_utc": "2026-03-11T23:41:33+00:00",
  "wf_by_mode": {
    "bps10": {
      "aggregate": {
        "mean": 0.0013828654661268516,
        "mean_ci_high": 0.00222456831006881,
        "mean_ci_low": 0.0005851150512629873,
        "n": 251,
        "p_mean_gt_0": 0.9996666666666667
      },
      "folds": [
        {
          "fold_id": 1,
          "mean": 0.0013441455414851759,
          "n": 10,
          "test_end": "2025-05-26T00:00:00+00:00",
          "test_start": "2025-05-11T00:00:00+00:00"
        },
        {
          "fold_id": 2,
          "mean": 0.000440632351247147,
          "n": 15,
          "test_end": "2025-06-10T00:00:00+00:00",
          "test_start": "2025-05-26T00:00:00+00:00"
        },
        {
          "fold_id": 3,
          "mean": 0.0015327510833642935,
          "n": 13,
          "test_end": "2025-06-25T00:00:00+00:00",
          "test_start": "2025-06-10T00:00:00+00:00"
        },
        {
          "fold_id": 4,
          "mean": -0.0005968683802746294,
          "n": 18,
          "test_end": "2025-07-10T00:00:00+00:00",
          "test_start": "2025-06-25T00:00:00+00:00"
        },
        {
          "fold_id": 5,
          "mean": 0.0006048840634888872,
          "n": 10,
          "test_end": "2025-07-25T00:00:00+00:00",
          "test_start": "2025-07-10T00:00:00+00:00"
        },
        {
          "fold_id": 6,
          "mean": 0.00223289571770494,
          "n": 14,
          "test_end": "2025-08-09T00:00:00+00:00",
          "test_start": "2025-07-25T00:00:00+00:00"
        },
        {
          "fold_id": 7,
          "mean": 0.0031384229005498644,
          "n": 10,
          "test_end": "2025-08-24T00:00:00+00:00",
          "test_start": "2025-08-09T00:00:00+00:00"
        },
        {
          "fold_id": 8,
          "mean": 0.0007631774881104292,
          "n": 17,
          "test_end": "2025-09-08T00:00:00+00:00",
          "test_start": "2025-08-24T00:00:00+00:00"
        },
        {
          "fold_id": 9,
          "mean": 0.002733222168556003,
          "n": 11,
          "test_end": "2025-09-23T00:00:00+00:00",
          "test_start": "2025-09-08T00:00:00+00:00"
        },
        {
          "fold_id": 10,
          "mean": -0.0012345007486077447,
          "n": 17,
          "test_end": "2025-10-08T00:00:00+00:00",
          "test_start": "2025-09-23T00:00:00+00:00"
        },
        {
          "fold_id": 11,
          "mean": 0.007017481148340865,
          "n": 10,
          "test_end": "2025-10-23T00:00:00+00:00",
          "test_start": "2025-10-08T00:00:00+00:00"
        },
        {
          "fold_id": 12,
          "mean": 0.0012618520238835953,
          "n": 11,
          "test_end": "2025-11-07T00:00:00+00:00",
          "test_start": "2025-10-23T00:00:00+00:00"
        },
        {
          "fold_id": 13,
          "mean": 0.00043102194406362786,
          "n": 12,
          "test_end": "2025-11-22T00:00:00+00:00",
          "test_start": "2025-11-07T00:00:00+00:00"
        },
        {
          "fold_id": 14,
          "mean": 0.0024226173310553686,
          "n": 19,
          "test_end": "2025-12-07T00:00:00+00:00",
          "test_start": "2025-11-22T00:00:00+00:00"
        },
        {
          "fold_id": 15,
          "mean": 0.004710278519523565,
          "n": 13,
          "test_end": "2025-12-22T00:00:00+00:00",
          "test_start": "2025-12-07T00:00:00+00:00"
        },
        {
          "fold_id": 16,
          "mean": 0.00019011438224680947,
          "n": 15,
          "test_end": "2026-01-06T00:00:00+00:00",
          "test_start": "2025-12-22T00:00:00+00:00"
        },
        {
          "fold_id": 17,
          "mean": 0.0007227942400990234,
          "n": 13,
          "test_end": "2026-01-21T00:00:00+00:00",
          "test_start": "2026-01-06T00:00:00+00:00"
        },
        {
          "fold_id": 18,
          "mean": 0.0005402355982668813,
          "n": 9,
          "test_end": "2026-02-05T00:00:00+00:00",
          "test_start": "2026-01-21T00:00:00+00:00"
        },
        {
          "fold_id": 19,
          "mean": 0.0009656172573877522,
          "n": 14,
          "test_end": "2026-02-20T00:00:00+00:00",
          "test_start": "2026-02-05T00:00:00+00:00"
        }
      ],
      "positive_folds": {
        "count": 17,
        "pct": 89.47368421052632,
        "total": 19
      },
      "split": {
        "step_days": 15,
        "test_days": 15,
        "train_days": 60
      }
    },
    "bps8": {
      "aggregate": {
        "mean": 0.0015828654661268519,
        "mean_ci_high": 0.0024245683100688107,
        "mean_ci_low": 0.0007851150512629873,
        "n": 251,
        "p_mean_gt_0": 1.0
      },
      "folds": [
        {
          "fold_id": 1,
          "mean": 0.001544145541485176,
          "n": 10,
          "test_end": "2025-05-26T00:00:00+00:00",
          "test_start": "2025-05-11T00:00:00+00:00"
        },
        {
          "fold_id": 2,
          "mean": 0.0006406323512471468,
          "n": 15,
          "test_end": "2025-06-10T00:00:00+00:00",