{
  "baseline": {
    "bps10": {
      "mean": 0.0009043791961574171,
      "mean_ci_high": 0.0015656325624387808,
      "mean_ci_low": 0.00029417140567425973,
      "n": 106,
      "p_mean_gt_0": 0.999,
      "std": 0.003323286657955568,
      "win_rate": 0.5566037735849056
    },
    "bps8": {
      "mean": 0.0011043791961574175,
      "mean_ci_high": 0.0017656325624387814,
      "mean_ci_low": 0.0004941714056742599,
      "n": 106,
      "p_mean_gt_0": 1.0,
      "std": 0.003323286657955568,
      "win_rate": 0.6132075471698113
    },
    "gross": {
      "mean": 0.0019043791961574174,
      "mean_ci_high": 0.002565632562438781,
      "mean_ci_low": 0.0012941714056742598,
      "n": 106,
      "p_mean_gt_0": 1.0,
      "std": 0.003323286657955568,
      "win_rate": 0.8113207547169812
    }
  },
  "config": {
    "bootstrap_iters": 3000,
    "cost_mode": "all",
    "days": 365,
    "horizon": 12,
    "timeframe": "5m",
    "wf": {
      "step_days": 15,
      "test_days": 15,
      "train_days": 60
    }
  },
  "diagnostics_by_mode": {
    "bps10": {
      "mae_proxy_median": -0.000352176905695889,
      "median_hold_return": 0.00013883392280617055,
      "return_histogram_bins": [
        "(-inf,-1%)",
        "[-1%,-0.5%)",
        "[-0.5%,-0.2%)",
        "[-0.2%,0%)",
        "[0%,0.2%)",
        "[0.2%,0.5%)",
        "[0.5%,1%)",
        "[1%,inf)"
      ],
      "return_histogram_counts": [
        0,
        2,
        7,
        38,
        34,
        16,
        6,
        3
      ],
      "top10_pct_pnl_contribution": 0.947750547917419,
      "trades_per_day": 0.3086255004246027
    },
    "bps8": {
      "mae_proxy_median": -0.000352176905695889,
      "median_hold_return": 0.00033883392280617053,
      "return_histogram_bins": [
        "(-inf,-1%)",
        "[-1%,-0.5%)",
        "[-0.5%,-0.2%)",
        "[-0.2%,0%)",
        "[0%,0.2%)",
        "[0.2%,0.5%)",
        "[0.5%,1%)",
        "[1%,inf)"
      ],
      "return_histogram_counts": [
        0,
        2,
        5,
        34,
        36,
        20,
        6,
        3
      ],
      "top10_pct_pnl_contribution": 0.7949086678913738,
      "trades_per_day": 0.3086255004246027
    },
    "gross": {
      "mae_proxy_median": -0.000352176905695889,
      "median_hold_return": 0.0011388339228061706,
      "return_histogram_bins": [
        "(-inf,-1%)",
        "[-1%,-0.5%)",
        "[-0.5%,-0.2%)",
        "[-0.2%,0%)",
        "[0%,0.2%)",
        "[0.2%,0.5%)",
        "[0.5%,1%)",
        "[1%,inf)"
      ],
      "return_histogram_counts": [
        0,
        1,
        3,
        16,
        49,
        26,
        8,
        3
      ],
      "top10_pct_pnl_contribution": 0.5045735983294888,
      "trades_per_day": 0.3086255004246027
    }
  },
  "family": "cross_asset_divergence",
  "hypothesis_id": "H260",
  "timestamp_utc": "2026-03-11T23:41:41+00:00",
  "wf_by_mode": {
    "bps10": {
      "aggregate": {
        "mean": 0.0013235593579095115,
        "mean_ci_high": 0.0021946679837574045,
        "mean_ci_low": 0.0005611613613387015,
        "n": 73,
        "p_mean_gt_0": 1.0
      },
      "folds": [
        {
          "fold_id": 1,
          "mean": 0.00417878036421775,
          "n": 5,
          "test_end": "2025-05-30T00:00:00+00:00",
          "test_start": "2025-05-15T00:00:00+00:00"
        },
        {
          "fold_id": 2,
          "mean": 0.0016010164033131164,
          "n": 5,
          "test_end": "2025-06-14T00:00:00+00:00",
          "test_start": "2025-05-30T00:00:00+00:00"
        },
        {
          "fold_id": 3,
          "mean": 0.0016761238471563198,
          "n": 2,
          "test_end": "2025-06-29T00:00:00+00:00",
          "test_start": "2025-06-14T00:00:00+00:00"
        },
        {
          "fold_id": 4,
          "mean": 0.0005246621815685849,
          "n": 6,
          "test_end": "2025-07-14T00:00:00+00:00",
          "test_start": "2025-06-29T00:00:00+00:00"
        },
        {
          "fold_id": 5,
          "mean": 0.0010003468647112332,
          "n": 4,
          "test_end": "2025-07-29T00:00:00+00:00",
          "test_start": "2025-07-14T00:00:00+00:00"
        },
        {
          "fold_id": 6,
          "mean": 0.003680819686152609,
          "n": 4,
          "test_end": "2025-08-13T00:00:00+00:00",
          "test_start": "2025-07-29T00:00:00+00:00"
        },
        {
          "fold_id": 7,
          "mean": 0.002254236090530105,
          "n": 1,
          "test_end": "2025-08-28T00:00:00+00:00",
          "test_start": "2025-08-13T00:00:00+00:00"
        },
        {
          "fold_id": 8,
          "mean": 0.0002489237399931352,
          "n": 2,
          "test_end": "2025-09-12T00:00:00+00:00",
          "test_start": "2025-08-28T00:00:00+00:00"
        },
        {
          "fold_id": 9,
          "mean": -0.0004787059829957077,
          "n": 5,
          "test_end": "2025-09-27T00:00:00+00:00",
          "test_start": "2025-09-12T00:00:00+00:00"
        },
        {
          "fold_id": 10,
          "mean": -0.0002433622131042248,
          "n": 6,
          "test_end": "2025-10-12T00:00:00+00:00",
          "test_start": "2025-09-27T00:00:00+00:00"
        },
        {
          "fold_id": 11,
          "mean": 0.0012041675401170968,
          "n": 2,
          "test_end": "2025-10-27T00:00:00+00:00",
          "test_start": "2025-10-12T00:00:00+00:00"
        },
        {
          "fold_id": 12,
          "mean": 0.001130800056200255,
          "n": 2,
          "test_end": "2025-11-11T00:00:00+00:00",
          "test_start": "2025-10-27T00:00:00+00:00"
        },
        {
          "fold_id": 13,
          "mean": 0.002710943559670221,
          "n": 2,
          "test_end": "2025-11-26T00:00:00+00:00",
          "test_start": "2025-11-11T00:00:00+00:00"
        },
        {
          "fold_id": 14,
          "mean": 0.00358571174551302,
          "n": 9,
          "test_end": "2025-12-11T00:00:00+00:00",
          "test_start": "2025-11-26T00:00:00+00:00"
        },
        {
          "fold_id": 15,
          "mean": -0.00013250081082309134,
          "n": 6,
          "test_end": "2025-12-26T00:00:00+00:00",
          "test_start": "2025-12-11T00:00:00+00:00"
        },
        {
          "fold_id": 16,
          "mean": 0.0003416260026788418,
          "n": 8,
          "test_end": "2026-01-10T00:00:00+00:00",
          "test_start": "2025-12-26T00:00:00+00:00"
        },
        {
          "fold_id": 17,
          "mean": -0.00017591231310912139,
          "n": 4,
          "test_end": "2026-01-25T00:00:00+00:00",
          "test_start": "2026-01-10T00:00:00+00:00"
        },
        {
          "fold_id": 18,
          "mean": 0.0,
          "n": 0,
          "test_end": "2026-02-09T00:00:00+00:00",
          "test_start": "2026-01-25T00:00:00+00:00"
        }
      ],
      "positive_folds": {
        "count": 13,
        "pct": 72.22222222222223,
        "total": 18
      },
      "split": {
        "step_days": 15,
        "test_days": 15,
        "train_days": 60
      }
    },
    "bps8": {
      "aggregate": {
        "mean": 0.001523559357909512,
        "mean_ci_high": 0.002394667983757405,
        "mean_ci_low": 0.0007611613613387016,
        "n": 73,
        "p_mean_gt_0": 1.0
      },
      "folds": [
        {
          "fold_id": 1,
          "mean": 0.004378780364217749,
          "n": 5,
          "test_end": "2025-05-30T00:00:00+00:00",
          "test_start": "2025-05-15T00:00:00+00:00"
        },
        {
          "fold_id": 2,
          "mean": 0.0018010164033131163,
          "n": 5,
          "test_end": "2025-06-14T00:00:00+00:00",
          "test_start": "2025-05-30T00:00:00+00:00"
        },
        {
          "fold_id": 3,
          "mean": 0.0018761238471563196,
          "n": 2,
          "test_end": "2025-06-29T00:00:00+00:00",
          "test_start": "2025-06-14T00:00:00+00:00"
        },
        {
          "fold_id": 4,