{
  "baseline": {
    "bps10": {
      "mean": -0.0013797502624129361,
      "mean_ci_high": -0.000812828421066381,
      "mean_ci_low": -0.0019729433268358917,
      "n": 988,
      "p_mean_gt_0": 0.0,
      "std": 0.009078318200370738,
      "win_rate": 0.4180161943319838
    },
    "bps8": {
      "mean": -0.0011797502624129354,
      "mean_ci_high": -0.0006128284210663806,
      "mean_ci_low": -0.0017729433268358907,
      "n": 988,
      "p_mean_gt_0": 0.0,
      "std": 0.009078318200370738,
      "win_rate": 0.4311740890688259
    },
    "gross": {
      "mean": -0.0003797502624129353,
      "mean_ci_high": 0.00018717157893361963,
      "mean_ci_low": -0.0009729433268358909,
      "n": 988,
      "p_mean_gt_0": 0.09933333333333333,
      "std": 0.009078318200370738,
      "win_rate": 0.4908906882591093
    }
  },
  "config": {
    "bootstrap_iters": 3000,
    "cost_mode": "all",
    "days": 365,
    "horizon": 48,
    "timeframe": "5m",
    "wf": {
      "step_days": 15,
      "test_days": 15,
      "train_days": 60
    }
  },
  "diagnostics_by_mode": {
    "bps10": {
      "mae_proxy_median": -0.0034409706667464235,
      "median_hold_return": -0.0011259466065323123,
      "return_histogram_bins": [
        "(-inf,-1%)",
        "[-1%,-0.5%)",
        "[-0.5%,-0.2%)",
        "[-0.2%,0%)",
        "[0%,0.2%)",
        "[0.2%,0.5%)",
        "[0.5%,1%)",
        "[1%,inf)"
      ],
      "return_histogram_counts": [
        111,
        146,
        176,
        142,
        133,
        120,
        95,
        65
      ],
      "top10_pct_pnl_contribution": -1.0866917001474,
      "trades_per_day": 2.8534868328686898
    },
    "bps8": {
      "mae_proxy_median": -0.0034409706667464235,
      "median_hold_return": -0.0009259466065323123,
      "return_histogram_bins": [
        "(-inf,-1%)",
        "[-1%,-0.5%)",
        "[-0.5%,-0.2%)",
        "[-0.2%,0%)",
        "[0%,0.2%)",
        "[0.2%,0.5%)",
        "[0.5%,1%)",
        "[1%,inf)"
      ],
      "return_histogram_counts": [
        110,
        142,
        170,
        140,
        136,
        124,
        100,
        66
      ],
      "top10_pct_pnl_contribution": -1.2879027813587158,
      "trades_per_day": 2.8534868328686898
    },
    "gross": {
      "mae_proxy_median": -0.0034409706667464235,
      "median_hold_return": -0.00012594660653231227,
      "return_histogram_bins": [
        "(-inf,-1%)",
        "[-1%,-0.5%)",
        "[-0.5%,-0.2%)",
        "[-0.2%,0%)",
        "[0%,0.2%)",
        "[0.2%,0.5%)",
        "[0.5%,1%)",
        "[1%,inf)"
      ],
      "return_histogram_counts": [
        97,
        130,
        140,
        136,
        140,
        151,
        115,
        79
      ],
      "top10_pct_pnl_contribution": -4.212151368708698,
      "trades_per_day": 2.8534868328686898
    }
  },
  "family": "mean_reversion",
  "hypothesis_id": "H261",
  "timestamp_utc": "2026-03-12T00:10:08+00:00",
  "wf_by_mode": {
    "bps10": {
      "aggregate": {
        "mean": -0.0011645427763927704,
        "mean_ci_high": -0.0005288773227089556,
        "mean_ci_low": -0.0017463186005026643,
        "n": 819,
        "p_mean_gt_0": 0.0
      },
      "folds": [
        {
          "fold_id": 1,
          "mean": -0.000803229562487973,
          "n": 46,
          "test_end": "2025-05-26T00:00:00+00:00",
          "test_start": "2025-05-11T00:00:00+00:00"
        },
        {
          "fold_id": 2,
          "mean": -0.00043486772541225486,
          "n": 46,
          "test_end": "2025-06-10T00:00:00+00:00",
          "test_start": "2025-05-26T00:00:00+00:00"
        },
        {
          "fold_id": 3,
          "mean": -0.00043310643068647314,
          "n": 42,
          "test_end": "2025-06-25T00:00:00+00:00",
          "test_start": "2025-06-10T00:00:00+00:00"
        },
        {
          "fold_id": 4,
          "mean": -0.0012119987340488505,
          "n": 43,
          "test_end": "2025-07-10T00:00:00+00:00",
          "test_start": "2025-06-25T00:00:00+00:00"
        },
        {
          "fold_id": 5,
          "mean": -0.0017422039576672022,
          "n": 42,
          "test_end": "2025-07-25T00:00:00+00:00",
          "test_start": "2025-07-10T00:00:00+00:00"
        },
        {
          "fold_id": 6,
          "mean": -0.0008043825899622589,
          "n": 39,
          "test_end": "2025-08-09T00:00:00+00:00",
          "test_start": "2025-07-25T00:00:00+00:00"
        },
        {
          "fold_id": 7,
          "mean": -0.0021128111236525934,
          "n": 41,
          "test_end": "2025-08-24T00:00:00+00:00",
          "test_start": "2025-08-09T00:00:00+00:00"
        },
        {
          "fold_id": 8,
          "mean": -0.0010402764349842718,
          "n": 42,
          "test_end": "2025-09-08T00:00:00+00:00",
          "test_start": "2025-08-24T00:00:00+00:00"
        },
        {
          "fold_id": 9,
          "mean": -0.0012722004889000264,
          "n": 47,
          "test_end": "2025-09-23T00:00:00+00:00",
          "test_start": "2025-09-08T00:00:00+00:00"
        },
        {
          "fold_id": 10,
          "mean": -0.0013511436286405322,
          "n": 42,
          "test_end": "2025-10-08T00:00:00+00:00",
          "test_start": "2025-09-23T00:00:00+00:00"
        },
        {
          "fold_id": 11,
          "mean": -0.002073854707559645,
          "n": 42,
          "test_end": "2025-10-23T00:00:00+00:00",
          "test_start": "2025-10-08T00:00:00+00:00"
        },
        {
          "fold_id": 12,
          "mean": -0.0010081957674858036,
          "n": 45,
          "test_end": "2025-11-07T00:00:00+00:00",
          "test_start": "2025-10-23T00:00:00+00:00"
        },
        {
          "fold_id": 13,
          "mean": -0.0018347329869143184,
          "n": 44,
          "test_end": "2025-11-22T00:00:00+00:00",
          "test_start": "2025-11-07T00:00:00+00:00"
        },
        {
          "fold_id": 14,
          "mean": -0.0024790668480742474,
          "n": 43,
          "test_end": "2025-12-07T00:00:00+00:00",
          "test_start": "2025-11-22T00:00:00+00:00"
        },
        {
          "fold_id": 15,
          "mean": -0.0024338387560306407,
          "n": 42,
          "test_end": "2025-12-22T00:00:00+00:00",
          "test_start": "2025-12-07T00:00:00+00:00"
        },
        {
          "fold_id": 16,
          "mean": -0.002078957767169796,
          "n": 43,
          "test_end": "2026-01-06T00:00:00+00:00",
          "test_start": "2025-12-22T00:00:00+00:00"
        },
        {
          "fold_id": 17,
          "mean": 0.0003673133750645557,
          "n": 43,
          "test_end": "2026-01-21T00:00:00+00:00",
          "test_start": "2026-01-06T00:00:00+00:00"
        },
        {
          "fold_id": 18,
          "mean": 0.001911266942155475,
          "n": 45,
          "test_end": "2026-02-05T00:00:00+00:00",
          "test_start": "2026-01-21T00:00:00+00:00"
        },
        {
          "fold_id": 19,
          "mean": -0.0015591923013305057,
          "n": 42,
          "test_end": "2026-02-20T00:00:00+00:00",
          "test_start": "2026-02-05T00:00:00+00:00"
        }
      ],
      "positive_folds": {
        "count": 2,
        "pct": 10.526315789473685,
        "total": 19
      },
      "split": {
        "step_days": 15,
        "test_days": 15,
        "train_days": 60
      }
    },
    "bps8": {
      "aggregate": {
        "mean": -0.0009645427763927699,
        "mean_ci_high": -0.0003288773227089551,
        "mean_ci_low": -0.0015463186005026635,
        "n": 819,
        "p_mean_gt_0": 0.0016666666666666668
      },
      "folds": [
        {
          "fold_id": 1,
          "mean": -0.0006032295624879728,
          "n": 46,
          "test_end": "2025-05-26T00:00:00+00:00",
          "test_start": "2025-05-11T00:00:00+00:00"
        },
        {
          "fold_id": 2,
          "mean": -0.0002348677254122541,
          "n": 46,