{
  "baseline": {
    "bps10": {
      "mean": 0.0016311825105961566,
      "mean_ci_high": 0.0027502024028673287,
      "mean_ci_low": 0.000593442896768805,
      "n": 167,
      "p_mean_gt_0": 0.9993333333333333,
      "std": 0.007028697172751493,
      "win_rate": 0.5449101796407185
    },
    "bps8": {
      "mean": 0.0018311825105961576,
      "mean_ci_high": 0.002950202402867329,
      "mean_ci_low": 0.0007934428967688053,
      "n": 167,
      "p_mean_gt_0": 1.0,
      "std": 0.007028697172751494,
      "win_rate": 0.5808383233532934
    },
    "gross": {
      "mean": 0.002631182510596157,
      "mean_ci_high": 0.0037502024028673296,
      "mean_ci_low": 0.0015934428967688053,
      "n": 167,
      "p_mean_gt_0": 1.0,
      "std": 0.007028697172751494,
      "win_rate": 0.6646706586826348
    }
  },
  "config": {
    "bootstrap_iters": 3000,
    "cost_mode": "all",
    "days": 365,
    "horizon": 24,
    "timeframe": "5m",
    "wf": {
      "step_days": 15,
      "test_days": 15,
      "train_days": 60
    }
  },
  "diagnostics_by_mode": {
    "bps10": {
      "mae_proxy_median": -0.0008737925775292865,
      "median_hold_return": 0.0004475144140759788,
      "return_histogram_bins": [
        "(-inf,-1%)",
        "[-1%,-0.5%)",
        "[-0.5%,-0.2%)",
        "[-0.2%,0%)",
        "[0%,0.2%)",
        "[0.2%,0.5%)",
        "[0.5%,1%)",
        "[1%,inf)"
      ],
      "return_histogram_counts": [
        4,
        12,
        27,
        33,
        34,
        24,
        16,
        17
      ],
      "top10_pct_pnl_contribution": 1.050521813788986,
      "trades_per_day": 0.4835907335907336
    },
    "bps8": {
      "mae_proxy_median": -0.0008737925775292865,
      "median_hold_return": 0.0006475144140759788,
      "return_histogram_bins": [
        "(-inf,-1%)",
        "[-1%,-0.5%)",
        "[-0.5%,-0.2%)",
        "[-0.2%,0%)",
        "[0%,0.2%)",
        "[0.2%,0.5%)",
        "[0.5%,1%)",
        "[1%,inf)"
      ],
      "return_histogram_counts": [
        3,
        12,
        23,
        32,
        35,
        28,
        17,
        17
      ],
      "top10_pct_pnl_contribution": 0.9469029335175165,
      "trades_per_day": 0.4835907335907336
    },
    "gross": {
      "mae_proxy_median": -0.0008737925775292865,
      "median_hold_return": 0.0014475144140759788,
      "return_histogram_bins": [
        "(-inf,-1%)",
        "[-1%,-0.5%)",
        "[-0.5%,-0.2%)",
        "[-0.2%,0%)",
        "[0%,0.2%)",
        "[0.2%,0.5%)",
        "[0.5%,1%)",
        "[1%,inf)"
      ],
      "return_histogram_counts": [
        2,
        9,
        15,
        30,
        39,
        33,
        20,
        19
      ],
      "top10_pct_pnl_contribution": 0.6899518408651384,
      "trades_per_day": 0.4835907335907336
    }
  },
  "family": "cross_asset_regime",
  "hypothesis_id": "H262",
  "timestamp_utc": "2026-03-12T05:16:39+00:00",
  "wf_by_mode": {
    "bps10": {
      "aggregate": {
        "mean": 0.001465951387708524,
        "mean_ci_high": 0.0027314321446468637,
        "mean_ci_low": 0.0003754131317487938,
        "n": 129,
        "p_mean_gt_0": 0.9963333333333333
      },
      "folds": [
        {
          "fold_id": 1,
          "mean": 0.003499595034375839,
          "n": 6,
          "test_end": "2025-05-26T00:00:00+00:00",
          "test_start": "2025-05-11T00:00:00+00:00"
        },
        {
          "fold_id": 2,
          "mean": 0.0002740616132726331,
          "n": 8,
          "test_end": "2025-06-10T00:00:00+00:00",
          "test_start": "2025-05-26T00:00:00+00:00"
        },
        {
          "fold_id": 3,
          "mean": 0.0019169440818637515,
          "n": 6,
          "test_end": "2025-06-25T00:00:00+00:00",
          "test_start": "2025-06-10T00:00:00+00:00"
        },
        {
          "fold_id": 4,
          "mean": -0.00042592845931103875,
          "n": 8,
          "test_end": "2025-07-10T00:00:00+00:00",
          "test_start": "2025-06-25T00:00:00+00:00"
        },
        {
          "fold_id": 5,
          "mean": 0.0002405193227635891,
          "n": 3,
          "test_end": "2025-07-25T00:00:00+00:00",
          "test_start": "2025-07-10T00:00:00+00:00"
        },
        {
          "fold_id": 6,
          "mean": -0.0007447395680292839,
          "n": 8,
          "test_end": "2025-08-09T00:00:00+00:00",
          "test_start": "2025-07-25T00:00:00+00:00"
        },
        {
          "fold_id": 7,
          "mean": 0.0025155481449618366,
          "n": 6,
          "test_end": "2025-08-24T00:00:00+00:00",
          "test_start": "2025-08-09T00:00:00+00:00"
        },
        {
          "fold_id": 8,
          "mean": -0.0003919060219360853,
          "n": 9,
          "test_end": "2025-09-08T00:00:00+00:00",
          "test_start": "2025-08-24T00:00:00+00:00"
        },
        {
          "fold_id": 9,
          "mean": 0.004253424467728334,
          "n": 4,
          "test_end": "2025-09-23T00:00:00+00:00",
          "test_start": "2025-09-08T00:00:00+00:00"
        },
        {
          "fold_id": 10,
          "mean": -0.00045744580237926016,
          "n": 8,
          "test_end": "2025-10-08T00:00:00+00:00",
          "test_start": "2025-09-23T00:00:00+00:00"
        },
        {
          "fold_id": 11,
          "mean": 0.011221551676444563,
          "n": 6,
          "test_end": "2025-10-23T00:00:00+00:00",
          "test_start": "2025-10-08T00:00:00+00:00"
        },
        {
          "fold_id": 12,
          "mean": -0.00103824502894631,
          "n": 4,
          "test_end": "2025-11-07T00:00:00+00:00",
          "test_start": "2025-10-23T00:00:00+00:00"
        },
        {
          "fold_id": 13,
          "mean": 9.008483758860073e-05,
          "n": 6,
          "test_end": "2025-11-22T00:00:00+00:00",
          "test_start": "2025-11-07T00:00:00+00:00"
        },
        {
          "fold_id": 14,
          "mean": 0.0021023669493346127,
          "n": 11,
          "test_end": "2025-12-07T00:00:00+00:00",
          "test_start": "2025-11-22T00:00:00+00:00"
        },
        {
          "fold_id": 15,
          "mean": 0.006634050550661416,
          "n": 7,
          "test_end": "2025-12-22T00:00:00+00:00",
          "test_start": "2025-12-07T00:00:00+00:00"
        },
        {
          "fold_id": 16,
          "mean": -0.0013442114372370878,
          "n": 9,
          "test_end": "2026-01-06T00:00:00+00:00",
          "test_start": "2025-12-22T00:00:00+00:00"
        },
        {
          "fold_id": 17,
          "mean": 0.0006885928264806103,
          "n": 7,
          "test_end": "2026-01-21T00:00:00+00:00",
          "test_start": "2026-01-06T00:00:00+00:00"
        },
        {
          "fold_id": 18,
          "mean": 0.0015780694088482119,
          "n": 6,
          "test_end": "2026-02-05T00:00:00+00:00",
          "test_start": "2026-01-21T00:00:00+00:00"
        },
        {
          "fold_id": 19,
          "mean": 0.00038108985256330715,
          "n": 7,
          "test_end": "2026-02-20T00:00:00+00:00",
          "test_start": "2026-02-05T00:00:00+00:00"
        }
      ],
      "positive_folds": {
        "count": 13,
        "pct": 68.42105263157895,
        "total": 19
      },
      "split": {
        "step_days": 15,
        "test_days": 15,
        "train_days": 60
      }
    },
    "bps8": {
      "aggregate": {
        "mean": 0.0016659513877085243,
        "mean_ci_high": 0.002931432144646864,
        "mean_ci_low": 0.0005754131317487939,
        "n": 129,
        "p_mean_gt_0": 0.9993333333333333
      },
      "folds": [
        {
          "fold_id": 1,
          "mean": 0.0036995950343758394,
          "n": 6,
          "test_end": "2025-05-26T00:00:00+00:00",
          "test_start": "2025-05-11T00:00:00+00:00"
        },
        {
          "fold_id": 2,
          "mean": 0.00047406161327263364,
          "n": 8,
          "test_end": "2025-06-10T00:00:00+00:00",