{
  "baseline": {
    "bps10": {
      "mean": 0.002517205724721423,
      "mean_ci_high": 0.002826897100010381,
      "mean_ci_low": 0.002184111745483647,
      "n": 1025,
      "p_mean_gt_0": 1.0,
      "std": 0.005257645219096766,
      "win_rate": 0.6965853658536585
    },
    "bps8": {
      "mean": 0.0027172057247214234,
      "mean_ci_high": 0.0030268971000103812,
      "mean_ci_low": 0.0023841117454836474,
      "n": 1025,
      "p_mean_gt_0": 1.0,
      "std": 0.005257645219096766,
      "win_rate": 0.7151219512195122
    },
    "gross": {
      "mean": 0.0035172057247214233,
      "mean_ci_high": 0.003826897100010382,
      "mean_ci_low": 0.0031841117454836482,
      "n": 1025,
      "p_mean_gt_0": 1.0,
      "std": 0.005257645219096766,
      "win_rate": 0.7892682926829269
    }
  },
  "config": {
    "bootstrap_iters": 3000,
    "cost_mode": "all",
    "days": 365,
    "horizon": 12,
    "timeframe": "5m",
    "wf": {
      "step_days": 15,
      "test_days": 15,
      "train_days": 60
    }
  },
  "diagnostics_by_mode": {
    "bps10": {
      "mae_proxy_median": -0.0005010568323645659,
      "median_hold_return": 0.0020464021613687553,
      "return_histogram_bins": [
        "(-inf,-1%)",
        "[-1%,-0.5%)",
        "[-0.5%,-0.2%)",
        "[-0.2%,0%)",
        "[0%,0.2%)",
        "[0.2%,0.5%)",
        "[0.5%,1%)",
        "[1%,inf)"
      ],
      "return_histogram_counts": [
        8,
        34,
        102,
        167,
        192,
        281,
        161,
        80
      ],
      "top10_pct_pnl_contribution": 0.5300161929964916,
      "trades_per_day": 3.2406797523382953
    },
    "bps8": {
      "mae_proxy_median": -0.0005010568323645659,
      "median_hold_return": 0.0022464021613687554,
      "return_histogram_bins": [
        "(-inf,-1%)",
        "[-1%,-0.5%)",
        "[-0.5%,-0.2%)",
        "[-0.2%,0%)",
        "[0%,0.2%)",
        "[0.2%,0.5%)",
        "[0.5%,1%)",
        "[1%,inf)"
      ],
      "return_histogram_counts": [
        8,
        31,
        92,
        161,
        191,
        284,
        173,
        85
      ],
      "top10_pct_pnl_contribution": 0.49840074450758665,
      "trades_per_day": 3.2406797523382953
    },
    "gross": {
      "mae_proxy_median": -0.0005010568323645659,
      "median_hold_return": 0.0030464021613687553,
      "return_histogram_bins": [
        "(-inf,-1%)",
        "[-1%,-0.5%)",
        "[-0.5%,-0.2%)",
        "[-0.2%,0%)",
        "[0%,0.2%)",
        "[0.2%,0.5%)",
        "[0.5%,1%)",
        "[1%,inf)"
      ],
      "return_histogram_counts": [
        7,
        22,
        67,
        120,
        174,
        319,
        216,
        100
      ],
      "top10_pct_pnl_contribution": 0.40789413880460523,
      "trades_per_day": 3.2406797523382953
    }
  },
  "family": "oi_liq",
  "hypothesis_id": "H264",
  "timestamp_utc": "2026-03-12T05:16:54+00:00",
  "wf_by_mode": {
    "bps10": {
      "aggregate": {
        "mean": 0.00251481646084648,
        "mean_ci_high": 0.002881054038032277,
        "mean_ci_low": 0.0021373511585882974,
        "n": 790,
        "p_mean_gt_0": 1.0
      },
      "folds": [
        {
          "fold_id": 1,
          "mean": 0.002197102000210661,
          "n": 47,
          "test_end": "2025-06-25T00:00:00+00:00",
          "test_start": "2025-06-10T00:00:00+00:00"
        },
        {
          "fold_id": 2,
          "mean": 0.00155563032466907,
          "n": 48,
          "test_end": "2025-07-10T00:00:00+00:00",
          "test_start": "2025-06-25T00:00:00+00:00"
        },
        {
          "fold_id": 3,
          "mean": 0.002319506675131975,
          "n": 56,
          "test_end": "2025-07-25T00:00:00+00:00",
          "test_start": "2025-07-10T00:00:00+00:00"
        },
        {
          "fold_id": 4,
          "mean": 0.001170792886613293,
          "n": 40,
          "test_end": "2025-08-09T00:00:00+00:00",
          "test_start": "2025-07-25T00:00:00+00:00"
        },
        {
          "fold_id": 5,
          "mean": 0.0022234378363477476,
          "n": 40,
          "test_end": "2025-08-24T00:00:00+00:00",
          "test_start": "2025-08-09T00:00:00+00:00"
        },
        {
          "fold_id": 6,
          "mean": 0.002925066843675979,
          "n": 35,
          "test_end": "2025-09-08T00:00:00+00:00",
          "test_start": "2025-08-24T00:00:00+00:00"
        },
        {
          "fold_id": 7,
          "mean": 0.0017397786171557217,
          "n": 34,
          "test_end": "2025-09-23T00:00:00+00:00",
          "test_start": "2025-09-08T00:00:00+00:00"
        },
        {
          "fold_id": 8,
          "mean": 0.0017082195374939098,
          "n": 70,
          "test_end": "2025-10-08T00:00:00+00:00",
          "test_start": "2025-09-23T00:00:00+00:00"
        },
        {
          "fold_id": 9,
          "mean": 0.003407437302666216,
          "n": 44,
          "test_end": "2025-10-23T00:00:00+00:00",
          "test_start": "2025-10-08T00:00:00+00:00"
        },
        {
          "fold_id": 10,
          "mean": 0.0022275986587701026,
          "n": 40,
          "test_end": "2025-11-07T00:00:00+00:00",
          "test_start": "2025-10-23T00:00:00+00:00"
        },
        {
          "fold_id": 11,
          "mean": 0.002856694034406706,
          "n": 41,
          "test_end": "2025-11-22T00:00:00+00:00",
          "test_start": "2025-11-07T00:00:00+00:00"
        },
        {
          "fold_id": 12,
          "mean": 0.0034197273523578634,
          "n": 53,
          "test_end": "2025-12-07T00:00:00+00:00",
          "test_start": "2025-11-22T00:00:00+00:00"
        },
        {
          "fold_id": 13,
          "mean": 0.004523523640550971,
          "n": 34,
          "test_end": "2025-12-22T00:00:00+00:00",
          "test_start": "2025-12-07T00:00:00+00:00"
        },
        {
          "fold_id": 14,
          "mean": 0.001375193352183075,
          "n": 45,
          "test_end": "2026-01-06T00:00:00+00:00",
          "test_start": "2025-12-22T00:00:00+00:00"
        },
        {
          "fold_id": 15,
          "mean": 0.0028075040436423863,
          "n": 42,
          "test_end": "2026-01-21T00:00:00+00:00",
          "test_start": "2026-01-06T00:00:00+00:00"
        },
        {
          "fold_id": 16,
          "mean": 0.002941959935246197,
          "n": 63,
          "test_end": "2026-02-05T00:00:00+00:00",
          "test_start": "2026-01-21T00:00:00+00:00"
        },
        {
          "fold_id": 17,
          "mean": 0.0035458763530710606,
          "n": 58,
          "test_end": "2026-02-20T00:00:00+00:00",
          "test_start": "2026-02-05T00:00:00+00:00"
        }
      ],
      "positive_folds": {
        "count": 17,
        "pct": 100.0,
        "total": 17
      },
      "split": {
        "step_days": 15,
        "test_days": 15,
        "train_days": 60
      }
    },
    "bps8": {
      "aggregate": {
        "mean": 0.00271481646084648,
        "mean_ci_high": 0.0030810540380322776,
        "mean_ci_low": 0.002337351158588298,
        "n": 790,
        "p_mean_gt_0": 1.0
      },
      "folds": [
        {
          "fold_id": 1,
          "mean": 0.002397102000210662,
          "n": 47,
          "test_end": "2025-06-25T00:00:00+00:00",
          "test_start": "2025-06-10T00:00:00+00:00"
        },
        {
          "fold_id": 2,
          "mean": 0.0017556303246690705,
          "n": 48,
          "test_end": "2025-07-10T00:00:00+00:00",
          "test_start": "2025-06-25T00:00:00+00:00"
        },
        {
          "fold_id": 3,
          "mean": 0.002519506675131976,
          "n": 56,
          "test_end": "2025-07-25T00:00:00+00:00",
          "test_start": "2025-07-10T00:00:00+00:00"
        },
        {
          "fold_id": 4,
          "mean": 0.001370792886613293,
          "n": 40,
          "test_end": "2025-08-09T00:00:00+00:00",
          "test_start": "2025-07-25T00:00:00+00:00"
        },
        {
          "fold_id": 5,