{
  "baseline": {
    "bps10": {
      "mean": 0.00090728908158518,
      "mean_ci_high": 0.0016622609264042064,
      "mean_ci_low": 0.00011269213474869148,
      "n": 15,
      "p_mean_gt_0": 0.9896666666666667,
      "std": 0.0015177320621384408,
      "win_rate": 0.7333333333333333
    },
    "bps8": {
      "mean": 0.00110728908158518,
      "mean_ci_high": 0.0018622609264042072,
      "mean_ci_low": 0.00031269213474869153,
      "n": 15,
      "p_mean_gt_0": 0.996,
      "std": 0.0015177320621384408,
      "win_rate": 0.8
    },
    "gross": {
      "mean": 0.0019072890815851802,
      "mean_ci_high": 0.002662260926404207,
      "mean_ci_low": 0.0011126921347486913,
      "n": 15,
      "p_mean_gt_0": 1.0,
      "std": 0.0015177320621384408,
      "win_rate": 0.8
    }
  },
  "config": {
    "bootstrap_iters": 3000,
    "cost_mode": "all",
    "days": 365,
    "horizon": 6,
    "timeframe": "5m",
    "wf": {
      "step_days": 15,
      "test_days": 15,
      "train_days": 60
    }
  },
  "diagnostics_by_mode": {
    "bps10": {
      "mae_proxy_median": -2.1314579276232593e-05,
      "median_hold_return": 0.0011305682491277178,
      "return_histogram_bins": [
        "(-inf,-1%)",
        "[-1%,-0.5%)",
        "[-0.5%,-0.2%)",
        "[-0.2%,0%)",
        "[0%,0.2%)",
        "[0.2%,0.5%)",
        "[0.5%,1%)",
        "[1%,inf)"
      ],
      "return_histogram_counts": [
        0,
        0,
        0,
        4,
        7,
        4,
        0,
        0
      ],
      "top10_pct_pnl_contribution": 0.46024725485039875,
      "trades_per_day": 0.06577845451084888
    },
    "bps8": {
      "mae_proxy_median": -2.1314579276232593e-05,
      "median_hold_return": 0.0013305682491277179,
      "return_histogram_bins": [
        "(-inf,-1%)",
        "[-1%,-0.5%)",
        "[-0.5%,-0.2%)",
        "[-0.2%,0%)",
        "[0%,0.2%)",
        "[0.2%,0.5%)",
        "[0.5%,1%)",
        "[1%,inf)"
      ],
      "return_histogram_counts": [
        0,
        0,
        0,
        3,
        8,
        4,
        0,
        0
      ],
      "top10_pct_pnl_contribution": 0.40119963540687276,
      "trades_per_day": 0.06577845451084888
    },
    "gross": {
      "mae_proxy_median": -2.1314579276232593e-05,
      "median_hold_return": 0.002130568249127718,
      "return_histogram_bins": [
        "(-inf,-1%)",
        "[-1%,-0.5%)",
        "[-0.5%,-0.2%)",
        "[-0.2%,0%)",
        "[0%,0.2%)",
        "[0.2%,0.5%)",
        "[0.5%,1%)",
        "[1%,inf)"
      ],
      "return_histogram_counts": [
        0,
        0,
        0,
        3,
        4,
        8,
        0,
        0
      ],
      "top10_pct_pnl_contribution": 0.2888448572414522,
      "trades_per_day": 0.06577845451084888
    }
  },
  "family": "mean_reversion",
  "hypothesis_id": "H26",
  "timestamp_utc": "2026-02-23T06:30:46+00:00",
  "wf_by_mode": {
    "bps10": {
      "aggregate": {
        "mean": 0.00020224606453213365,
        "mean_ci_high": 0.001106040637818676,
        "mean_ci_low": -0.0006985834852555926,
        "n": 8,
        "p_mean_gt_0": 0.6796666666666666
      },
      "folds": [
        {
          "fold_id": 1,
          "mean": 0.0,
          "n": 0,
          "test_end": "2025-08-11T00:00:00+00:00",
          "test_start": "2025-07-27T00:00:00+00:00"
        },
        {
          "fold_id": 2,
          "mean": -0.000551082737834995,
          "n": 2,
          "test_end": "2025-08-26T00:00:00+00:00",
          "test_start": "2025-08-11T00:00:00+00:00"
        },
        {
          "fold_id": 3,
          "mean": 0.0,
          "n": 0,
          "test_end": "2025-09-10T00:00:00+00:00",
          "test_start": "2025-08-26T00:00:00+00:00"
        },
        {
          "fold_id": 4,
          "mean": -7.572978394068588e-05,
          "n": 4,
          "test_end": "2025-09-25T00:00:00+00:00",
          "test_start": "2025-09-10T00:00:00+00:00"
        },
        {
          "fold_id": 5,
          "mean": 0.0024344645407968777,
          "n": 1,
          "test_end": "2025-10-10T00:00:00+00:00",
          "test_start": "2025-09-25T00:00:00+00:00"
        },
        {
          "fold_id": 6,
          "mean": 0.000588588586892925,
          "n": 1,
          "test_end": "2025-10-25T00:00:00+00:00",
          "test_start": "2025-10-10T00:00:00+00:00"
        },
        {
          "fold_id": 7,
          "mean": 0.0,
          "n": 0,
          "test_end": "2025-11-09T00:00:00+00:00",
          "test_start": "2025-10-25T00:00:00+00:00"
        },
        {
          "fold_id": 8,
          "mean": 0.0,
          "n": 0,
          "test_end": "2025-11-24T00:00:00+00:00",
          "test_start": "2025-11-09T00:00:00+00:00"
        },
        {
          "fold_id": 9,
          "mean": 0.0,
          "n": 0,
          "test_end": "2025-12-09T00:00:00+00:00",
          "test_start": "2025-11-24T00:00:00+00:00"
        },
        {
          "fold_id": 10,
          "mean": 0.0,
          "n": 0,
          "test_end": "2025-12-24T00:00:00+00:00",
          "test_start": "2025-12-09T00:00:00+00:00"
        },
        {
          "fold_id": 11,
          "mean": 0.0,
          "n": 0,
          "test_end": "2026-01-08T00:00:00+00:00",
          "test_start": "2025-12-24T00:00:00+00:00"
        }
      ],
      "positive_folds": {
        "count": 2,
        "pct": 18.181818181818183,
        "total": 11
      },
      "split": {
        "step_days": 15,
        "test_days": 15,
        "train_days": 60
      }
    },
    "bps8": {
      "aggregate": {
        "mean": 0.00040224606453213374,
        "mean_ci_high": 0.0013060406378186762,
        "mean_ci_low": -0.0004985834852555925,
        "n": 8,
        "p_mean_gt_0": 0.8136666666666666
      },
      "folds": [
        {
          "fold_id": 1,
          "mean": 0.0,
          "n": 0,
          "test_end": "2025-08-11T00:00:00+00:00",
          "test_start": "2025-07-27T00:00:00+00:00"
        },
        {
          "fold_id": 2,
          "mean": -0.00035108273783499494,
          "n": 2,
          "test_end": "2025-08-26T00:00:00+00:00",
          "test_start": "2025-08-11T00:00:00+00:00"
        },
        {
          "fold_id": 3,
          "mean": 0.0,
          "n": 0,
          "test_end": "2025-09-10T00:00:00+00:00",
          "test_start": "2025-08-26T00:00:00+00:00"
        },
        {
          "fold_id": 4,
          "mean": 0.00012427021605931419,
          "n": 4,
          "test_end": "2025-09-25T00:00:00+00:00",
          "test_start": "2025-09-10T00:00:00+00:00"
        },
        {
          "fold_id": 5,
          "mean": 0.0026344645407968778,
          "n": 1,
          "test_end": "2025-10-10T00:00:00+00:00",
          "test_start": "2025-09-25T00:00:00+00:00"
        },
        {
          "fold_id": 6,
          "mean": 0.000788588586892925,
          "n": 1,
          "test_end": "2025-10-25T00:00:00+00:00",
          "test_start": "2025-10-10T00:00:00+00:00"
        },
        {
          "fold_id": 7,
          "mean": 0.0,
          "n": 0,
          "test_end": "2025-11-09T00:00:00+00:00",
          "test_start": "2025-10-25T00:00:00+00:00"
        },
        {
          "fold_id": 8,
          "mean": 0.0,
          "n": 0,
          "test_end": "2025-11-24T00:00:00+00:00",
          "test_start": "2025-11-09T00:00:00+00:00"
        },
        {
          "fold_id": 9,
          "mean": 0.0,
          "n": 0,
          "test_end": "2025-12-09T00:00:00+00:00",
          "test_start": "2025-11-24T00:00:00+00:00"
        },
        {
          "fold_id": 10,
          "mean": 0.0,
          "n": 0,
          "test_end": "2025-12-24T00:00:00+00:00",
          "test_start": "2025-12-09T00:00:00+00:00"
        },
        {
          "fold_id": 11,
          "mean": 0.0,
          "n": 0,
          "test_end": "2026-01-08T00:00:00+00:00",
          "test_start": "2025-12-24T00:00:00+00:00"
        }
      ],
      "positive_folds": {
        "count": 3,