{
  "baseline": {
    "bps10": {
      "mean": -0.0009957900735753154,
      "mean_ci_high": -0.0009413524888255818,
      "mean_ci_low": -0.0010460194148394473,
      "n": 10976,
      "p_mean_gt_0": 0.0,
      "std": 0.002824958364030024,
      "win_rate": 0.28316326530612246
    },
    "bps8": {
      "mean": -0.0007957900735753151,
      "mean_ci_high": -0.0007413524888255815,
      "mean_ci_low": -0.0008460194148394472,
      "n": 10976,
      "p_mean_gt_0": 0.0,
      "std": 0.002824958364030024,
      "win_rate": 0.3217930029154519
    },
    "gross": {
      "mean": 4.209926424684949e-06,
      "mean_ci_high": 5.864751117441847e-05,
      "mean_ci_low": -4.601941483944722e-05,
      "n": 10976,
      "p_mean_gt_0": 0.568,
      "std": 0.002824958364030024,
      "win_rate": 0.5029154518950437
    }
  },
  "config": {
    "bootstrap_iters": 3000,
    "cost_mode": "all",
    "days": 365,
    "horizon": 6,
    "timeframe": "5m",
    "wf": {
      "step_days": 15,
      "test_days": 15,
      "train_days": 60
    }
  },
  "diagnostics_by_mode": {
    "bps10": {
      "mae_proxy_median": -0.0007890425732234307,
      "median_hold_return": -0.0009882734082921054,
      "return_histogram_bins": [
        "(-inf,-1%)",
        "[-1%,-0.5%)",
        "[-0.5%,-0.2%)",
        "[-0.2%,0%)",
        "[0%,0.2%)",
        "[0.2%,0.5%)",
        "[0.5%,1%)",
        "[1%,inf)"
      ],
      "return_histogram_counts": [
        95,
        460,
        2550,
        4763,
        2120,
        759,
        181,
        48
      ],
      "top10_pct_pnl_contribution": -0.40467397929513305,
      "trades_per_day": 39.0542246821759
    },
    "bps8": {
      "mae_proxy_median": -0.0007890425732234307,
      "median_hold_return": -0.0007882734082921055,
      "return_histogram_bins": [
        "(-inf,-1%)",
        "[-1%,-0.5%)",
        "[-0.5%,-0.2%)",
        "[-0.2%,0%)",
        "[0%,0.2%)",
        "[0.2%,0.5%)",
        "[0.5%,1%)",
        "[1%,inf)"
      ],
      "return_histogram_counts": [
        90,
        424,
        2214,
        4716,
        2433,
        852,
        197,
        50
      ],
      "top10_pct_pnl_contribution": -0.5315190956651489,
      "trades_per_day": 39.0542246821759
    },
    "gross": {
      "mae_proxy_median": -0.0007890425732234307,
      "median_hold_return": 1.1726591707894585e-05,
      "return_histogram_bins": [
        "(-inf,-1%)",
        "[-1%,-0.5%)",
        "[-0.5%,-0.2%)",
        "[-0.2%,0%)",
        "[0%,0.2%)",
        "[0.2%,0.5%)",
        "[0.5%,1%)",
        "[1%,inf)"
      ],
      "return_histogram_counts": [
        73,
        282,
        1322,
        3777,
        3813,
        1346,
        309,
        54
      ],
      "top10_pct_pnl_contribution": 119.48113197789363,
      "trades_per_day": 39.0542246821759
    }
  },
  "family": "cross_asset_regime",
  "hypothesis_id": "H29",
  "timestamp_utc": "2026-02-23T06:30:54+00:00",
  "wf_by_mode": {
    "bps10": {
      "aggregate": {
        "mean": -0.001012331347603559,
        "mean_ci_high": -0.0009487161804144138,
        "mean_ci_low": -0.0010760565987861352,
        "n": 8119,
        "p_mean_gt_0": 0.0
      },
      "folds": [
        {
          "fold_id": 1,
          "mean": -0.0010333059156204367,
          "n": 526,
          "test_end": "2025-07-31T00:00:00+00:00",
          "test_start": "2025-07-16T00:00:00+00:00"
        },
        {
          "fold_id": 2,
          "mean": -0.0009575186968070459,
          "n": 508,
          "test_end": "2025-08-15T00:00:00+00:00",
          "test_start": "2025-07-31T00:00:00+00:00"
        },
        {
          "fold_id": 3,
          "mean": -0.0010403545650923291,
          "n": 528,
          "test_end": "2025-08-30T00:00:00+00:00",
          "test_start": "2025-08-15T00:00:00+00:00"
        },
        {
          "fold_id": 4,
          "mean": -0.0008784722377230697,
          "n": 610,
          "test_end": "2025-09-14T00:00:00+00:00",
          "test_start": "2025-08-30T00:00:00+00:00"
        },
        {
          "fold_id": 5,
          "mean": -0.0009615888510727664,
          "n": 644,
          "test_end": "2025-09-29T00:00:00+00:00",
          "test_start": "2025-09-14T00:00:00+00:00"
        },
        {
          "fold_id": 6,
          "mean": -0.0009689327592814282,
          "n": 606,
          "test_end": "2025-10-14T00:00:00+00:00",
          "test_start": "2025-09-29T00:00:00+00:00"
        },
        {
          "fold_id": 7,
          "mean": -0.0010068720948875525,
          "n": 603,
          "test_end": "2025-10-29T00:00:00+00:00",
          "test_start": "2025-10-14T00:00:00+00:00"
        },
        {
          "fold_id": 8,
          "mean": -0.001170659905754277,
          "n": 586,
          "test_end": "2025-11-13T00:00:00+00:00",
          "test_start": "2025-10-29T00:00:00+00:00"
        },
        {
          "fold_id": 9,
          "mean": -0.0010738855162068465,
          "n": 546,
          "test_end": "2025-11-28T00:00:00+00:00",
          "test_start": "2025-11-13T00:00:00+00:00"
        },
        {
          "fold_id": 10,
          "mean": -0.000961553947976766,
          "n": 578,
          "test_end": "2025-12-13T00:00:00+00:00",
          "test_start": "2025-11-28T00:00:00+00:00"
        },
        {
          "fold_id": 11,
          "mean": -0.0010289858366470694,
          "n": 644,
          "test_end": "2025-12-28T00:00:00+00:00",
          "test_start": "2025-12-13T00:00:00+00:00"
        },
        {
          "fold_id": 12,
          "mean": -0.0009261836142071015,
          "n": 674,
          "test_end": "2026-01-12T00:00:00+00:00",
          "test_start": "2025-12-28T00:00:00+00:00"
        },
        {
          "fold_id": 13,
          "mean": -0.0010429348431965752,
          "n": 600,
          "test_end": "2026-01-27T00:00:00+00:00",
          "test_start": "2026-01-12T00:00:00+00:00"
        },
        {
          "fold_id": 14,
          "mean": -0.001179446913177646,
          "n": 466,
          "test_end": "2026-02-11T00:00:00+00:00",
          "test_start": "2026-01-27T00:00:00+00:00"
        }
      ],
      "positive_folds": {
        "count": 0,
        "pct": 0.0,
        "total": 14
      },
      "split": {
        "step_days": 15,
        "test_days": 15,
        "train_days": 60
      }
    },
    "bps8": {
      "aggregate": {
        "mean": -0.0008123313476035587,
        "mean_ci_high": -0.0007487161804144135,
        "mean_ci_low": -0.0008760565987861349,
        "n": 8119,
        "p_mean_gt_0": 0.0
      },
      "folds": [
        {
          "fold_id": 1,
          "mean": -0.0008333059156204362,
          "n": 526,
          "test_end": "2025-07-31T00:00:00+00:00",
          "test_start": "2025-07-16T00:00:00+00:00"
        },
        {
          "fold_id": 2,
          "mean": -0.0007575186968070455,
          "n": 508,
          "test_end": "2025-08-15T00:00:00+00:00",
          "test_start": "2025-07-31T00:00:00+00:00"
        },
        {
          "fold_id": 3,
          "mean": -0.0008403545650923288,
          "n": 528,
          "test_end": "2025-08-30T00:00:00+00:00",
          "test_start": "2025-08-15T00:00:00+00:00"
        },
        {
          "fold_id": 4,
          "mean": -0.0006784722377230697,
          "n": 610,
          "test_end": "2025-09-14T00:00:00+00:00",
          "test_start": "2025-08-30T00:00:00+00:00"
        },
        {
          "fold_id": 5,
          "mean": -0.0007615888510727663,
          "n": 644,
          "test_end": "2025-09-29T00:00:00+00:00",
          "test_start": "2025-09-14T00:00:00+00:00"
        },
        {
          "fold_id": 6,
          "mean": -0.0007689327592814282,
          "n": 606,
          "test_end": "2025-10-14T00:00:00+00:00",
          "test_start": "2025-09-29T00:00:00+00:00"
        },
        {
          "fold_id": 7,
          "mean": -0.0008068720948875523,
          "n": 603,