{
  "baseline": {
    "bps10": {
      "mean": -0.0010146014510582786,
      "mean_ci_high": -0.0009076278663656214,
      "mean_ci_low": -0.0011222373996266851,
      "n": 3809,
      "p_mean_gt_0": 0.0,
      "std": 0.0033741846428277022,
      "win_rate": 0.3000787608296141
    },
    "bps8": {
      "mean": -0.0008146014510582783,
      "mean_ci_high": -0.0007076278663656211,
      "mean_ci_low": -0.0009222373996266847,
      "n": 3809,
      "p_mean_gt_0": 0.0,
      "std": 0.0033741846428277022,
      "win_rate": 0.3307954843791021
    },
    "gross": {
      "mean": -1.4601451058278225e-05,
      "mean_ci_high": 9.23721336343789e-05,
      "mean_ci_low": -0.00012223739962668477,
      "n": 3809,
      "p_mean_gt_0": 0.39266666666666666,
      "std": 0.0033741846428277022,
      "win_rate": 0.5014439485429246
    }
  },
  "config": {
    "bootstrap_iters": 3000,
    "cost_mode": "all",
    "days": 180,
    "horizon": 6,
    "timeframe": "5m",
    "wf": {
      "step_days": 15,
      "test_days": 15,
      "train_days": 60
    }
  },
  "diagnostics_by_mode": {
    "bps10": {
      "mae_proxy_median": -0.0008527168083772851,
      "median_hold_return": -0.0009944109092790967,
      "return_histogram_bins": [
        "(-inf,-1%)",
        "[-1%,-0.5%)",
        "[-0.5%,-0.2%)",
        "[-0.2%,0%)",
        "[0%,0.2%)",
        "[0.2%,0.5%)",
        "[0.5%,1%)",
        "[1%,inf)"
      ],
      "return_histogram_counts": [
        64,
        196,
        829,
        1577,
        724,
        305,
        85,
        29
      ],
      "top10_pct_pnl_contribution": -0.4805239820373955,
      "trades_per_day": 39.74464693308214
    },
    "bps8": {
      "mae_proxy_median": -0.0008527168083772851,
      "median_hold_return": -0.0007944109092790967,
      "return_histogram_bins": [
        "(-inf,-1%)",
        "[-1%,-0.5%)",
        "[-0.5%,-0.2%)",
        "[-0.2%,0%)",
        "[0%,0.2%)",
        "[0.2%,0.5%)",
        "[0.5%,1%)",
        "[1%,inf)"
      ],
      "return_histogram_counts": [
        61,
        183,
        737,
        1568,
        797,
        344,
        90,
        29
      ],
      "top10_pct_pnl_contribution": -0.6230600000847617,
      "trades_per_day": 39.74464693308214
    },
    "gross": {
      "mae_proxy_median": -0.0008527168083772851,
      "median_hold_return": 5.5890907209033e-06,
      "return_histogram_bins": [
        "(-inf,-1%)",
        "[-1%,-0.5%)",
        "[-0.5%,-0.2%)",
        "[-0.2%,0%)",
        "[0%,0.2%)",
        "[0.2%,0.5%)",
        "[0.5%,1%)",
        "[1%,inf)"
      ],
      "return_histogram_counts": [
        51,
        126,
        476,
        1245,
        1227,
        513,
        140,
        31
      ],
      "top10_pct_pnl_contribution": -40.24028712681928,
      "trades_per_day": 39.74464693308214
    }
  },
  "family": "cross_asset_regime",
  "hypothesis_id": "H29",
  "timestamp_utc": "2026-02-23T06:25:42+00:00",
  "wf_by_mode": {
    "bps10": {
      "aggregate": {
        "mean": -0.0011124357395302443,
        "mean_ci_high": -0.0008432294141976128,
        "mean_ci_low": -0.001373146533539647,
        "n": 1048,
        "p_mean_gt_0": 0.0
      },
      "folds": [
        {
          "fold_id": 1,
          "mean": -0.00122008725839962,
          "n": 548,
          "test_end": "2026-02-02T00:00:00+00:00",
          "test_start": "2026-01-18T00:00:00+00:00"
        },
        {
          "fold_id": 2,
          "mean": -0.0009944496748494082,
          "n": 500,
          "test_end": "2026-02-17T00:00:00+00:00",
          "test_start": "2026-02-02T00:00:00+00:00"
        }
      ],
      "positive_folds": {
        "count": 0,
        "pct": 0.0,
        "total": 2
      },
      "split": {
        "step_days": 15,
        "test_days": 15,
        "train_days": 60
      }
    },
    "bps8": {
      "aggregate": {
        "mean": -0.0009124357395302438,
        "mean_ci_high": -0.0006432294141976125,
        "mean_ci_low": -0.0011731465335396466,
        "n": 1048,
        "p_mean_gt_0": 0.0
      },
      "folds": [
        {
          "fold_id": 1,
          "mean": -0.0010200872583996199,
          "n": 548,
          "test_end": "2026-02-02T00:00:00+00:00",
          "test_start": "2026-01-18T00:00:00+00:00"
        },
        {
          "fold_id": 2,
          "mean": -0.0007944496748494078,
          "n": 500,
          "test_end": "2026-02-17T00:00:00+00:00",
          "test_start": "2026-02-02T00:00:00+00:00"
        }
      ],
      "positive_folds": {
        "count": 0,
        "pct": 0.0,
        "total": 2
      },
      "split": {
        "step_days": 15,
        "test_days": 15,
        "train_days": 60
      }
    },
    "gross": {
      "aggregate": {
        "mean": -0.00011243573953024388,
        "mean_ci_high": 0.00015677058580238753,
        "mean_ci_low": -0.0003731465335396465,
        "n": 1048,
        "p_mean_gt_0": 0.21666666666666667
      },
      "folds": [
        {
          "fold_id": 1,
          "mean": -0.0002200872583996198,
          "n": 548,
          "test_end": "2026-02-02T00:00:00+00:00",
          "test_start": "2026-01-18T00:00:00+00:00"
        },
        {
          "fold_id": 2,
          "mean": 5.550325150592173e-06,
          "n": 500,
          "test_end": "2026-02-17T00:00:00+00:00",
          "test_start": "2026-02-02T00:00:00+00:00"
        }
      ],
      "positive_folds": {
        "count": 1,
        "pct": 50.0,
        "total": 2
      },
      "split": {
        "step_days": 15,
        "test_days": 15,
        "train_days": 60
      }
    }
  }
}