{
  "baseline": {
    "bps10": {
      "mean": -0.0009144193637960353,
      "mean_ci_high": -0.0008619763683324334,
      "mean_ci_low": -0.0009691600591008052,
      "n": 10976,
      "p_mean_gt_0": 0.0,
      "std": 0.002823664894545848,
      "win_rate": 0.28762755102040816
    },
    "bps8": {
      "mean": -0.000714419363796035,
      "mean_ci_high": -0.0006619763683324334,
      "mean_ci_low": -0.0007691600591008049,
      "n": 10976,
      "p_mean_gt_0": 0.0,
      "std": 0.002823664894545848,
      "win_rate": 0.3211552478134111
    },
    "gross": {
      "mean": 8.558063620396511e-05,
      "mean_ci_high": 0.0001380236316675667,
      "mean_ci_low": 3.0839940899195085e-05,
      "n": 10976,
      "p_mean_gt_0": 0.9986666666666667,
      "std": 0.002823664894545848,
      "win_rate": 0.5003644314868805
    }
  },
  "config": {
    "bootstrap_iters": 3000,
    "cost_mode": "all",
    "days": 365,
    "horizon": 6,
    "timeframe": "5m",
    "wf": {
      "step_days": 15,
      "test_days": 15,
      "train_days": 60
    }
  },
  "diagnostics_by_mode": {
    "bps10": {
      "mae_proxy_median": -0.0007826497593153015,
      "median_hold_return": -0.0009984382075233214,
      "return_histogram_bins": [
        "(-inf,-1%)",
        "[-1%,-0.5%)",
        "[-0.5%,-0.2%)",
        "[-0.2%,0%)",
        "[0%,0.2%)",
        "[0.2%,0.5%)",
        "[0.5%,1%)",
        "[1%,inf)"
      ],
      "return_histogram_counts": [
        64,
        430,
        2562,
        4763,
        2109,
        778,
        209,
        61
      ],
      "top10_pct_pnl_contribution": -0.47529892475601054,
      "trades_per_day": 39.0542246821759
    },
    "bps8": {
      "mae_proxy_median": -0.0007826497593153015,
      "median_hold_return": -0.0007984382075233214,
      "return_histogram_bins": [
        "(-inf,-1%)",
        "[-1%,-0.5%)",
        "[-0.5%,-0.2%)",
        "[-0.2%,0%)",
        "[0%,0.2%)",
        "[0.2%,0.5%)",
        "[0.5%,1%)",
        "[1%,inf)"
      ],
      "return_histogram_counts": [
        60,
        394,
        2214,
        4783,
        2372,
        860,
        227,
        66
      ],
      "top10_pct_pnl_contribution": -0.6363626912383973,
      "trades_per_day": 39.0542246821759
    },
    "gross": {
      "mae_proxy_median": -0.0007826497593153015,
      "median_hold_return": 1.5617924766786473e-06,
      "return_histogram_bins": [
        "(-inf,-1%)",
        "[-1%,-0.5%)",
        "[-0.5%,-0.2%)",
        "[-0.2%,0%)",
        "[0%,0.2%)",
        "[0.2%,0.5%)",
        "[0.5%,1%)",
        "[1%,inf)"
      ],
      "return_histogram_counts": [
        45,
        266,
        1314,
        3857,
        3733,
        1354,
        325,
        82
      ],
      "top10_pct_pnl_contribution": 6.247429409881473,
      "trades_per_day": 39.0542246821759
    }
  },
  "family": "cross_asset_regime",
  "hypothesis_id": "H37",
  "timestamp_utc": "2026-02-23T06:31:36+00:00",
  "wf_by_mode": {
    "bps10": {
      "aggregate": {
        "mean": -0.0009253691863582926,
        "mean_ci_high": -0.0008628916881552454,
        "mean_ci_low": -0.000988986603624654,
        "n": 8119,
        "p_mean_gt_0": 0.0
      },
      "folds": [
        {
          "fold_id": 1,
          "mean": -0.0011197957493003265,
          "n": 526,
          "test_end": "2025-07-31T00:00:00+00:00",
          "test_start": "2025-07-16T00:00:00+00:00"
        },
        {
          "fold_id": 2,
          "mean": -0.0009493117621778507,
          "n": 508,
          "test_end": "2025-08-15T00:00:00+00:00",
          "test_start": "2025-07-31T00:00:00+00:00"
        },
        {
          "fold_id": 3,
          "mean": -0.001017183115544782,
          "n": 528,
          "test_end": "2025-08-30T00:00:00+00:00",
          "test_start": "2025-08-15T00:00:00+00:00"
        },
        {
          "fold_id": 4,
          "mean": -0.0010518199402941167,
          "n": 610,
          "test_end": "2025-09-14T00:00:00+00:00",
          "test_start": "2025-08-30T00:00:00+00:00"
        },
        {
          "fold_id": 5,
          "mean": -0.0009395924787681735,
          "n": 644,
          "test_end": "2025-09-29T00:00:00+00:00",
          "test_start": "2025-09-14T00:00:00+00:00"
        },
        {
          "fold_id": 6,
          "mean": -0.0009252486988946846,
          "n": 606,
          "test_end": "2025-10-14T00:00:00+00:00",
          "test_start": "2025-09-29T00:00:00+00:00"
        },
        {
          "fold_id": 7,
          "mean": -0.0008087954219144492,
          "n": 603,
          "test_end": "2025-10-29T00:00:00+00:00",
          "test_start": "2025-10-14T00:00:00+00:00"
        },
        {
          "fold_id": 8,
          "mean": -0.000885106200587383,
          "n": 586,
          "test_end": "2025-11-13T00:00:00+00:00",
          "test_start": "2025-10-29T00:00:00+00:00"
        },
        {
          "fold_id": 9,
          "mean": -0.0008429210422795223,
          "n": 546,
          "test_end": "2025-11-28T00:00:00+00:00",
          "test_start": "2025-11-13T00:00:00+00:00"
        },
        {
          "fold_id": 10,
          "mean": -0.0009508736948035404,
          "n": 578,
          "test_end": "2025-12-13T00:00:00+00:00",
          "test_start": "2025-11-28T00:00:00+00:00"
        },
        {
          "fold_id": 11,
          "mean": -0.0010231126562371387,
          "n": 644,
          "test_end": "2025-12-28T00:00:00+00:00",
          "test_start": "2025-12-13T00:00:00+00:00"
        },
        {
          "fold_id": 12,
          "mean": -0.0008526866003994326,
          "n": 674,
          "test_end": "2026-01-12T00:00:00+00:00",
          "test_start": "2025-12-28T00:00:00+00:00"
        },
        {
          "fold_id": 13,
          "mean": -0.0008970508249884333,
          "n": 600,
          "test_end": "2026-01-27T00:00:00+00:00",
          "test_start": "2026-01-12T00:00:00+00:00"
        },
        {
          "fold_id": 14,
          "mean": -0.000663705571592357,
          "n": 466,
          "test_end": "2026-02-11T00:00:00+00:00",
          "test_start": "2026-01-27T00:00:00+00:00"
        }
      ],
      "positive_folds": {
        "count": 0,
        "pct": 0.0,
        "total": 14
      },
      "split": {
        "step_days": 15,
        "test_days": 15,
        "train_days": 60
      }
    },
    "bps8": {
      "aggregate": {
        "mean": -0.0007253691863582923,
        "mean_ci_high": -0.0006628916881552452,
        "mean_ci_low": -0.0007889866036246536,
        "n": 8119,
        "p_mean_gt_0": 0.0
      },
      "folds": [
        {
          "fold_id": 1,
          "mean": -0.0009197957493003258,
          "n": 526,
          "test_end": "2025-07-31T00:00:00+00:00",
          "test_start": "2025-07-16T00:00:00+00:00"
        },
        {
          "fold_id": 2,
          "mean": -0.0007493117621778504,
          "n": 508,
          "test_end": "2025-08-15T00:00:00+00:00",
          "test_start": "2025-07-31T00:00:00+00:00"
        },
        {
          "fold_id": 3,
          "mean": -0.0008171831155447816,
          "n": 528,
          "test_end": "2025-08-30T00:00:00+00:00",
          "test_start": "2025-08-15T00:00:00+00:00"
        },
        {
          "fold_id": 4,
          "mean": -0.0008518199402941164,
          "n": 610,
          "test_end": "2025-09-14T00:00:00+00:00",
          "test_start": "2025-08-30T00:00:00+00:00"
        },
        {
          "fold_id": 5,
          "mean": -0.0007395924787681733,
          "n": 644,
          "test_end": "2025-09-29T00:00:00+00:00",
          "test_start": "2025-09-14T00:00:00+00:00"
        },
        {
          "fold_id": 6,
          "mean": -0.0007252486988946845,
          "n": 606,
          "test_end": "2025-10-14T00:00:00+00:00",
          "test_start": "2025-09-29T00:00:00+00:00"
        },
        {
          "fold_id": 7,
          "mean": -0.0006087954219144489,
          "n": 603,