{
  "baseline": {
    "bps10": {
      "mean": -0.0008819958115581858,
      "mean_ci_high": -0.0007796374246265997,
      "mean_ci_low": -0.000985517118963931,
      "n": 3809,
      "p_mean_gt_0": 0.0,
      "std": 0.0033721521640900937,
      "win_rate": 0.30139144132318196
    },
    "bps8": {
      "mean": -0.0006819958115581853,
      "mean_ci_high": -0.0005796374246265994,
      "mean_ci_low": -0.0007855171189639305,
      "n": 3809,
      "p_mean_gt_0": 0.0,
      "std": 0.0033721521640900937,
      "win_rate": 0.3300078760829614
    },
    "gross": {
      "mean": 0.0001180041884418147,
      "mean_ci_high": 0.00022036257537340074,
      "mean_ci_low": 1.448288103606949e-05,
      "n": 3809,
      "p_mean_gt_0": 0.9866666666666667,
      "std": 0.0033721521640900937,
      "win_rate": 0.5051194539249146
    }
  },
  "config": {
    "bootstrap_iters": 3000,
    "cost_mode": "all",
    "days": 180,
    "horizon": 6,
    "timeframe": "5m",
    "wf": {
      "step_days": 15,
      "test_days": 15,
      "train_days": 60
    }
  },
  "diagnostics_by_mode": {
    "bps10": {
      "mae_proxy_median": -0.0008258308054556185,
      "median_hold_return": -0.000978321155031269,
      "return_histogram_bins": [
        "(-inf,-1%)",
        "[-1%,-0.5%)",
        "[-0.5%,-0.2%)",
        "[-0.2%,0%)",
        "[0%,0.2%)",
        "[0.2%,0.5%)",
        "[0.5%,1%)",
        "[1%,inf)"
      ],
      "return_histogram_counts": [
        44,
        189,
        851,
        1577,
        697,
        313,
        99,
        39
      ],
      "top10_pct_pnl_contribution": -0.6099578785807338,
      "trades_per_day": 39.74464693308214
    },
    "bps8": {
      "mae_proxy_median": -0.0008258308054556185,
      "median_hold_return": -0.000778321155031269,
      "return_histogram_bins": [
        "(-inf,-1%)",
        "[-1%,-0.5%)",
        "[-0.5%,-0.2%)",
        "[-0.2%,0%)",
        "[0%,0.2%)",
        "[0.2%,0.5%)",
        "[0.5%,1%)",
        "[1%,inf)"
      ],
      "return_histogram_counts": [
        41,
        177,
        746,
        1588,
        760,
        354,
        102,
        41
      ],
      "top10_pct_pnl_contribution": -0.8181656476485453,
      "trades_per_day": 39.74464693308214
    },
    "gross": {
      "mae_proxy_median": -0.0008258308054556185,
      "median_hold_return": 2.167884496873107e-05,
      "return_histogram_bins": [
        "(-inf,-1%)",
        "[-1%,-0.5%)",
        "[-0.5%,-0.2%)",
        "[-0.2%,0%)",
        "[0%,0.2%)",
        "[0.2%,0.5%)",
        "[0.5%,1%)",
        "[1%,inf)"
      ],
      "return_histogram_counts": [
        31,
        126,
        481,
        1246,
        1226,
        508,
        140,
        51
      ],
      "top10_pct_pnl_contribution": 5.406643240121787,
      "trades_per_day": 39.74464693308214
    }
  },
  "family": "cross_asset_regime",
  "hypothesis_id": "H37",
  "timestamp_utc": "2026-02-23T06:26:02+00:00",
  "wf_by_mode": {
    "bps10": {
      "aggregate": {
        "mean": -0.0007660138714508998,
        "mean_ci_high": -0.0005058345292100433,
        "mean_ci_low": -0.001031410141758839,
        "n": 1048,
        "p_mean_gt_0": 0.0
      },
      "folds": [
        {
          "fold_id": 1,
          "mean": -0.0007874917094992944,
          "n": 548,
          "test_end": "2026-02-02T00:00:00+00:00",
          "test_start": "2026-01-18T00:00:00+00:00"
        },
        {
          "fold_id": 2,
          "mean": -0.0007424741609498591,
          "n": 500,
          "test_end": "2026-02-17T00:00:00+00:00",
          "test_start": "2026-02-02T00:00:00+00:00"
        }
      ],
      "positive_folds": {
        "count": 0,
        "pct": 0.0,
        "total": 2
      },
      "split": {
        "step_days": 15,
        "test_days": 15,
        "train_days": 60
      }
    },
    "bps8": {
      "aggregate": {
        "mean": -0.0005660138714508995,
        "mean_ci_high": -0.0003058345292100429,
        "mean_ci_low": -0.0008314101417588385,
        "n": 1048,
        "p_mean_gt_0": 0.0
      },
      "folds": [
        {
          "fold_id": 1,
          "mean": -0.0005874917094992942,
          "n": 548,
          "test_end": "2026-02-02T00:00:00+00:00",
          "test_start": "2026-01-18T00:00:00+00:00"
        },
        {
          "fold_id": 2,
          "mean": -0.0005424741609498592,
          "n": 500,
          "test_end": "2026-02-17T00:00:00+00:00",
          "test_start": "2026-02-02T00:00:00+00:00"
        }
      ],
      "positive_folds": {
        "count": 0,
        "pct": 0.0,
        "total": 2
      },
      "split": {
        "step_days": 15,
        "test_days": 15,
        "train_days": 60
      }
    },
    "gross": {
      "aggregate": {
        "mean": 0.0002339861285491006,
        "mean_ci_high": 0.000494165470789957,
        "mean_ci_low": -3.1410141758838465e-05,
        "n": 1048,
        "p_mean_gt_0": 0.9573333333333334
      },
      "folds": [
        {
          "fold_id": 1,
          "mean": 0.00021250829050070596,
          "n": 548,
          "test_end": "2026-02-02T00:00:00+00:00",
          "test_start": "2026-01-18T00:00:00+00:00"
        },
        {
          "fold_id": 2,
          "mean": 0.00025752583905014115,
          "n": 500,
          "test_end": "2026-02-17T00:00:00+00:00",
          "test_start": "2026-02-02T00:00:00+00:00"
        }
      ],
      "positive_folds": {
        "count": 2,
        "pct": 100.0,
        "total": 2
      },
      "split": {
        "step_days": 15,
        "test_days": 15,
        "train_days": 60
      }
    }
  }
}