{
  "baseline": {
    "bps10": {
      "mean": -0.0009640257216068969,
      "mean_ci_high": -0.0004439422953106304,
      "mean_ci_low": -0.0014624771081979716,
      "n": 360,
      "p_mean_gt_0": 0.0,
      "std": 0.004858659687228117,
      "win_rate": 0.39166666666666666
    },
    "bps8": {
      "mean": -0.0007640257216068967,
      "mean_ci_high": -0.00024394229531062996,
      "mean_ci_low": -0.0012624771081979713,
      "n": 360,
      "p_mean_gt_0": 0.002,
      "std": 0.004858659687228117,
      "win_rate": 0.4111111111111111
    },
    "gross": {
      "mean": 3.597427839310336e-05,
      "mean_ci_high": 0.00055605770468937,
      "mean_ci_low": -0.0004624771081979714,
      "n": 360,
      "p_mean_gt_0": 0.5803333333333334,
      "std": 0.004858659687228117,
      "win_rate": 0.475
    }
  },
  "config": {
    "bootstrap_iters": 3000,
    "cost_mode": "all",
    "days": 180,
    "horizon": 6,
    "timeframe": "5m",
    "wf": {
      "step_days": 15,
      "test_days": 15,
      "train_days": 60
    }
  },
  "diagnostics_by_mode": {
    "bps10": {
      "mae_proxy_median": -0.0016064479818627686,
      "median_hold_return": -0.0012698396606514164,
      "return_histogram_bins": [
        "(-inf,-1%)",
        "[-1%,-0.5%)",
        "[-0.5%,-0.2%)",
        "[-0.2%,0%)",
        "[0%,0.2%)",
        "[0.2%,0.5%)",
        "[0.5%,1%)",
        "[1%,inf)"
      ],
      "return_histogram_counts": [
        11,
        40,
        91,
        77,
        63,
        48,
        23,
        7
      ],
      "top10_pct_pnl_contribution": -0.814695492874941,
      "trades_per_day": 3.9751552795031055
    },
    "bps8": {
      "mae_proxy_median": -0.0016064479818627686,
      "median_hold_return": -0.0010698396606514163,
      "return_histogram_bins": [
        "(-inf,-1%)",
        "[-1%,-0.5%)",
        "[-0.5%,-0.2%)",
        "[-0.2%,0%)",
        "[0%,0.2%)",
        "[0.2%,0.5%)",
        "[0.5%,1%)",
        "[1%,inf)"
      ],
      "return_histogram_counts": [
        11,
        35,
        83,
        83,
        65,
        52,
        24,
        7
      ],
      "top10_pct_pnl_contribution": -1.0541365135126117,
      "trades_per_day": 3.9751552795031055
    },
    "gross": {
      "mae_proxy_median": -0.0016064479818627686,
      "median_hold_return": -0.0002698396606514164,
      "return_histogram_bins": [
        "(-inf,-1%)",
        "[-1%,-0.5%)",
        "[-0.5%,-0.2%)",
        "[-0.2%,0%)",
        "[0%,0.2%)",
        "[0.2%,0.5%)",
        "[0.5%,1%)",
        "[1%,inf)"
      ],
      "return_histogram_counts": [
        7,
        30,
        59,
        93,
        64,
        72,
        25,
        10
      ],
      "top10_pct_pnl_contribution": 24.61167950983527,
      "trades_per_day": 3.9751552795031055
    }
  },
  "family": "cross_asset_regime",
  "hypothesis_id": "H38",
  "timestamp_utc": "2026-02-23T06:26:06+00:00",
  "wf_by_mode": {
    "bps10": {
      "aggregate": {
        "mean": -0.0014002175226515907,
        "mean_ci_high": -0.000552332649416768,
        "mean_ci_low": -0.002237412522203651,
        "n": 148,
        "p_mean_gt_0": 0.0003333333333333333
      },
      "folds": [
        {
          "fold_id": 1,
          "mean": -0.00161464931684256,
          "n": 44,
          "test_end": "2026-02-02T00:00:00+00:00",
          "test_start": "2026-01-18T00:00:00+00:00"
        },
        {
          "fold_id": 2,
          "mean": -0.0013094963789554112,
          "n": 104,
          "test_end": "2026-02-17T00:00:00+00:00",
          "test_start": "2026-02-02T00:00:00+00:00"
        }
      ],
      "positive_folds": {
        "count": 0,
        "pct": 0.0,
        "total": 2
      },
      "split": {
        "step_days": 15,
        "test_days": 15,
        "train_days": 60
      }
    },
    "bps8": {
      "aggregate": {
        "mean": -0.00120021752265159,
        "mean_ci_high": -0.0003523326494167677,
        "mean_ci_low": -0.00203741252220365,
        "n": 148,
        "p_mean_gt_0": 0.0016666666666666668
      },
      "folds": [
        {
          "fold_id": 1,
          "mean": -0.0014146493168425598,
          "n": 44,
          "test_end": "2026-02-02T00:00:00+00:00",
          "test_start": "2026-01-18T00:00:00+00:00"
        },
        {
          "fold_id": 2,
          "mean": -0.001109496378955411,
          "n": 104,
          "test_end": "2026-02-17T00:00:00+00:00",
          "test_start": "2026-02-02T00:00:00+00:00"
        }
      ],
      "positive_folds": {
        "count": 0,
        "pct": 0.0,
        "total": 2
      },
      "split": {
        "step_days": 15,
        "test_days": 15,
        "train_days": 60
      }
    },
    "gross": {
      "aggregate": {
        "mean": -0.00040021752265159016,
        "mean_ci_high": 0.0004476673505832323,
        "mean_ci_low": -0.0012374125222036506,
        "n": 148,
        "p_mean_gt_0": 0.19033333333333333
      },
      "folds": [
        {
          "fold_id": 1,
          "mean": -0.0006146493168425597,
          "n": 44,
          "test_end": "2026-02-02T00:00:00+00:00",
          "test_start": "2026-01-18T00:00:00+00:00"
        },
        {
          "fold_id": 2,
          "mean": -0.00030949637895541076,
          "n": 104,
          "test_end": "2026-02-17T00:00:00+00:00",
          "test_start": "2026-02-02T00:00:00+00:00"
        }
      ],
      "positive_folds": {
        "count": 0,
        "pct": 0.0,
        "total": 2
      },
      "split": {
        "step_days": 15,
        "test_days": 15,
        "train_days": 60
      }
    }
  }
}