{
  "baseline": {
    "bps10": {
      "mean": -0.0007378238106412597,
      "mean_ci_high": -0.0005293078584207257,
      "mean_ci_low": -0.0009391425220449037,
      "n": 1204,
      "p_mean_gt_0": 0.0,
      "std": 0.0036571030216384763,
      "win_rate": 0.36295681063122925
    },
    "bps8": {
      "mean": -0.0005378238106412596,
      "mean_ci_high": -0.00032930785842072554,
      "mean_ci_low": -0.0007391425220449038,
      "n": 1204,
      "p_mean_gt_0": 0.0,
      "std": 0.0036571030216384763,
      "win_rate": 0.3920265780730897
    },
    "gross": {
      "mean": 0.00026217618935874047,
      "mean_ci_high": 0.0004706921415792745,
      "mean_ci_low": 6.0857477955096335e-05,
      "n": 1204,
      "p_mean_gt_0": 0.996,
      "std": 0.0036571030216384763,
      "win_rate": 0.5124584717607974
    }
  },
  "config": {
    "bootstrap_iters": 3000,
    "cost_mode": "all",
    "days": 365,
    "horizon": 6,
    "timeframe": "5m",
    "wf": {
      "step_days": 15,
      "test_days": 15,
      "train_days": 60
    }
  },
  "diagnostics_by_mode": {
    "bps10": {
      "mae_proxy_median": -0.0009970721207879785,
      "median_hold_return": -0.0009188866182850966,
      "return_histogram_bins": [
        "(-inf,-1%)",
        "[-1%,-0.5%)",
        "[-0.5%,-0.2%)",
        "[-0.2%,0%)",
        "[0%,0.2%)",
        "[0.2%,0.5%)",
        "[0.5%,1%)",
        "[1%,inf)"
      ],
      "return_histogram_counts": [
        15,
        76,
        287,
        389,
        241,
        134,
        49,
        13
      ],
      "top10_pct_pnl_contribution": -0.8317142510456663,
      "trades_per_day": 4.383827656830767
    },
    "bps8": {
      "mae_proxy_median": -0.0009970721207879785,
      "median_hold_return": -0.0007188866182850966,
      "return_histogram_bins": [
        "(-inf,-1%)",
        "[-1%,-0.5%)",
        "[-0.5%,-0.2%)",
        "[-0.2%,0%)",
        "[0%,0.2%)",
        "[0.2%,0.5%)",
        "[0.5%,1%)",
        "[1%,inf)"
      ],
      "return_histogram_counts": [
        14,
        72,
        253,
        393,
        260,
        146,
        52,
        14
      ],
      "top10_pct_pnl_contribution": -1.1783752100703704,
      "trades_per_day": 4.383827656830767
    },
    "gross": {
      "mae_proxy_median": -0.0009970721207879785,
      "median_hold_return": 8.111338171490345e-05,
      "return_histogram_bins": [
        "(-inf,-1%)",
        "[-1%,-0.5%)",
        "[-0.5%,-0.2%)",
        "[-0.2%,0%)",
        "[0%,0.2%)",
        "[0.2%,0.5%)",
        "[0.5%,1%)",
        "[1%,inf)"
      ],
      "return_histogram_counts": [
        9,
        54,
        170,
        354,
        339,
        198,
        60,
        20
      ],
      "top10_pct_pnl_contribution": 2.723957956244428,
      "trades_per_day": 4.383827656830767
    }
  },
  "family": "cross_asset_regime",
  "hypothesis_id": "H38",
  "timestamp_utc": "2026-02-23T06:31:41+00:00",
  "wf_by_mode": {
    "bps10": {
      "aggregate": {
        "mean": -0.0007981215058168971,
        "mean_ci_high": -0.0005450672119645207,
        "mean_ci_low": -0.0010553249368126935,
        "n": 876,
        "p_mean_gt_0": 0.0
      },
      "folds": [
        {
          "fold_id": 1,
          "mean": -0.0005630654018416162,
          "n": 68,
          "test_end": "2025-08-02T00:00:00+00:00",
          "test_start": "2025-07-18T00:00:00+00:00"
        },
        {
          "fold_id": 2,
          "mean": -0.0007643353106150457,
          "n": 128,
          "test_end": "2025-08-17T00:00:00+00:00",
          "test_start": "2025-08-02T00:00:00+00:00"
        },
        {
          "fold_id": 3,
          "mean": -0.000814976134506599,
          "n": 76,
          "test_end": "2025-09-01T00:00:00+00:00",
          "test_start": "2025-08-17T00:00:00+00:00"
        },
        {
          "fold_id": 4,
          "mean": -0.0007420035192222836,
          "n": 26,
          "test_end": "2025-09-16T00:00:00+00:00",
          "test_start": "2025-09-01T00:00:00+00:00"
        },
        {
          "fold_id": 5,
          "mean": -0.000873658068313226,
          "n": 20,
          "test_end": "2025-10-01T00:00:00+00:00",
          "test_start": "2025-09-16T00:00:00+00:00"
        },
        {
          "fold_id": 6,
          "mean": -6.325439042228713e-05,
          "n": 66,
          "test_end": "2025-10-16T00:00:00+00:00",
          "test_start": "2025-10-01T00:00:00+00:00"
        },
        {
          "fold_id": 7,
          "mean": -0.0005148682470175406,
          "n": 30,
          "test_end": "2025-10-31T00:00:00+00:00",
          "test_start": "2025-10-16T00:00:00+00:00"
        },
        {
          "fold_id": 8,
          "mean": -0.0005758038736471207,
          "n": 98,
          "test_end": "2025-11-15T00:00:00+00:00",
          "test_start": "2025-10-31T00:00:00+00:00"
        },
        {
          "fold_id": 9,
          "mean": -0.0007761479859158516,
          "n": 78,
          "test_end": "2025-11-30T00:00:00+00:00",
          "test_start": "2025-11-15T00:00:00+00:00"
        },
        {
          "fold_id": 10,
          "mean": -0.0005319761724450409,
          "n": 72,
          "test_end": "2025-12-15T00:00:00+00:00",
          "test_start": "2025-11-30T00:00:00+00:00"
        },
        {
          "fold_id": 11,
          "mean": -0.00021331271230674872,
          "n": 30,
          "test_end": "2025-12-30T00:00:00+00:00",
          "test_start": "2025-12-15T00:00:00+00:00"
        },
        {
          "fold_id": 12,
          "mean": -0.001579286957724117,
          "n": 38,
          "test_end": "2026-01-14T00:00:00+00:00",
          "test_start": "2025-12-30T00:00:00+00:00"
        },
        {
          "fold_id": 13,
          "mean": -0.0012885010871966213,
          "n": 54,
          "test_end": "2026-01-29T00:00:00+00:00",
          "test_start": "2026-01-14T00:00:00+00:00"
        },
        {
          "fold_id": 14,
          "mean": -0.0016678787428094544,
          "n": 92,
          "test_end": "2026-02-13T00:00:00+00:00",
          "test_start": "2026-01-29T00:00:00+00:00"
        }
      ],
      "positive_folds": {
        "count": 0,
        "pct": 0.0,
        "total": 14
      },
      "split": {
        "step_days": 15,
        "test_days": 15,
        "train_days": 60
      }
    },
    "bps8": {
      "aggregate": {
        "mean": -0.0005981215058168969,
        "mean_ci_high": -0.0003450672119645204,
        "mean_ci_low": -0.0008553249368126928,
        "n": 876,
        "p_mean_gt_0": 0.0
      },
      "folds": [
        {
          "fold_id": 1,
          "mean": -0.00036306540184161617,
          "n": 68,
          "test_end": "2025-08-02T00:00:00+00:00",
          "test_start": "2025-07-18T00:00:00+00:00"
        },
        {
          "fold_id": 2,
          "mean": -0.0005643353106150455,
          "n": 128,
          "test_end": "2025-08-17T00:00:00+00:00",
          "test_start": "2025-08-02T00:00:00+00:00"
        },
        {
          "fold_id": 3,
          "mean": -0.0006149761345065989,
          "n": 76,
          "test_end": "2025-09-01T00:00:00+00:00",
          "test_start": "2025-08-17T00:00:00+00:00"
        },
        {
          "fold_id": 4,
          "mean": -0.0005420035192222835,
          "n": 26,
          "test_end": "2025-09-16T00:00:00+00:00",
          "test_start": "2025-09-01T00:00:00+00:00"
        },
        {
          "fold_id": 5,
          "mean": -0.0006736580683132259,
          "n": 20,
          "test_end": "2025-10-01T00:00:00+00:00",
          "test_start": "2025-09-16T00:00:00+00:00"
        },
        {
          "fold_id": 6,
          "mean": 0.000136745609577713,
          "n": 66,
          "test_end": "2025-10-16T00:00:00+00:00",
          "test_start": "2025-10-01T00:00:00+00:00"
        },
        {
          "fold_id": 7,
          "mean": -0.0003148682470175404,
          "n": 30,
          "test_end": "2025-10-31T00:00:00+00:00",