{
  "baseline": {
    "bps10": {
      "mean": -0.0007270191153899494,
      "mean_ci_high": -0.00012854395078569492,
      "mean_ci_low": -0.0013240842160726046,
      "n": 364,
      "p_mean_gt_0": 0.008333333333333333,
      "std": 0.0058476503499927494,
      "win_rate": 0.4368131868131868
    },
    "bps8": {
      "mean": -0.000527019115389949,
      "mean_ci_high": 7.14560492143053e-05,
      "mean_ci_low": -0.0011240842160726043,
      "n": 364,
      "p_mean_gt_0": 0.042666666666666665,
      "std": 0.0058476503499927494,
      "win_rate": 0.4642857142857143
    },
    "gross": {
      "mean": 0.00027298088461005115,
      "mean_ci_high": 0.0008714560492143054,
      "mean_ci_low": -0.0003240842160726043,
      "n": 364,
      "p_mean_gt_0": 0.8086666666666666,
      "std": 0.0058476503499927494,
      "win_rate": 0.5796703296703297
    }
  },
  "config": {
    "bootstrap_iters": 3000,
    "cost_mode": "all",
    "days": 180,
    "horizon": 6,
    "timeframe": "5m",
    "wf": {
      "step_days": 15,
      "test_days": 15,
      "train_days": 60
    }
  },
  "diagnostics_by_mode": {
    "bps10": {
      "mae_proxy_median": -0.001138683669772378,
      "median_hold_return": -0.0004904999187971262,
      "return_histogram_bins": [
        "(-inf,-1%)",
        "[-1%,-0.5%)",
        "[-0.5%,-0.2%)",
        "[-0.2%,0%)",
        "[0%,0.2%)",
        "[0.2%,0.5%)",
        "[0.5%,1%)",
        "[1%,inf)"
      ],
      "return_histogram_counts": [
        22,
        31,
        61,
        91,
        69,
        56,
        22,
        12
      ],
      "top10_pct_pnl_contribution": -1.3160242687404373,
      "trades_per_day": 3.8706247230837394
    },
    "bps8": {
      "mae_proxy_median": -0.001138683669772378,
      "median_hold_return": -0.0002904999187971262,
      "return_histogram_bins": [
        "(-inf,-1%)",
        "[-1%,-0.5%)",
        "[-0.5%,-0.2%)",
        "[-0.2%,0%)",
        "[0%,0.2%)",
        "[0.2%,0.5%)",
        "[0.5%,1%)",
        "[1%,inf)"
      ],
      "return_histogram_counts": [
        22,
        29,
        57,
        87,
        76,
        58,
        23,
        12
      ],
      "top10_pct_pnl_contribution": -1.8540209291992649,
      "trades_per_day": 3.8706247230837394
    },
    "gross": {
      "mae_proxy_median": -0.001138683669772378,
      "median_hold_return": 0.0005095000812028738,
      "return_histogram_bins": [
        "(-inf,-1%)",
        "[-1%,-0.5%)",
        "[-0.5%,-0.2%)",
        "[-0.2%,0%)",
        "[0%,0.2%)",
        "[0.2%,0.5%)",
        "[0.5%,1%)",
        "[1%,inf)"
      ],
      "return_histogram_counts": [
        20,
        19,
        49,
        65,
        95,
        73,
        29,
        14
      ],
      "top10_pct_pnl_contribution": 3.877279366471649,
      "trades_per_day": 3.8706247230837394
    }
  },
  "family": "mean_reversion",
  "hypothesis_id": "H51",
  "timestamp_utc": "2026-02-23T06:26:13+00:00",
  "wf_by_mode": {
    "bps10": {
      "aggregate": {
        "mean": -0.0008152113729380269,
        "mean_ci_high": 0.00022991960243124186,
        "mean_ci_low": -0.001795371861025665,
        "n": 177,
        "p_mean_gt_0": 0.06066666666666667
      },
      "folds": [
        {
          "fold_id": 1,
          "mean": -0.0011851368045905112,
          "n": 95,
          "test_end": "2026-02-03T00:00:00+00:00",
          "test_start": "2026-01-19T00:00:00+00:00"
        },
        {
          "fold_id": 2,
          "mean": -0.0003866392265113682,
          "n": 82,
          "test_end": "2026-02-18T00:00:00+00:00",
          "test_start": "2026-02-03T00:00:00+00:00"
        }
      ],
      "positive_folds": {
        "count": 0,
        "pct": 0.0,
        "total": 2
      },
      "split": {
        "step_days": 15,
        "test_days": 15,
        "train_days": 60
      }
    },
    "bps8": {
      "aggregate": {
        "mean": -0.0006152113729380265,
        "mean_ci_high": 0.0004299196024312425,
        "mean_ci_low": -0.0015953718610256641,
        "n": 177,
        "p_mean_gt_0": 0.117
      },
      "folds": [
        {
          "fold_id": 1,
          "mean": -0.0009851368045905105,
          "n": 95,
          "test_end": "2026-02-03T00:00:00+00:00",
          "test_start": "2026-01-19T00:00:00+00:00"
        },
        {
          "fold_id": 2,
          "mean": -0.00018663922651136769,
          "n": 82,
          "test_end": "2026-02-18T00:00:00+00:00",
          "test_start": "2026-02-03T00:00:00+00:00"
        }
      ],
      "positive_folds": {
        "count": 0,
        "pct": 0.0,
        "total": 2
      },
      "split": {
        "step_days": 15,
        "test_days": 15,
        "train_days": 60
      }
    },
    "gross": {
      "aggregate": {
        "mean": 0.00018478862706197368,
        "mean_ci_high": 0.0012299196024312424,
        "mean_ci_low": -0.0007953718610256642,
        "n": 177,
        "p_mean_gt_0": 0.6413333333333333
      },
      "folds": [
        {
          "fold_id": 1,
          "mean": -0.00018513680459051097,
          "n": 95,
          "test_end": "2026-02-03T00:00:00+00:00",
          "test_start": "2026-01-19T00:00:00+00:00"
        },
        {
          "fold_id": 2,
          "mean": 0.0006133607734886327,
          "n": 82,
          "test_end": "2026-02-18T00:00:00+00:00",
          "test_start": "2026-02-03T00:00:00+00:00"
        }
      ],
      "positive_folds": {
        "count": 1,
        "pct": 50.0,
        "total": 2
      },
      "split": {
        "step_days": 15,
        "test_days": 15,
        "train_days": 60
      }
    }
  }
}