{
  "baseline": {
    "bps10": {
      "mean": -0.0008960402400291985,
      "mean_ci_high": -0.0007362978297167901,
      "mean_ci_low": -0.0010588708068975416,
      "n": 1213,
      "p_mean_gt_0": 0.0,
      "std": 0.002818031548748822,
      "win_rate": 0.3371805441055235
    },
    "bps8": {
      "mean": -0.0006960402400291983,
      "mean_ci_high": -0.00053629782971679,
      "mean_ci_low": -0.0008588708068975417,
      "n": 1213,
      "p_mean_gt_0": 0.0,
      "std": 0.002818031548748822,
      "win_rate": 0.3742786479802143
    },
    "gross": {
      "mean": 0.00010395975997080173,
      "mean_ci_high": 0.0002637021702832101,
      "mean_ci_low": -5.887080689754163e-05,
      "n": 1213,
      "p_mean_gt_0": 0.8973333333333333,
      "std": 0.002818031548748822,
      "win_rate": 0.549876339653751
    }
  },
  "config": {
    "bootstrap_iters": 3000,
    "cost_mode": "all",
    "days": 365,
    "horizon": 6,
    "timeframe": "5m",
    "wf": {
      "step_days": 15,
      "test_days": 15,
      "train_days": 60
    }
  },
  "diagnostics_by_mode": {
    "bps10": {
      "mae_proxy_median": -0.0008133408884318793,
      "median_hold_return": -0.0007381620024836657,
      "return_histogram_bins": [
        "(-inf,-1%)",
        "[-1%,-0.5%)",
        "[-0.5%,-0.2%)",
        "[-0.2%,0%)",
        "[0%,0.2%)",
        "[0.2%,0.5%)",
        "[0.5%,1%)",
        "[1%,inf)"
      ],
      "return_histogram_counts": [
        9,
        72,
        257,
        466,
        292,
        91,
        23,
        3
      ],
      "top10_pct_pnl_contribution": -0.4438442892098276,
      "trades_per_day": 4.33967701863354
    },
    "bps8": {
      "mae_proxy_median": -0.0008133408884318793,
      "median_hold_return": -0.0005381620024836657,
      "return_histogram_bins": [
        "(-inf,-1%)",
        "[-1%,-0.5%)",
        "[-0.5%,-0.2%)",
        "[-0.2%,0%)",
        "[0%,0.2%)",
        "[0.2%,0.5%)",
        "[0.5%,1%)",
        "[1%,inf)"
      ],
      "return_histogram_counts": [
        8,
        64,
        235,
        452,
        321,
        103,
        27,
        3
      ],
      "top10_pct_pnl_contribution": -0.6002781674588261,
      "trades_per_day": 4.33967701863354
    },
    "gross": {
      "mae_proxy_median": -0.0008133408884318793,
      "median_hold_return": 0.0002618379975163343,
      "return_histogram_bins": [
        "(-inf,-1%)",
        "[-1%,-0.5%)",
        "[-0.5%,-0.2%)",
        "[-0.2%,0%)",
        "[0%,0.2%)",
        "[0.2%,0.5%)",
        "[0.5%,1%)",
        "[1%,inf)"
      ],
      "return_histogram_counts": [
        3,
        38,
        157,
        347,
        442,
        187,
        35,
        4
      ],
      "top10_pct_pnl_contribution": 4.793002842589662,
      "trades_per_day": 4.33967701863354
    }
  },
  "family": "mean_reversion",
  "hypothesis_id": "H52",
  "timestamp_utc": "2026-02-23T06:44:09+00:00",
  "wf_by_mode": {
    "bps10": {
      "aggregate": {
        "mean": -0.0008481713186549064,
        "mean_ci_high": -0.0006518026317587608,
        "mean_ci_low": -0.0010505935287506774,
        "n": 876,
        "p_mean_gt_0": 0.0
      },
      "folds": [
        {
          "fold_id": 1,
          "mean": -0.0005282671564091476,
          "n": 48,
          "test_end": "2025-08-01T00:00:00+00:00",
          "test_start": "2025-07-17T00:00:00+00:00"
        },
        {
          "fold_id": 2,
          "mean": -0.0012754452904080473,
          "n": 72,
          "test_end": "2025-08-16T00:00:00+00:00",
          "test_start": "2025-08-01T00:00:00+00:00"
        },
        {
          "fold_id": 3,
          "mean": -0.00029395557106738087,
          "n": 24,
          "test_end": "2025-08-31T00:00:00+00:00",
          "test_start": "2025-08-16T00:00:00+00:00"
        },
        {
          "fold_id": 4,
          "mean": -0.0009653482854762106,
          "n": 80,
          "test_end": "2025-09-15T00:00:00+00:00",
          "test_start": "2025-08-31T00:00:00+00:00"
        },
        {
          "fold_id": 5,
          "mean": -0.0013542688898509527,
          "n": 74,
          "test_end": "2025-09-30T00:00:00+00:00",
          "test_start": "2025-09-15T00:00:00+00:00"
        },
        {
          "fold_id": 6,
          "mean": -0.0009343575291424842,
          "n": 91,
          "test_end": "2025-10-15T00:00:00+00:00",
          "test_start": "2025-09-30T00:00:00+00:00"
        },
        {
          "fold_id": 7,
          "mean": -0.000742021128468233,
          "n": 91,
          "test_end": "2025-10-30T00:00:00+00:00",
          "test_start": "2025-10-15T00:00:00+00:00"
        },
        {
          "fold_id": 8,
          "mean": -0.0007374506077771478,
          "n": 48,
          "test_end": "2025-11-14T00:00:00+00:00",
          "test_start": "2025-10-30T00:00:00+00:00"
        },
        {
          "fold_id": 9,
          "mean": -0.0009400274992701601,
          "n": 52,
          "test_end": "2025-11-29T00:00:00+00:00",
          "test_start": "2025-11-14T00:00:00+00:00"
        },
        {
          "fold_id": 10,
          "mean": -0.0006837983334285207,
          "n": 49,
          "test_end": "2025-12-14T00:00:00+00:00",
          "test_start": "2025-11-29T00:00:00+00:00"
        },
        {
          "fold_id": 11,
          "mean": -0.0006477591451313323,
          "n": 61,
          "test_end": "2025-12-29T00:00:00+00:00",
          "test_start": "2025-12-14T00:00:00+00:00"
        },
        {
          "fold_id": 12,
          "mean": -0.0009820672431161241,
          "n": 101,
          "test_end": "2026-01-13T00:00:00+00:00",
          "test_start": "2025-12-29T00:00:00+00:00"
        },
        {
          "fold_id": 13,
          "mean": -0.0006839305592710514,
          "n": 63,
          "test_end": "2026-01-28T00:00:00+00:00",
          "test_start": "2026-01-13T00:00:00+00:00"
        },
        {
          "fold_id": 14,
          "mean": 0.0004915847102611532,
          "n": 22,
          "test_end": "2026-02-12T00:00:00+00:00",
          "test_start": "2026-01-28T00:00:00+00:00"
        }
      ],
      "positive_folds": {
        "count": 1,
        "pct": 7.142857142857143,
        "total": 14
      },
      "split": {
        "step_days": 15,
        "test_days": 15,
        "train_days": 60
      }
    },
    "bps8": {
      "aggregate": {
        "mean": -0.0006481713186549062,
        "mean_ci_high": -0.0004518026317587606,
        "mean_ci_low": -0.0008505935287506771,
        "n": 876,
        "p_mean_gt_0": 0.0
      },
      "folds": [
        {
          "fold_id": 1,
          "mean": -0.00032826715640914755,
          "n": 48,
          "test_end": "2025-08-01T00:00:00+00:00",
          "test_start": "2025-07-17T00:00:00+00:00"
        },
        {
          "fold_id": 2,
          "mean": -0.001075445290408047,
          "n": 72,
          "test_end": "2025-08-16T00:00:00+00:00",
          "test_start": "2025-08-01T00:00:00+00:00"
        },
        {
          "fold_id": 3,
          "mean": -9.395557106738077e-05,
          "n": 24,
          "test_end": "2025-08-31T00:00:00+00:00",
          "test_start": "2025-08-16T00:00:00+00:00"
        },
        {
          "fold_id": 4,
          "mean": -0.0007653482854762106,
          "n": 80,
          "test_end": "2025-09-15T00:00:00+00:00",
          "test_start": "2025-08-31T00:00:00+00:00"
        },
        {
          "fold_id": 5,
          "mean": -0.0011542688898509526,
          "n": 74,
          "test_end": "2025-09-30T00:00:00+00:00",
          "test_start": "2025-09-15T00:00:00+00:00"
        },
        {
          "fold_id": 6,
          "mean": -0.000734357529142484,
          "n": 91,
          "test_end": "2025-10-15T00:00:00+00:00",
          "test_start": "2025-09-30T00:00:00+00:00"
        },
        {
          "fold_id": 7,
          "mean": -0.0005420211284682329,
          "n": 91,
          "test_end": "2025-10-30T00:00:00+00:00",