{
  "baseline": {
    "bps10": {
      "mean": -0.0007247906803232843,
      "mean_ci_high": -0.0003900127103728717,
      "mean_ci_low": -0.0010459641414572644,
      "n": 398,
      "p_mean_gt_0": 0.0,
      "std": 0.0033069901626786432,
      "win_rate": 0.36432160804020103
    },
    "bps8": {
      "mean": -0.0005247906803232841,
      "mean_ci_high": -0.00019001271037287148,
      "mean_ci_low": -0.000845964141457264,
      "n": 398,
      "p_mean_gt_0": 0.0016666666666666668,
      "std": 0.0033069901626786432,
      "win_rate": 0.4045226130653266
    },
    "gross": {
      "mean": 0.00027520931967671603,
      "mean_ci_high": 0.0006099872896271286,
      "mean_ci_low": -4.596414145726418e-05,
      "n": 398,
      "p_mean_gt_0": 0.9576666666666667,
      "std": 0.0033069901626786432,
      "win_rate": 0.592964824120603
    }
  },
  "config": {
    "bootstrap_iters": 3000,
    "cost_mode": "all",
    "days": 180,
    "horizon": 6,
    "timeframe": "5m",
    "wf": {
      "step_days": 15,
      "test_days": 15,
      "train_days": 60
    }
  },
  "diagnostics_by_mode": {
    "bps10": {
      "mae_proxy_median": -0.0008683140764743635,
      "median_hold_return": -0.0005430223578769535,
      "return_histogram_bins": [
        "(-inf,-1%)",
        "[-1%,-0.5%)",
        "[-0.5%,-0.2%)",
        "[-0.2%,0%)",
        "[0%,0.2%)",
        "[0.2%,0.5%)",
        "[0.5%,1%)",
        "[1%,inf)"
      ],
      "return_histogram_counts": [
        3,
        30,
        80,
        140,
        97,
        32,
        13,
        3
      ],
      "top10_pct_pnl_contribution": -0.734970688233401,
      "trades_per_day": 4.381148950808393
    },
    "bps8": {
      "mae_proxy_median": -0.0008683140764743635,
      "median_hold_return": -0.00034302235787695356,
      "return_histogram_bins": [
        "(-inf,-1%)",
        "[-1%,-0.5%)",
        "[-0.5%,-0.2%)",
        "[-0.2%,0%)",
        "[0%,0.2%)",
        "[0.2%,0.5%)",
        "[0.5%,1%)",
        "[1%,inf)"
      ],
      "return_histogram_counts": [
        3,
        27,
        75,
        132,
        105,
        38,
        15,
        3
      ],
      "top10_pct_pnl_contribution": -1.0533731416769505,
      "trades_per_day": 4.381148950808393
    },
    "gross": {
      "mae_proxy_median": -0.0008683140764743635,
      "median_hold_return": 0.0004569776421230465,
      "return_histogram_bins": [
        "(-inf,-1%)",
        "[-1%,-0.5%)",
        "[-0.5%,-0.2%)",
        "[-0.2%,0%)",
        "[0%,0.2%)",
        "[0.2%,0.5%)",
        "[0.5%,1%)",
        "[1%,inf)"
      ],
      "return_histogram_counts": [
        1,
        14,
        59,
        87,
        150,
        63,
        21,
        3
      ],
      "top10_pct_pnl_contribution": 2.3008029613567813,
      "trades_per_day": 4.381148950808393
    }
  },
  "family": "mean_reversion",
  "hypothesis_id": "H52",
  "timestamp_utc": "2026-02-23T06:26:17+00:00",
  "wf_by_mode": {
    "bps10": {
      "aggregate": {
        "mean": -0.00019571740645812135,
        "mean_ci_high": 0.0007771227176540047,
        "mean_ci_low": -0.0010498732171090577,
        "n": 71,
        "p_mean_gt_0": 0.305
      },
      "folds": [
        {
          "fold_id": 1,
          "mean": -0.0006251773615182431,
          "n": 31,
          "test_end": "2026-02-06T00:00:00+00:00",
          "test_start": "2026-01-22T00:00:00+00:00"
        },
        {
          "fold_id": 2,
          "mean": 0.000137114058713473,
          "n": 40,
          "test_end": "2026-02-21T00:00:00+00:00",
          "test_start": "2026-02-06T00:00:00+00:00"
        }
      ],
      "positive_folds": {
        "count": 1,
        "pct": 50.0,
        "total": 2
      },
      "split": {
        "step_days": 15,
        "test_days": 15,
        "train_days": 60
      }
    },
    "bps8": {
      "aggregate": {
        "mean": 4.282593541878806e-06,
        "mean_ci_high": 0.000977122717654005,
        "mean_ci_low": -0.0008498732171090574,
        "n": 71,
        "p_mean_gt_0": 0.477
      },
      "folds": [
        {
          "fold_id": 1,
          "mean": -0.00042517736151824286,
          "n": 31,
          "test_end": "2026-02-06T00:00:00+00:00",
          "test_start": "2026-01-22T00:00:00+00:00"
        },
        {
          "fold_id": 2,
          "mean": 0.0003371140587134732,
          "n": 40,
          "test_end": "2026-02-21T00:00:00+00:00",
          "test_start": "2026-02-06T00:00:00+00:00"
        }
      ],
      "positive_folds": {
        "count": 1,
        "pct": 50.0,
        "total": 2
      },
      "split": {
        "step_days": 15,
        "test_days": 15,
        "train_days": 60
      }
    },
    "gross": {
      "aggregate": {
        "mean": 0.0008042825935418789,
        "mean_ci_high": 0.0017771227176540047,
        "mean_ci_low": -4.9873217109057656e-05,
        "n": 71,
        "p_mean_gt_0": 0.965
      },
      "folds": [
        {
          "fold_id": 1,
          "mean": 0.0003748226384817572,
          "n": 31,
          "test_end": "2026-02-06T00:00:00+00:00",
          "test_start": "2026-01-22T00:00:00+00:00"
        },
        {
          "fold_id": 2,
          "mean": 0.0011371140587134732,
          "n": 40,
          "test_end": "2026-02-21T00:00:00+00:00",
          "test_start": "2026-02-06T00:00:00+00:00"
        }
      ],
      "positive_folds": {
        "count": 2,
        "pct": 100.0,
        "total": 2
      },
      "split": {
        "step_days": 15,
        "test_days": 15,
        "train_days": 60
      }
    }
  }
}