{
  "baseline": {
    "bps10": {
      "mean": 0.0007447399659591598,
      "mean_ci_high": 0.001136047500059021,
      "mean_ci_low": 0.0003619090879996554,
      "n": 335,
      "p_mean_gt_0": 1.0,
      "std": 0.003632377559721428,
      "win_rate": 0.5104477611940299
    },
    "bps8": {
      "mean": 0.00094473996595916,
      "mean_ci_high": 0.0013360475000590212,
      "mean_ci_low": 0.0005619090879996555,
      "n": 335,
      "p_mean_gt_0": 1.0,
      "std": 0.003632377559721428,
      "win_rate": 0.5611940298507463
    },
    "gross": {
      "mean": 0.00174473996595916,
      "mean_ci_high": 0.002136047500059021,
      "mean_ci_low": 0.0013619090879996556,
      "n": 335,
      "p_mean_gt_0": 1.0,
      "std": 0.003632377559721428,
      "win_rate": 0.6925373134328359
    }
  },
  "config": {
    "bootstrap_iters": 3000,
    "cost_mode": "all",
    "days": 180,
    "horizon": 6,
    "timeframe": "5m",
    "wf": {
      "step_days": 15,
      "test_days": 15,
      "train_days": 60
    }
  },
  "diagnostics_by_mode": {
    "bps10": {
      "mae_proxy_median": -0.0004266867968343302,
      "median_hold_return": 1.5047108352651307e-05,
      "return_histogram_bins": [
        "(-inf,-1%)",
        "[-1%,-0.5%)",
        "[-0.5%,-0.2%)",
        "[-0.2%,0%)",
        "[0%,0.2%)",
        "[0.2%,0.5%)",
        "[0.5%,1%)",
        "[1%,inf)"
      ],
      "return_histogram_counts": [
        0,
        5,
        50,
        109,
        89,
        51,
        19,
        12
      ],
      "top10_pct_pnl_contribution": 1.213794670490485,
      "trades_per_day": 1.8697674418604653
    },
    "bps8": {
      "mae_proxy_median": -0.0004266867968343302,
      "median_hold_return": 0.0002150471083526513,
      "return_histogram_bins": [
        "(-inf,-1%)",
        "[-1%,-0.5%)",
        "[-0.5%,-0.2%)",
        "[-0.2%,0%)",
        "[0%,0.2%)",
        "[0.2%,0.5%)",
        "[0.5%,1%)",
        "[1%,inf)"
      ],
      "return_histogram_counts": [
        0,
        5,
        45,
        97,
        100,
        57,
        19,
        12
      ],
      "top10_pct_pnl_contribution": 0.978322017007942,
      "trades_per_day": 1.8697674418604653
    },
    "gross": {
      "mae_proxy_median": -0.0004266867968343302,
      "median_hold_return": 0.0010150471083526513,
      "return_histogram_bins": [
        "(-inf,-1%)",
        "[-1%,-0.5%)",
        "[-0.5%,-0.2%)",
        "[-0.2%,0%)",
        "[0%,0.2%)",
        "[0.2%,0.5%)",
        "[0.5%,1%)",
        "[1%,inf)"
      ],
      "return_histogram_counts": [
        0,
        4,
        22,
        77,
        118,
        69,
        33,
        12
      ],
      "top10_pct_pnl_contribution": 0.576277243894728,
      "trades_per_day": 1.8697674418604653
    }
  },
  "family": "cross_asset_regime",
  "hypothesis_id": "H59",
  "timestamp_utc": "2026-02-23T06:26:21+00:00",
  "wf_by_mode": {
    "bps10": {
      "aggregate": {
        "mean": 0.001138800126278275,
        "mean_ci_high": 0.0017270355891829047,
        "mean_ci_low": 0.0005839322731653512,
        "n": 182,
        "p_mean_gt_0": 1.0
      },
      "folds": [
        {
          "fold_id": 1,
          "mean": -3.167198839244743e-05,
          "n": 24,
          "test_end": "2025-11-10T00:00:00+00:00",
          "test_start": "2025-10-26T00:00:00+00:00"
        },
        {
          "fold_id": 2,
          "mean": 0.0022827936633674738,
          "n": 26,
          "test_end": "2025-11-25T00:00:00+00:00",
          "test_start": "2025-11-10T00:00:00+00:00"
        },
        {
          "fold_id": 3,
          "mean": 0.0011809682393078052,
          "n": 26,
          "test_end": "2025-12-10T00:00:00+00:00",
          "test_start": "2025-11-25T00:00:00+00:00"
        },
        {
          "fold_id": 4,
          "mean": 0.0009777274924108665,
          "n": 28,
          "test_end": "2025-12-25T00:00:00+00:00",
          "test_start": "2025-12-10T00:00:00+00:00"
        },
        {
          "fold_id": 5,
          "mean": 0.0016999096718065773,
          "n": 20,
          "test_end": "2026-01-09T00:00:00+00:00",
          "test_start": "2025-12-25T00:00:00+00:00"
        },
        {
          "fold_id": 6,
          "mean": 0.00013847356374952337,
          "n": 35,
          "test_end": "2026-01-24T00:00:00+00:00",
          "test_start": "2026-01-09T00:00:00+00:00"
        },
        {
          "fold_id": 7,
          "mean": 0.002249687099114715,
          "n": 23,
          "test_end": "2026-02-08T00:00:00+00:00",
          "test_start": "2026-01-24T00:00:00+00:00"
        }
      ],
      "positive_folds": {
        "count": 6,
        "pct": 85.71428571428571,
        "total": 7
      },
      "split": {
        "step_days": 15,
        "test_days": 15,
        "train_days": 60
      }
    },
    "bps8": {
      "aggregate": {
        "mean": 0.0013388001262782752,
        "mean_ci_high": 0.0019270355891829048,
        "mean_ci_low": 0.0007839322731653517,
        "n": 182,
        "p_mean_gt_0": 1.0
      },
      "folds": [
        {
          "fold_id": 1,
          "mean": 0.0001683280116075526,
          "n": 24,
          "test_end": "2025-11-10T00:00:00+00:00",
          "test_start": "2025-10-26T00:00:00+00:00"
        },
        {
          "fold_id": 2,
          "mean": 0.002482793663367474,
          "n": 26,
          "test_end": "2025-11-25T00:00:00+00:00",
          "test_start": "2025-11-10T00:00:00+00:00"
        },
        {
          "fold_id": 3,
          "mean": 0.0013809682393078051,
          "n": 26,
          "test_end": "2025-12-10T00:00:00+00:00",
          "test_start": "2025-11-25T00:00:00+00:00"
        },
        {
          "fold_id": 4,
          "mean": 0.0011777274924108666,
          "n": 28,
          "test_end": "2025-12-25T00:00:00+00:00",
          "test_start": "2025-12-10T00:00:00+00:00"
        },
        {
          "fold_id": 5,
          "mean": 0.001899909671806577,
          "n": 20,
          "test_end": "2026-01-09T00:00:00+00:00",
          "test_start": "2025-12-25T00:00:00+00:00"
        },
        {
          "fold_id": 6,
          "mean": 0.00033847356374952346,
          "n": 35,
          "test_end": "2026-01-24T00:00:00+00:00",
          "test_start": "2026-01-09T00:00:00+00:00"
        },
        {
          "fold_id": 7,
          "mean": 0.002449687099114714,
          "n": 23,
          "test_end": "2026-02-08T00:00:00+00:00",
          "test_start": "2026-01-24T00:00:00+00:00"
        }
      ],
      "positive_folds": {
        "count": 7,
        "pct": 100.0,
        "total": 7
      },
      "split": {
        "step_days": 15,
        "test_days": 15,
        "train_days": 60
      }
    },
    "gross": {
      "aggregate": {
        "mean": 0.0021388001262782753,
        "mean_ci_high": 0.002727035589182905,
        "mean_ci_low": 0.0015839322731653514,
        "n": 182,
        "p_mean_gt_0": 1.0
      },
      "folds": [
        {
          "fold_id": 1,
          "mean": 0.0009683280116075527,
          "n": 24,
          "test_end": "2025-11-10T00:00:00+00:00",
          "test_start": "2025-10-26T00:00:00+00:00"
        },
        {
          "fold_id": 2,
          "mean": 0.003282793663367474,
          "n": 26,
          "test_end": "2025-11-25T00:00:00+00:00",
          "test_start": "2025-11-10T00:00:00+00:00"
        },
        {
          "fold_id": 3,
          "mean": 0.0021809682393078055,
          "n": 26,
          "test_end": "2025-12-10T00:00:00+00:00",
          "test_start": "2025-11-25T00:00:00+00:00"
        },
        {
          "fold_id": 4,
          "mean": 0.0019777274924108667,
          "n": 28,
          "test_end": "2025-12-25T00:00:00+00:00",
          "test_start": "2025-12-10T00:00:00+00:00"
        },
        {
          "fold_id": 5,
          "mean": 0.0026999096718065773,
          "n": 20,
          "test_end": "2026-01-09T00:00:00+00:00",