{
  "baseline": {
    "bps10": {
      "mean": 0.0014470887596802348,
      "mean_ci_high": 0.001998785122573081,
      "mean_ci_low": 0.0008916617115107504,
      "n": 334,
      "p_mean_gt_0": 1.0,
      "std": 0.0052847689486799476,
      "win_rate": 0.5778443113772455
    },
    "bps8": {
      "mean": 0.0016470887596802357,
      "mean_ci_high": 0.0021987851225730814,
      "mean_ci_low": 0.0010916617115107508,
      "n": 334,
      "p_mean_gt_0": 1.0,
      "std": 0.0052847689486799476,
      "win_rate": 0.6077844311377245
    },
    "gross": {
      "mean": 0.0024470887596802354,
      "mean_ci_high": 0.0029987851225730814,
      "mean_ci_low": 0.001891661711510751,
      "n": 334,
      "p_mean_gt_0": 1.0,
      "std": 0.0052847689486799476,
      "win_rate": 0.6856287425149701
    }
  },
  "config": {
    "bootstrap_iters": 3000,
    "cost_mode": "all",
    "days": 180,
    "horizon": 6,
    "timeframe": "5m",
    "wf": {
      "step_days": 15,
      "test_days": 15,
      "train_days": 60
    }
  },
  "diagnostics_by_mode": {
    "bps10": {
      "mae_proxy_median": -0.0007125288935488916,
      "median_hold_return": 0.0004891375302302223,
      "return_histogram_bins": [
        "(-inf,-1%)",
        "[-1%,-0.5%)",
        "[-0.5%,-0.2%)",
        "[-0.2%,0%)",
        "[0%,0.2%)",
        "[0.2%,0.5%)",
        "[0.5%,1%)",
        "[1%,inf)"
      ],
      "return_histogram_counts": [
        4,
        11,
        52,
        74,
        77,
        62,
        35,
        19
      ],
      "top10_pct_pnl_contribution": 0.9112007926826433,
      "trades_per_day": 1.864619678995115
    },
    "bps8": {
      "mae_proxy_median": -0.0007125288935488916,
      "median_hold_return": 0.0006891375302302223,
      "return_histogram_bins": [
        "(-inf,-1%)",
        "[-1%,-0.5%)",
        "[-0.5%,-0.2%)",
        "[-0.2%,0%)",
        "[0%,0.2%)",
        "[0.2%,0.5%)",
        "[0.5%,1%)",
        "[1%,inf)"
      ],
      "return_histogram_counts": [
        3,
        8,
        51,
        69,
        79,
        68,
        37,
        19
      ],
      "top10_pct_pnl_contribution": 0.8129177607889456,
      "trades_per_day": 1.864619678995115
    },
    "gross": {
      "mae_proxy_median": -0.0007125288935488916,
      "median_hold_return": 0.0014891375302302223,
      "return_histogram_bins": [
        "(-inf,-1%)",
        "[-1%,-0.5%)",
        "[-0.5%,-0.2%)",
        "[-0.2%,0%)",
        "[0%,0.2%)",
        "[0.2%,0.5%)",
        "[0.5%,1%)",
        "[1%,inf)"
      ],
      "return_histogram_counts": [
        2,
        7,
        34,
        62,
        78,
        83,
        42,
        26
      ],
      "top10_pct_pnl_contribution": 0.580438623842155,
      "trades_per_day": 1.864619678995115
    }
  },
  "family": "cross_asset_regime",
  "hypothesis_id": "H60",
  "timestamp_utc": "2026-02-23T06:26:25+00:00",
  "wf_by_mode": {
    "bps10": {
      "aggregate": {
        "mean": 0.00147478524982622,
        "mean_ci_high": 0.0023613162330318894,
        "mean_ci_low": 0.0006390522182239862,
        "n": 192,
        "p_mean_gt_0": 0.9993333333333333
      },
      "folds": [
        {
          "fold_id": 1,
          "mean": 0.002490950867227782,
          "n": 26,
          "test_end": "2025-11-10T00:00:00+00:00",
          "test_start": "2025-10-26T00:00:00+00:00"
        },
        {
          "fold_id": 2,
          "mean": 0.0018930341988947835,
          "n": 30,
          "test_end": "2025-11-25T00:00:00+00:00",
          "test_start": "2025-11-10T00:00:00+00:00"
        },
        {
          "fold_id": 3,
          "mean": 0.0016327936757588564,
          "n": 38,
          "test_end": "2025-12-10T00:00:00+00:00",
          "test_start": "2025-11-25T00:00:00+00:00"
        },
        {
          "fold_id": 4,
          "mean": 0.003845531019711028,
          "n": 26,
          "test_end": "2025-12-25T00:00:00+00:00",
          "test_start": "2025-12-10T00:00:00+00:00"
        },
        {
          "fold_id": 5,
          "mean": 0.00028060551766782393,
          "n": 29,
          "test_end": "2026-01-09T00:00:00+00:00",
          "test_start": "2025-12-25T00:00:00+00:00"
        },
        {
          "fold_id": 6,
          "mean": 0.00019284350911652557,
          "n": 22,
          "test_end": "2026-01-24T00:00:00+00:00",
          "test_start": "2026-01-09T00:00:00+00:00"
        },
        {
          "fold_id": 7,
          "mean": -0.0006098601882088226,
          "n": 21,
          "test_end": "2026-02-08T00:00:00+00:00",
          "test_start": "2026-01-24T00:00:00+00:00"
        }
      ],
      "positive_folds": {
        "count": 6,
        "pct": 85.71428571428571,
        "total": 7
      },
      "split": {
        "step_days": 15,
        "test_days": 15,
        "train_days": 60
      }
    },
    "bps8": {
      "aggregate": {
        "mean": 0.001674785249826221,
        "mean_ci_high": 0.0025613162330318895,
        "mean_ci_low": 0.0008390522182239864,
        "n": 192,
        "p_mean_gt_0": 1.0
      },
      "folds": [
        {
          "fold_id": 1,
          "mean": 0.0026909508672277828,
          "n": 26,
          "test_end": "2025-11-10T00:00:00+00:00",
          "test_start": "2025-10-26T00:00:00+00:00"
        },
        {
          "fold_id": 2,
          "mean": 0.0020930341988947836,
          "n": 30,
          "test_end": "2025-11-25T00:00:00+00:00",
          "test_start": "2025-11-10T00:00:00+00:00"
        },
        {
          "fold_id": 3,
          "mean": 0.0018327936757588578,
          "n": 38,
          "test_end": "2025-12-10T00:00:00+00:00",
          "test_start": "2025-11-25T00:00:00+00:00"
        },
        {
          "fold_id": 4,
          "mean": 0.0040455310197110295,
          "n": 26,
          "test_end": "2025-12-25T00:00:00+00:00",
          "test_start": "2025-12-10T00:00:00+00:00"
        },
        {
          "fold_id": 5,
          "mean": 0.00048060551766782413,
          "n": 29,
          "test_end": "2026-01-09T00:00:00+00:00",
          "test_start": "2025-12-25T00:00:00+00:00"
        },
        {
          "fold_id": 6,
          "mean": 0.00039284350911652556,
          "n": 22,
          "test_end": "2026-01-24T00:00:00+00:00",
          "test_start": "2026-01-09T00:00:00+00:00"
        },
        {
          "fold_id": 7,
          "mean": -0.0004098601882088228,
          "n": 21,
          "test_end": "2026-02-08T00:00:00+00:00",
          "test_start": "2026-01-24T00:00:00+00:00"
        }
      ],
      "positive_folds": {
        "count": 6,
        "pct": 85.71428571428571,
        "total": 7
      },
      "split": {
        "step_days": 15,
        "test_days": 15,
        "train_days": 60
      }
    },
    "gross": {
      "aggregate": {
        "mean": 0.0024747852498262207,
        "mean_ci_high": 0.00336131623303189,
        "mean_ci_low": 0.0016390522182239866,
        "n": 192,
        "p_mean_gt_0": 1.0
      },
      "folds": [
        {
          "fold_id": 1,
          "mean": 0.0034909508672277823,
          "n": 26,
          "test_end": "2025-11-10T00:00:00+00:00",
          "test_start": "2025-10-26T00:00:00+00:00"
        },
        {
          "fold_id": 2,
          "mean": 0.002893034198894784,
          "n": 30,
          "test_end": "2025-11-25T00:00:00+00:00",
          "test_start": "2025-11-10T00:00:00+00:00"
        },
        {
          "fold_id": 3,
          "mean": 0.002632793675758857,
          "n": 38,
          "test_end": "2025-12-10T00:00:00+00:00",
          "test_start": "2025-11-25T00:00:00+00:00"
        },
        {
          "fold_id": 4,
          "mean": 0.004845531019711029,
          "n": 26,
          "test_end": "2025-12-25T00:00:00+00:00",
          "test_start": "2025-12-10T00:00:00+00:00"
        },
        {
          "fold_id": 5,
          "mean": 0.0012806055176678242,
          "n": 29,
          "test_end": "2026-01-09T00:00:00+00:00",