{
  "baseline": {
    "bps10": {
      "mean": 0.00035421422005057395,
      "mean_ci_high": 0.0006409753102870489,
      "mean_ci_low": 8.52617137784605e-05,
      "n": 687,
      "p_mean_gt_0": 0.9943333333333333,
      "std": 0.0037281590340081,
      "win_rate": 0.47307132459970885
    },
    "bps8": {
      "mean": 0.0005542142200505739,
      "mean_ci_high": 0.0008409753102870491,
      "mean_ci_low": 0.0002852617137784606,
      "n": 687,
      "p_mean_gt_0": 1.0,
      "std": 0.0037281590340081,
      "win_rate": 0.5167394468704513
    },
    "gross": {
      "mean": 0.0013542142200505742,
      "mean_ci_high": 0.0016409753102870493,
      "mean_ci_low": 0.0010852617137784607,
      "n": 687,
      "p_mean_gt_0": 1.0,
      "std": 0.0037281590340081,
      "win_rate": 0.6710334788937409
    }
  },
  "config": {
    "bootstrap_iters": 3000,
    "cost_mode": "all",
    "days": 365,
    "horizon": 6,
    "timeframe": "5m",
    "wf": {
      "step_days": 15,
      "test_days": 15,
      "train_days": 60
    }
  },
  "diagnostics_by_mode": {
    "bps10": {
      "mae_proxy_median": -0.0004822136364572849,
      "median_hold_return": -0.00011723395321017096,
      "return_histogram_bins": [
        "(-inf,-1%)",
        "[-1%,-0.5%)",
        "[-0.5%,-0.2%)",
        "[-0.2%,0%)",
        "[0%,0.2%)",
        "[0.2%,0.5%)",
        "[0.5%,1%)",
        "[1%,inf)"
      ],
      "return_histogram_counts": [
        1,
        26,
        86,
        249,
        186,
        83,
        42,
        14
      ],
      "top10_pct_pnl_contribution": 2.305552873306448,
      "trades_per_day": 1.8873626373626373
    },
    "bps8": {
      "mae_proxy_median": -0.0004822136364572849,
      "median_hold_return": 8.276604678982902e-05,
      "return_histogram_bins": [
        "(-inf,-1%)",
        "[-1%,-0.5%)",
        "[-0.5%,-0.2%)",
        "[-0.2%,0%)",
        "[0%,0.2%)",
        "[0.2%,0.5%)",
        "[0.5%,1%)",
        "[1%,inf)"
      ],
      "return_histogram_counts": [
        1,
        22,
        75,
        234,
        208,
        89,
        42,
        16
      ],
      "top10_pct_pnl_contribution": 1.5097897505621356,
      "trades_per_day": 1.8873626373626373
    },
    "gross": {
      "mae_proxy_median": -0.0004822136364572849,
      "median_hold_return": 0.0008827660467898291,
      "return_histogram_bins": [
        "(-inf,-1%)",
        "[-1%,-0.5%)",
        "[-0.5%,-0.2%)",
        "[-0.2%,0%)",
        "[0%,0.2%)",
        "[0.2%,0.5%)",
        "[0.5%,1%)",
        "[1%,inf)"
      ],
      "return_histogram_counts": [
        1,
        11,
        46,
        168,
        263,
        126,
        53,
        19
      ],
      "top10_pct_pnl_contribution": 0.6772165588336986,
      "trades_per_day": 1.8873626373626373
    }
  },
  "family": "cross_asset_regime",
  "hypothesis_id": "H61",
  "timestamp_utc": "2026-02-23T06:44:25+00:00",
  "wf_by_mode": {
    "bps10": {
      "aggregate": {
        "mean": 0.00022962491968079733,
        "mean_ci_high": 0.0005164080638190255,
        "mean_ci_low": -3.9218173062088893e-05,
        "n": 540,
        "p_mean_gt_0": 0.95
      },
      "folds": [
        {
          "fold_id": 1,
          "mean": 7.227686276065708e-05,
          "n": 40,
          "test_end": "2025-05-09T00:00:00+00:00",
          "test_start": "2025-04-24T00:00:00+00:00"
        },
        {
          "fold_id": 2,
          "mean": 0.00026623092145555113,
          "n": 25,
          "test_end": "2025-05-24T00:00:00+00:00",
          "test_start": "2025-05-09T00:00:00+00:00"
        },
        {
          "fold_id": 3,
          "mean": -0.000277613312547627,
          "n": 35,
          "test_end": "2025-06-08T00:00:00+00:00",
          "test_start": "2025-05-24T00:00:00+00:00"
        },
        {
          "fold_id": 4,
          "mean": 0.00033459020529075077,
          "n": 23,
          "test_end": "2025-06-23T00:00:00+00:00",
          "test_start": "2025-06-08T00:00:00+00:00"
        },
        {
          "fold_id": 5,
          "mean": -1.3074441176460995e-05,
          "n": 32,
          "test_end": "2025-07-08T00:00:00+00:00",
          "test_start": "2025-06-23T00:00:00+00:00"
        },
        {
          "fold_id": 6,
          "mean": -0.0005006278498913283,
          "n": 17,
          "test_end": "2025-07-23T00:00:00+00:00",
          "test_start": "2025-07-08T00:00:00+00:00"
        },
        {
          "fold_id": 7,
          "mean": -0.00027416412610275966,
          "n": 24,
          "test_end": "2025-08-07T00:00:00+00:00",
          "test_start": "2025-07-23T00:00:00+00:00"
        },
        {
          "fold_id": 8,
          "mean": 0.0008641288716102485,
          "n": 19,
          "test_end": "2025-08-22T00:00:00+00:00",
          "test_start": "2025-08-07T00:00:00+00:00"
        },
        {
          "fold_id": 9,
          "mean": -0.00020761014748622663,
          "n": 26,
          "test_end": "2025-09-06T00:00:00+00:00",
          "test_start": "2025-08-22T00:00:00+00:00"
        },
        {
          "fold_id": 10,
          "mean": -0.00023919872052428765,
          "n": 27,
          "test_end": "2025-09-21T00:00:00+00:00",
          "test_start": "2025-09-06T00:00:00+00:00"
        },
        {
          "fold_id": 11,
          "mean": -0.00024117611125631938,
          "n": 31,
          "test_end": "2025-10-06T00:00:00+00:00",
          "test_start": "2025-09-21T00:00:00+00:00"
        },
        {
          "fold_id": 12,
          "mean": 0.000668849614815565,
          "n": 20,
          "test_end": "2025-10-21T00:00:00+00:00",
          "test_start": "2025-10-06T00:00:00+00:00"
        },
        {
          "fold_id": 13,
          "mean": 0.0008557696935008322,
          "n": 26,
          "test_end": "2025-11-05T00:00:00+00:00",
          "test_start": "2025-10-21T00:00:00+00:00"
        },
        {
          "fold_id": 14,
          "mean": -0.00019611373908677695,
          "n": 28,
          "test_end": "2025-11-20T00:00:00+00:00",
          "test_start": "2025-11-05T00:00:00+00:00"
        },
        {
          "fold_id": 15,
          "mean": 0.0008125603025727109,
          "n": 34,
          "test_end": "2025-12-05T00:00:00+00:00",
          "test_start": "2025-11-20T00:00:00+00:00"
        },
        {
          "fold_id": 16,
          "mean": 0.0020928776345186693,
          "n": 31,
          "test_end": "2025-12-20T00:00:00+00:00",
          "test_start": "2025-12-05T00:00:00+00:00"
        },
        {
          "fold_id": 17,
          "mean": -0.00045108186787651185,
          "n": 32,
          "test_end": "2026-01-04T00:00:00+00:00",
          "test_start": "2025-12-20T00:00:00+00:00"
        },
        {
          "fold_id": 18,
          "mean": 0.0001162392556703539,
          "n": 23,
          "test_end": "2026-01-19T00:00:00+00:00",
          "test_start": "2026-01-04T00:00:00+00:00"
        },
        {
          "fold_id": 19,
          "mean": -9.553711800133155e-06,
          "n": 17,
          "test_end": "2026-02-03T00:00:00+00:00",
          "test_start": "2026-01-19T00:00:00+00:00"
        },
        {
          "fold_id": 20,
          "mean": 0.000805872948982934,
          "n": 30,
          "test_end": "2026-02-18T00:00:00+00:00",
          "test_start": "2026-02-03T00:00:00+00:00"
        }
      ],
      "positive_folds": {
        "count": 10,
        "pct": 50.0,
        "total": 20
      },
      "split": {
        "step_days": 15,
        "test_days": 15,
        "train_days": 60
      }
    },
    "bps8": {
      "aggregate": {
        "mean": 0.0004296249196807974,
        "mean_ci_high": 0.0007164080638190257,
        "mean_ci_low": 0.00016078182693791122,
        "n": 540,
        "p_mean_gt_0": 0.9993333333333333
      },
      "folds": [
        {
          "fold_id": 1,
          "mean": 0.00027227686276065714,
          "n": 40,
          "test_end": "2025-05-09T00:00:00+00:00",