{
  "baseline": {
    "bps10": {
      "mean": 0.0003570087763238452,
      "mean_ci_high": 0.0007367293313247682,
      "mean_ci_low": -1.8391914511245747e-05,
      "n": 334,
      "p_mean_gt_0": 0.9693333333333334,
      "std": 0.0036045540353343993,
      "win_rate": 0.47604790419161674
    },
    "bps8": {
      "mean": 0.0005570087763238453,
      "mean_ci_high": 0.0009367293313247684,
      "mean_ci_low": 0.00018160808548875435,
      "n": 334,
      "p_mean_gt_0": 0.9983333333333333,
      "std": 0.0036045540353343993,
      "win_rate": 0.5149700598802395
    },
    "gross": {
      "mean": 0.0013570087763238453,
      "mean_ci_high": 0.0017367293313247684,
      "mean_ci_low": 0.0009816080854887544,
      "n": 334,
      "p_mean_gt_0": 1.0,
      "std": 0.0036045540353343997,
      "win_rate": 0.6377245508982036
    }
  },
  "config": {
    "bootstrap_iters": 3000,
    "cost_mode": "all",
    "days": 180,
    "horizon": 6,
    "timeframe": "5m",
    "wf": {
      "step_days": 15,
      "test_days": 15,
      "train_days": 60
    }
  },
  "diagnostics_by_mode": {
    "bps10": {
      "mae_proxy_median": -0.0004537990518225232,
      "median_hold_return": -0.00011914574778387668,
      "return_histogram_bins": [
        "(-inf,-1%)",
        "[-1%,-0.5%)",
        "[-0.5%,-0.2%)",
        "[-0.2%,0%)",
        "[0%,0.2%)",
        "[0.2%,0.5%)",
        "[0.5%,1%)",
        "[1%,inf)"
      ],
      "return_histogram_counts": [
        1,
        14,
        40,
        120,
        88,
        44,
        21,
        6
      ],
      "top10_pct_pnl_contribution": 2.2800601114511383,
      "trades_per_day": 1.864619678995115
    },
    "bps8": {
      "mae_proxy_median": -0.0004537990518225232,
      "median_hold_return": 8.085425221612331e-05,
      "return_histogram_bins": [
        "(-inf,-1%)",
        "[-1%,-0.5%)",
        "[-0.5%,-0.2%)",
        "[-0.2%,0%)",
        "[0%,0.2%)",
        "[0.2%,0.5%)",
        "[0.5%,1%)",
        "[1%,inf)"
      ],
      "return_histogram_counts": [
        1,
        12,
        33,
        116,
        97,
        48,
        19,
        8
      ],
      "top10_pct_pnl_contribution": 1.4979310690178584,
      "trades_per_day": 1.864619678995115
    },
    "gross": {
      "mae_proxy_median": -0.0004537990518225232,
      "median_hold_return": 0.0008808542522161233,
      "return_histogram_bins": [
        "(-inf,-1%)",
        "[-1%,-0.5%)",
        "[-0.5%,-0.2%)",
        "[-0.2%,0%)",
        "[0%,0.2%)",
        "[0.2%,0.5%)",
        "[0.5%,1%)",
        "[1%,inf)"
      ],
      "return_histogram_counts": [
        1,
        4,
        22,
        94,
        113,
        61,
        29,
        10
      ],
      "top10_pct_pnl_contribution": 0.6748651103057111,
      "trades_per_day": 1.864619678995115
    }
  },
  "family": "cross_asset_regime",
  "hypothesis_id": "H61",
  "timestamp_utc": "2026-02-23T06:26:28+00:00",
  "wf_by_mode": {
    "bps10": {
      "aggregate": {
        "mean": 0.0003405908851351481,
        "mean_ci_high": 0.0008800459137149413,
        "mean_ci_low": -0.00020212248077858543,
        "n": 192,
        "p_mean_gt_0": 0.897
      },
      "folds": [
        {
          "fold_id": 1,
          "mean": 0.000914131480287304,
          "n": 26,
          "test_end": "2025-11-10T00:00:00+00:00",
          "test_start": "2025-10-26T00:00:00+00:00"
        },
        {
          "fold_id": 2,
          "mean": -0.00022068575295021818,
          "n": 30,
          "test_end": "2025-11-25T00:00:00+00:00",
          "test_start": "2025-11-10T00:00:00+00:00"
        },
        {
          "fold_id": 3,
          "mean": 0.000990994747429583,
          "n": 38,
          "test_end": "2025-12-10T00:00:00+00:00",
          "test_start": "2025-11-25T00:00:00+00:00"
        },
        {
          "fold_id": 4,
          "mean": 0.0016394278867263477,
          "n": 26,
          "test_end": "2025-12-25T00:00:00+00:00",
          "test_start": "2025-12-10T00:00:00+00:00"
        },
        {
          "fold_id": 5,
          "mean": -0.00013390816878295681,
          "n": 29,
          "test_end": "2026-01-09T00:00:00+00:00",
          "test_start": "2025-12-25T00:00:00+00:00"
        },
        {
          "fold_id": 6,
          "mean": 0.00010553002964249638,
          "n": 22,
          "test_end": "2026-01-24T00:00:00+00:00",
          "test_start": "2026-01-09T00:00:00+00:00"
        },
        {
          "fold_id": 7,
          "mean": -0.0014511735794120613,
          "n": 21,
          "test_end": "2026-02-08T00:00:00+00:00",
          "test_start": "2026-01-24T00:00:00+00:00"
        }
      ],
      "positive_folds": {
        "count": 4,
        "pct": 57.142857142857146,
        "total": 7
      },
      "split": {
        "step_days": 15,
        "test_days": 15,
        "train_days": 60
      }
    },
    "bps8": {
      "aggregate": {
        "mean": 0.0005405908851351483,
        "mean_ci_high": 0.0010800459137149416,
        "mean_ci_low": -2.1224807785854204e-06,
        "n": 192,
        "p_mean_gt_0": 0.9743333333333334
      },
      "folds": [
        {
          "fold_id": 1,
          "mean": 0.001114131480287304,
          "n": 26,
          "test_end": "2025-11-10T00:00:00+00:00",
          "test_start": "2025-10-26T00:00:00+00:00"
        },
        {
          "fold_id": 2,
          "mean": -2.068575295021809e-05,
          "n": 30,
          "test_end": "2025-11-25T00:00:00+00:00",
          "test_start": "2025-11-10T00:00:00+00:00"
        },
        {
          "fold_id": 3,
          "mean": 0.001190994747429583,
          "n": 38,
          "test_end": "2025-12-10T00:00:00+00:00",
          "test_start": "2025-11-25T00:00:00+00:00"
        },
        {
          "fold_id": 4,
          "mean": 0.0018394278867263482,
          "n": 26,
          "test_end": "2025-12-25T00:00:00+00:00",
          "test_start": "2025-12-10T00:00:00+00:00"
        },
        {
          "fold_id": 5,
          "mean": 6.60918312170434e-05,
          "n": 29,
          "test_end": "2026-01-09T00:00:00+00:00",
          "test_start": "2025-12-25T00:00:00+00:00"
        },
        {
          "fold_id": 6,
          "mean": 0.0003055300296424965,
          "n": 22,
          "test_end": "2026-01-24T00:00:00+00:00",
          "test_start": "2026-01-09T00:00:00+00:00"
        },
        {
          "fold_id": 7,
          "mean": -0.0012511735794120613,
          "n": 21,
          "test_end": "2026-02-08T00:00:00+00:00",
          "test_start": "2026-01-24T00:00:00+00:00"
        }
      ],
      "positive_folds": {
        "count": 5,
        "pct": 71.42857142857143,
        "total": 7
      },
      "split": {
        "step_days": 15,
        "test_days": 15,
        "train_days": 60
      }
    },
    "gross": {
      "aggregate": {
        "mean": 0.0013405908851351483,
        "mean_ci_high": 0.0018800459137149417,
        "mean_ci_low": 0.0007978775192214147,
        "n": 192,
        "p_mean_gt_0": 1.0
      },
      "folds": [
        {
          "fold_id": 1,
          "mean": 0.001914131480287304,
          "n": 26,
          "test_end": "2025-11-10T00:00:00+00:00",
          "test_start": "2025-10-26T00:00:00+00:00"
        },
        {
          "fold_id": 2,
          "mean": 0.0007793142470497819,
          "n": 30,
          "test_end": "2025-11-25T00:00:00+00:00",
          "test_start": "2025-11-10T00:00:00+00:00"
        },
        {
          "fold_id": 3,
          "mean": 0.0019909947474295833,
          "n": 38,
          "test_end": "2025-12-10T00:00:00+00:00",
          "test_start": "2025-11-25T00:00:00+00:00"
        },
        {
          "fold_id": 4,
          "mean": 0.002639427886726348,
          "n": 26,
          "test_end": "2025-12-25T00:00:00+00:00",
          "test_start": "2025-12-10T00:00:00+00:00"
        },
        {
          "fold_id": 5,
          "mean": 0.0008660918312170434,
          "n": 29,