{
  "baseline": {
    "bps10": {
      "mean": 0.00013296176850938484,
      "mean_ci_high": 0.00045685667690283777,
      "mean_ci_low": -0.00019763494475893973,
      "n": 334,
      "p_mean_gt_0": 0.778,
      "std": 0.0030927942167331968,
      "win_rate": 0.4221556886227545
    },
    "bps8": {
      "mean": 0.000332961768509385,
      "mean_ci_high": 0.0006568566769028379,
      "mean_ci_low": 2.3650552410603216e-06,
      "n": 334,
      "p_mean_gt_0": 0.9766666666666667,
      "std": 0.003092794216733197,
      "win_rate": 0.4491017964071856
    },
    "gross": {
      "mean": 0.001132961768509385,
      "mean_ci_high": 0.0014568566769028381,
      "mean_ci_low": 0.0008023650552410604,
      "n": 334,
      "p_mean_gt_0": 1.0,
      "std": 0.003092794216733197,
      "win_rate": 0.655688622754491
    }
  },
  "config": {
    "bootstrap_iters": 3000,
    "cost_mode": "all",
    "days": 180,
    "horizon": 4,
    "timeframe": "5m",
    "wf": {
      "step_days": 15,
      "test_days": 15,
      "train_days": 60
    }
  },
  "diagnostics_by_mode": {
    "bps10": {
      "mae_proxy_median": -0.00025973209059781954,
      "median_hold_return": -0.0004221432621833712,
      "return_histogram_bins": [
        "(-inf,-1%)",
        "[-1%,-0.5%)",
        "[-0.5%,-0.2%)",
        "[-0.2%,0%)",
        "[0%,0.2%)",
        "[0.2%,0.5%)",
        "[0.5%,1%)",
        "[1%,inf)"
      ],
      "return_histogram_counts": [
        0,
        6,
        54,
        133,
        83,
        36,
        17,
        5
      ],
      "top10_pct_pnl_contribution": 5.268738506174611,
      "trades_per_day": 1.8650535132619823
    },
    "bps8": {
      "mae_proxy_median": -0.00025973209059781954,
      "median_hold_return": -0.0002221432621833712,
      "return_histogram_bins": [
        "(-inf,-1%)",
        "[-1%,-0.5%)",
        "[-0.5%,-0.2%)",
        "[-0.2%,0%)",
        "[0%,0.2%)",
        "[0.2%,0.5%)",
        "[0.5%,1%)",
        "[1%,inf)"
      ],
      "return_histogram_counts": [
        0,
        5,
        47,
        132,
        88,
        40,
        17,
        5
      ],
      "top10_pct_pnl_contribution": 2.1651136533150557,
      "trades_per_day": 1.8650535132619823
    },
    "gross": {
      "mae_proxy_median": -0.00025973209059781954,
      "median_hold_return": 0.0005778567378166288,
      "return_histogram_bins": [
        "(-inf,-1%)",
        "[-1%,-0.5%)",
        "[-0.5%,-0.2%)",
        "[-0.2%,0%)",
        "[0%,0.2%)",
        "[0.2%,0.5%)",
        "[0.5%,1%)",
        "[1%,inf)"
      ],
      "return_histogram_counts": [
        0,
        3,
        28,
        84,
        131,
        59,
        21,
        8
      ],
      "top10_pct_pnl_contribution": 0.7081767620770808,
      "trades_per_day": 1.8650535132619823
    }
  },
  "family": "cross_asset_regime",
  "hypothesis_id": "H62",
  "timestamp_utc": "2026-02-23T06:26:32+00:00",
  "wf_by_mode": {
    "bps10": {
      "aggregate": {
        "mean": 0.000450954517152535,
        "mean_ci_high": 0.0009390942459564169,
        "mean_ci_low": -9.362633432876541e-06,
        "n": 182,
        "p_mean_gt_0": 0.972
      },
      "folds": [
        {
          "fold_id": 1,
          "mean": -0.0001566607416473197,
          "n": 24,
          "test_end": "2025-11-10T00:00:00+00:00",
          "test_start": "2025-10-26T00:00:00+00:00"
        },
        {
          "fold_id": 2,
          "mean": 0.002011481711185358,
          "n": 26,
          "test_end": "2025-11-25T00:00:00+00:00",
          "test_start": "2025-11-10T00:00:00+00:00"
        },
        {
          "fold_id": 3,
          "mean": 0.0003815386291552218,
          "n": 26,
          "test_end": "2025-12-10T00:00:00+00:00",
          "test_start": "2025-11-25T00:00:00+00:00"
        },
        {
          "fold_id": 4,
          "mean": -0.00036213885387130224,
          "n": 28,
          "test_end": "2025-12-25T00:00:00+00:00",
          "test_start": "2025-12-10T00:00:00+00:00"
        },
        {
          "fold_id": 5,
          "mean": 0.001175040475335221,
          "n": 20,
          "test_end": "2026-01-09T00:00:00+00:00",
          "test_start": "2025-12-25T00:00:00+00:00"
        },
        {
          "fold_id": 6,
          "mean": -0.0002864086088380393,
          "n": 35,
          "test_end": "2026-01-24T00:00:00+00:00",
          "test_start": "2026-01-09T00:00:00+00:00"
        },
        {
          "fold_id": 7,
          "mean": 0.0008816709036289294,
          "n": 23,
          "test_end": "2026-02-08T00:00:00+00:00",
          "test_start": "2026-01-24T00:00:00+00:00"
        }
      ],
      "positive_folds": {
        "count": 4,
        "pct": 57.142857142857146,
        "total": 7
      },
      "split": {
        "step_days": 15,
        "test_days": 15,
        "train_days": 60
      }
    },
    "bps8": {
      "aggregate": {
        "mean": 0.000650954517152535,
        "mean_ci_high": 0.0011390942459564176,
        "mean_ci_low": 0.00019063736656712362,
        "n": 182,
        "p_mean_gt_0": 0.997
      },
      "folds": [
        {
          "fold_id": 1,
          "mean": 4.3339258352680306e-05,
          "n": 24,
          "test_end": "2025-11-10T00:00:00+00:00",
          "test_start": "2025-10-26T00:00:00+00:00"
        },
        {
          "fold_id": 2,
          "mean": 0.002211481711185358,
          "n": 26,
          "test_end": "2025-11-25T00:00:00+00:00",
          "test_start": "2025-11-10T00:00:00+00:00"
        },
        {
          "fold_id": 3,
          "mean": 0.000581538629155222,
          "n": 26,
          "test_end": "2025-12-10T00:00:00+00:00",
          "test_start": "2025-11-25T00:00:00+00:00"
        },
        {
          "fold_id": 4,
          "mean": -0.00016213885387130207,
          "n": 28,
          "test_end": "2025-12-25T00:00:00+00:00",
          "test_start": "2025-12-10T00:00:00+00:00"
        },
        {
          "fold_id": 5,
          "mean": 0.0013750404753352216,
          "n": 20,
          "test_end": "2026-01-09T00:00:00+00:00",
          "test_start": "2025-12-25T00:00:00+00:00"
        },
        {
          "fold_id": 6,
          "mean": -8.640860883803937e-05,
          "n": 35,
          "test_end": "2026-01-24T00:00:00+00:00",
          "test_start": "2026-01-09T00:00:00+00:00"
        },
        {
          "fold_id": 7,
          "mean": 0.0010816709036289296,
          "n": 23,
          "test_end": "2026-02-08T00:00:00+00:00",
          "test_start": "2026-01-24T00:00:00+00:00"
        }
      ],
      "positive_folds": {
        "count": 5,
        "pct": 71.42857142857143,
        "total": 7
      },
      "split": {
        "step_days": 15,
        "test_days": 15,
        "train_days": 60
      }
    },
    "gross": {
      "aggregate": {
        "mean": 0.0014509545171525352,
        "mean_ci_high": 0.0019390942459564175,
        "mean_ci_low": 0.0009906373665671236,
        "n": 182,
        "p_mean_gt_0": 1.0
      },
      "folds": [
        {
          "fold_id": 1,
          "mean": 0.0008433392583526803,
          "n": 24,
          "test_end": "2025-11-10T00:00:00+00:00",
          "test_start": "2025-10-26T00:00:00+00:00"
        },
        {
          "fold_id": 2,
          "mean": 0.003011481711185358,
          "n": 26,
          "test_end": "2025-11-25T00:00:00+00:00",
          "test_start": "2025-11-10T00:00:00+00:00"
        },
        {
          "fold_id": 3,
          "mean": 0.0013815386291552221,
          "n": 26,
          "test_end": "2025-12-10T00:00:00+00:00",
          "test_start": "2025-11-25T00:00:00+00:00"
        },
        {
          "fold_id": 4,
          "mean": 0.0006378611461286979,
          "n": 28,
          "test_end": "2025-12-25T00:00:00+00:00",
          "test_start": "2025-12-10T00:00:00+00:00"
        },
        {
          "fold_id": 5,
          "mean": 0.0021750404753352213,
          "n": 20,
          "test_end": "2026-01-09T00:00:00+00:00",