{
  "baseline": {
    "bps10": {
      "mean": -1.7259386733456676e-05,
      "mean_ci_high": 0.00020564228004237503,
      "mean_ci_low": -0.00024167690798391721,
      "n": 689,
      "p_mean_gt_0": 0.43066666666666664,
      "std": 0.0029996626645255172,
      "win_rate": 0.4005805515239477
    },
    "bps8": {
      "mean": 0.00018274061326654343,
      "mean_ci_high": 0.0004056422800423752,
      "mean_ci_low": -4.1676907983917124e-05,
      "n": 689,
      "p_mean_gt_0": 0.9446666666666667,
      "std": 0.0029996626645255172,
      "win_rate": 0.432510885341074
    },
    "gross": {
      "mean": 0.0009827406132665434,
      "mean_ci_high": 0.0012056422800423752,
      "mean_ci_low": 0.0007583230920160829,
      "n": 689,
      "p_mean_gt_0": 1.0,
      "std": 0.0029996626645255172,
      "win_rate": 0.6502177068214804
    }
  },
  "config": {
    "bootstrap_iters": 3000,
    "cost_mode": "all",
    "days": 365,
    "horizon": 4,
    "timeframe": "5m",
    "wf": {
      "step_days": 15,
      "test_days": 15,
      "train_days": 60
    }
  },
  "diagnostics_by_mode": {
    "bps10": {
      "mae_proxy_median": -0.0002802783323812008,
      "median_hold_return": -0.000476204001554458,
      "return_histogram_bins": [
        "(-inf,-1%)",
        "[-1%,-0.5%)",
        "[-0.5%,-0.2%)",
        "[-0.2%,0%)",
        "[0%,0.2%)",
        "[0.2%,0.5%)",
        "[0.5%,1%)",
        "[1%,inf)"
      ],
      "return_histogram_counts": [
        0,
        11,
        109,
        293,
        177,
        67,
        25,
        7
      ],
      "top10_pct_pnl_contribution": -36.28578055098446,
      "trades_per_day": 1.8922073463783042
    },
    "bps8": {
      "mae_proxy_median": -0.0002802783323812008,
      "median_hold_return": -0.000276204001554458,
      "return_histogram_bins": [
        "(-inf,-1%)",
        "[-1%,-0.5%)",
        "[-0.5%,-0.2%)",
        "[-0.2%,0%)",
        "[0%,0.2%)",
        "[0.2%,0.5%)",
        "[0.5%,1%)",
        "[1%,inf)"
      ],
      "return_histogram_counts": [
        0,
        10,
        97,
        284,
        193,
        72,
        26,
        7
      ],
      "top10_pct_pnl_contribution": 3.5367033932861642,
      "trades_per_day": 1.8922073463783042
    },
    "gross": {
      "mae_proxy_median": -0.0002802783323812008,
      "median_hold_return": 0.000523795998445542,
      "return_histogram_bins": [
        "(-inf,-1%)",
        "[-1%,-0.5%)",
        "[-0.5%,-0.2%)",
        "[-0.2%,0%)",
        "[0%,0.2%)",
        "[0.2%,0.5%)",
        "[0.5%,1%)",
        "[1%,inf)"
      ],
      "return_histogram_counts": [
        0,
        7,
        53,
        181,
        283,
        116,
        39,
        10
      ],
      "top10_pct_pnl_contribution": 0.7391731322889235,
      "trades_per_day": 1.8922073463783042
    }
  },
  "family": "cross_asset_regime",
  "hypothesis_id": "H62",
  "timestamp_utc": "2026-02-23T06:44:31+00:00",
  "wf_by_mode": {
    "bps10": {
      "aggregate": {
        "mean": -0.00010608573107858576,
        "mean_ci_high": 0.00012301217223630018,
        "mean_ci_low": -0.00032618047540618363,
        "n": 569,
        "p_mean_gt_0": 0.17333333333333334
      },
      "folds": [
        {
          "fold_id": 1,
          "mean": -0.0005330215980477995,
          "n": 32,
          "test_end": "2025-05-09T00:00:00+00:00",
          "test_start": "2025-04-24T00:00:00+00:00"
        },
        {
          "fold_id": 2,
          "mean": -0.0002912221432606282,
          "n": 33,
          "test_end": "2025-05-24T00:00:00+00:00",
          "test_start": "2025-05-09T00:00:00+00:00"
        },
        {
          "fold_id": 3,
          "mean": -0.0002429695369304201,
          "n": 31,
          "test_end": "2025-06-08T00:00:00+00:00",
          "test_start": "2025-05-24T00:00:00+00:00"
        },
        {
          "fold_id": 4,
          "mean": -0.0007058467904545586,
          "n": 35,
          "test_end": "2025-06-23T00:00:00+00:00",
          "test_start": "2025-06-08T00:00:00+00:00"
        },
        {
          "fold_id": 5,
          "mean": -0.0004766871425952438,
          "n": 28,
          "test_end": "2025-07-08T00:00:00+00:00",
          "test_start": "2025-06-23T00:00:00+00:00"
        },
        {
          "fold_id": 6,
          "mean": -0.000668397005618932,
          "n": 27,
          "test_end": "2025-07-23T00:00:00+00:00",
          "test_start": "2025-07-08T00:00:00+00:00"
        },
        {
          "fold_id": 7,
          "mean": -0.00047559457309338256,
          "n": 24,
          "test_end": "2025-08-07T00:00:00+00:00",
          "test_start": "2025-07-23T00:00:00+00:00"
        },
        {
          "fold_id": 8,
          "mean": -0.00034409112645171464,
          "n": 25,
          "test_end": "2025-08-22T00:00:00+00:00",
          "test_start": "2025-08-07T00:00:00+00:00"
        },
        {
          "fold_id": 9,
          "mean": 0.00038799886240879506,
          "n": 32,
          "test_end": "2025-09-06T00:00:00+00:00",
          "test_start": "2025-08-22T00:00:00+00:00"
        },
        {
          "fold_id": 10,
          "mean": -0.0009700435620823485,
          "n": 30,
          "test_end": "2025-09-21T00:00:00+00:00",
          "test_start": "2025-09-06T00:00:00+00:00"
        },
        {
          "fold_id": 11,
          "mean": -0.00031216644957570447,
          "n": 23,
          "test_end": "2025-10-06T00:00:00+00:00",
          "test_start": "2025-09-21T00:00:00+00:00"
        },
        {
          "fold_id": 12,
          "mean": -8.68553677292348e-05,
          "n": 38,
          "test_end": "2025-10-21T00:00:00+00:00",
          "test_start": "2025-10-06T00:00:00+00:00"
        },
        {
          "fold_id": 13,
          "mean": 0.00019284535673301913,
          "n": 21,
          "test_end": "2025-11-05T00:00:00+00:00",
          "test_start": "2025-10-21T00:00:00+00:00"
        },
        {
          "fold_id": 14,
          "mean": 0.0012562984117717767,
          "n": 31,
          "test_end": "2025-11-20T00:00:00+00:00",
          "test_start": "2025-11-05T00:00:00+00:00"
        },
        {
          "fold_id": 15,
          "mean": 0.0007622290747462516,
          "n": 23,
          "test_end": "2025-12-05T00:00:00+00:00",
          "test_start": "2025-11-20T00:00:00+00:00"
        },
        {
          "fold_id": 16,
          "mean": 9.348717038810981e-05,
          "n": 29,
          "test_end": "2025-12-20T00:00:00+00:00",
          "test_start": "2025-12-05T00:00:00+00:00"
        },
        {
          "fold_id": 17,
          "mean": 0.0005156199728915937,
          "n": 22,
          "test_end": "2026-01-04T00:00:00+00:00",
          "test_start": "2025-12-20T00:00:00+00:00"
        },
        {
          "fold_id": 18,
          "mean": -8.181947135913754e-05,
          "n": 33,
          "test_end": "2026-01-19T00:00:00+00:00",
          "test_start": "2026-01-04T00:00:00+00:00"
        },
        {
          "fold_id": 19,
          "mean": 0.0003576346753534795,
          "n": 23,
          "test_end": "2026-02-03T00:00:00+00:00",
          "test_start": "2026-01-19T00:00:00+00:00"
        },
        {
          "fold_id": 20,
          "mean": -0.00010308542990380034,
          "n": 29,
          "test_end": "2026-02-18T00:00:00+00:00",
          "test_start": "2026-02-03T00:00:00+00:00"
        }
      ],
      "positive_folds": {
        "count": 7,
        "pct": 35.0,
        "total": 20
      },
      "split": {
        "step_days": 15,
        "test_days": 15,
        "train_days": 60
      }
    },
    "bps8": {
      "aggregate": {
        "mean": 9.391426892141433e-05,
        "mean_ci_high": 0.0003230121722363003,
        "mean_ci_low": -0.00012618047540618356,
        "n": 569,
        "p_mean_gt_0": 0.7976666666666666
      },
      "folds": [
        {
          "fold_id": 1,
          "mean": -0.0003330215980477995,
          "n": 32,