{
  "baseline": {
    "bps10": {
      "mean": 0.0007242632533145534,
      "mean_ci_high": 0.0011807585767880952,
      "mean_ci_low": 0.0002632449147321079,
      "n": 333,
      "p_mean_gt_0": 0.999,
      "std": 0.004202436886762763,
      "win_rate": 0.48348348348348347
    },
    "bps8": {
      "mean": 0.0009242632533145537,
      "mean_ci_high": 0.0013807585767880955,
      "mean_ci_low": 0.0004632449147321081,
      "n": 333,
      "p_mean_gt_0": 1.0,
      "std": 0.004202436886762763,
      "win_rate": 0.5315315315315315
    },
    "gross": {
      "mean": 0.0017242632533145538,
      "mean_ci_high": 0.0021807585767880952,
      "mean_ci_low": 0.0012632449147321082,
      "n": 333,
      "p_mean_gt_0": 1.0,
      "std": 0.004202436886762763,
      "win_rate": 0.6636636636636637
    }
  },
  "config": {
    "bootstrap_iters": 3000,
    "cost_mode": "all",
    "days": 180,
    "horizon": 4,
    "timeframe": "5m",
    "wf": {
      "step_days": 15,
      "test_days": 15,
      "train_days": 60
    }
  },
  "diagnostics_by_mode": {
    "bps10": {
      "mae_proxy_median": -0.00047964636324426824,
      "median_hold_return": -9.66030258761066e-05,
      "return_histogram_bins": [
        "(-inf,-1%)",
        "[-1%,-0.5%)",
        "[-0.5%,-0.2%)",
        "[-0.2%,0%)",
        "[0%,0.2%)",
        "[0.2%,0.5%)",
        "[0.5%,1%)",
        "[1%,inf)"
      ],
      "return_histogram_counts": [
        0,
        12,
        50,
        110,
        71,
        52,
        26,
        12
      ],
      "top10_pct_pnl_contribution": 1.3793053479593662,
      "trades_per_day": 1.8633714152483096
    },
    "bps8": {
      "mae_proxy_median": -0.00047964636324426824,
      "median_hold_return": 0.00010339697412389338,
      "return_histogram_bins": [
        "(-inf,-1%)",
        "[-1%,-0.5%)",
        "[-0.5%,-0.2%)",
        "[-0.2%,0%)",
        "[0%,0.2%)",
        "[0.2%,0.5%)",
        "[0.5%,1%)",
        "[1%,inf)"
      ],
      "return_histogram_counts": [
        0,
        8,
        45,
        103,
        81,
        55,
        29,
        12
      ],
      "top10_pct_pnl_contribution": 1.1029331690856496,
      "trades_per_day": 1.8633714152483096
    },
    "gross": {
      "mae_proxy_median": -0.00047964636324426824,
      "median_hold_return": 0.0009033969741238934,
      "return_histogram_bins": [
        "(-inf,-1%)",
        "[-1%,-0.5%)",
        "[-0.5%,-0.2%)",
        "[-0.2%,0%)",
        "[0%,0.2%)",
        "[0.2%,0.5%)",
        "[0.5%,1%)",
        "[1%,inf)"
      ],
      "return_histogram_counts": [
        0,
        8,
        27,
        77,
        103,
        68,
        38,
        12
      ],
      "top10_pct_pnl_contribution": 0.6385813063131184,
      "trades_per_day": 1.8633714152483096
    }
  },
  "family": "cross_asset_regime",
  "hypothesis_id": "H64",
  "timestamp_utc": "2026-02-23T06:26:39+00:00",
  "wf_by_mode": {
    "bps10": {
      "aggregate": {
        "mean": 0.000748039421419492,
        "mean_ci_high": 0.0014085280459406636,
        "mean_ci_low": 0.00013882956240827607,
        "n": 192,
        "p_mean_gt_0": 0.9913333333333333
      },
      "folds": [
        {
          "fold_id": 1,
          "mean": 0.0016532063850128735,
          "n": 26,
          "test_end": "2025-11-10T00:00:00+00:00",
          "test_start": "2025-10-26T00:00:00+00:00"
        },
        {
          "fold_id": 2,
          "mean": 0.001768672807712624,
          "n": 30,
          "test_end": "2025-11-25T00:00:00+00:00",
          "test_start": "2025-11-10T00:00:00+00:00"
        },
        {
          "fold_id": 3,
          "mean": 0.0007893277061915713,
          "n": 38,
          "test_end": "2025-12-10T00:00:00+00:00",
          "test_start": "2025-11-25T00:00:00+00:00"
        },
        {
          "fold_id": 4,
          "mean": 0.001365513200010387,
          "n": 26,
          "test_end": "2025-12-25T00:00:00+00:00",
          "test_start": "2025-12-10T00:00:00+00:00"
        },
        {
          "fold_id": 5,
          "mean": 0.00028202649482833277,
          "n": 29,
          "test_end": "2026-01-09T00:00:00+00:00",
          "test_start": "2025-12-25T00:00:00+00:00"
        },
        {
          "fold_id": 6,
          "mean": -0.0010138544889335252,
          "n": 22,
          "test_end": "2026-01-24T00:00:00+00:00",
          "test_start": "2026-01-09T00:00:00+00:00"
        },
        {
          "fold_id": 7,
          "mean": -0.0001805593789621342,
          "n": 21,
          "test_end": "2026-02-08T00:00:00+00:00",
          "test_start": "2026-01-24T00:00:00+00:00"
        }
      ],
      "positive_folds": {
        "count": 5,
        "pct": 71.42857142857143,
        "total": 7
      },
      "split": {
        "step_days": 15,
        "test_days": 15,
        "train_days": 60
      }
    },
    "bps8": {
      "aggregate": {
        "mean": 0.0009480394214194922,
        "mean_ci_high": 0.0016085280459406637,
        "mean_ci_low": 0.0003388295624082763,
        "n": 192,
        "p_mean_gt_0": 0.9983333333333333
      },
      "folds": [
        {
          "fold_id": 1,
          "mean": 0.0018532063850128738,
          "n": 26,
          "test_end": "2025-11-10T00:00:00+00:00",
          "test_start": "2025-10-26T00:00:00+00:00"
        },
        {
          "fold_id": 2,
          "mean": 0.001968672807712624,
          "n": 30,
          "test_end": "2025-11-25T00:00:00+00:00",
          "test_start": "2025-11-10T00:00:00+00:00"
        },
        {
          "fold_id": 3,
          "mean": 0.000989327706191571,
          "n": 38,
          "test_end": "2025-12-10T00:00:00+00:00",
          "test_start": "2025-11-25T00:00:00+00:00"
        },
        {
          "fold_id": 4,
          "mean": 0.0015655132000103873,
          "n": 26,
          "test_end": "2025-12-25T00:00:00+00:00",
          "test_start": "2025-12-10T00:00:00+00:00"
        },
        {
          "fold_id": 5,
          "mean": 0.00048202649482833275,
          "n": 29,
          "test_end": "2026-01-09T00:00:00+00:00",
          "test_start": "2025-12-25T00:00:00+00:00"
        },
        {
          "fold_id": 6,
          "mean": -0.0008138544889335249,
          "n": 22,
          "test_end": "2026-01-24T00:00:00+00:00",
          "test_start": "2026-01-09T00:00:00+00:00"
        },
        {
          "fold_id": 7,
          "mean": 1.9440621037865797e-05,
          "n": 21,
          "test_end": "2026-02-08T00:00:00+00:00",
          "test_start": "2026-01-24T00:00:00+00:00"
        }
      ],
      "positive_folds": {
        "count": 6,
        "pct": 85.71428571428571,
        "total": 7
      },
      "split": {
        "step_days": 15,
        "test_days": 15,
        "train_days": 60
      }
    },
    "gross": {
      "aggregate": {
        "mean": 0.0017480394214194922,
        "mean_ci_high": 0.0024085280459406637,
        "mean_ci_low": 0.0011388295624082763,
        "n": 192,
        "p_mean_gt_0": 1.0
      },
      "folds": [
        {
          "fold_id": 1,
          "mean": 0.002653206385012874,
          "n": 26,
          "test_end": "2025-11-10T00:00:00+00:00",
          "test_start": "2025-10-26T00:00:00+00:00"
        },
        {
          "fold_id": 2,
          "mean": 0.0027686728077126244,
          "n": 30,
          "test_end": "2025-11-25T00:00:00+00:00",
          "test_start": "2025-11-10T00:00:00+00:00"
        },
        {
          "fold_id": 3,
          "mean": 0.0017893277061915714,
          "n": 38,
          "test_end": "2025-12-10T00:00:00+00:00",
          "test_start": "2025-11-25T00:00:00+00:00"
        },
        {
          "fold_id": 4,
          "mean": 0.0023655132000103872,
          "n": 26,
          "test_end": "2025-12-25T00:00:00+00:00",
          "test_start": "2025-12-10T00:00:00+00:00"
        },
        {
          "fold_id": 5,
          "mean": 0.0012820264948283327,
          "n": 29,