{
  "baseline": {
    "bps10": {
      "mean": 0.0006569817786090725,
      "mean_ci_high": 0.0010259187840883782,
      "mean_ci_low": 0.00030074385852951735,
      "n": 687,
      "p_mean_gt_0": 1.0,
      "std": 0.004830915750087117,
      "win_rate": 0.5007278020378457
    },
    "bps8": {
      "mean": 0.0008569817786090728,
      "mean_ci_high": 0.0012259187840883783,
      "mean_ci_low": 0.0005007438585295174,
      "n": 687,
      "p_mean_gt_0": 1.0,
      "std": 0.004830915750087117,
      "win_rate": 0.529839883551674
    },
    "gross": {
      "mean": 0.001656981778609073,
      "mean_ci_high": 0.0020259187840883787,
      "mean_ci_low": 0.0013007438585295177,
      "n": 687,
      "p_mean_gt_0": 1.0,
      "std": 0.004830915750087117,
      "win_rate": 0.6477438136826783
    }
  },
  "config": {
    "bootstrap_iters": 3000,
    "cost_mode": "all",
    "days": 365,
    "horizon": 4,
    "timeframe": "5m",
    "wf": {
      "step_days": 15,
      "test_days": 15,
      "train_days": 60
    }
  },
  "diagnostics_by_mode": {
    "bps10": {
      "mae_proxy_median": -0.0005623058605142006,
      "median_hold_return": 5.093739214202288e-06,
      "return_histogram_bins": [
        "(-inf,-1%)",
        "[-1%,-0.5%)",
        "[-0.5%,-0.2%)",
        "[-0.2%,0%)",
        "[0%,0.2%)",
        "[0.2%,0.5%)",
        "[0.5%,1%)",
        "[1%,inf)"
      ],
      "return_histogram_counts": [
        2,
        32,
        126,
        183,
        154,
        105,
        62,
        23
      ],
      "top10_pct_pnl_contribution": 1.599915170365683,
      "trades_per_day": 1.8873626373626373
    },
    "bps8": {
      "mae_proxy_median": -0.0005623058605142006,
      "median_hold_return": 0.00020509373921420227,
      "return_histogram_bins": [
        "(-inf,-1%)",
        "[-1%,-0.5%)",
        "[-0.5%,-0.2%)",
        "[-0.2%,0%)",
        "[0%,0.2%)",
        "[0.2%,0.5%)",
        "[0.5%,1%)",
        "[1%,inf)"
      ],
      "return_histogram_counts": [
        2,
        24,
        118,
        179,
        161,
        111,
        69,
        23
      ],
      "top10_pct_pnl_contribution": 1.2499710930069525,
      "trades_per_day": 1.8873626373626373
    },
    "gross": {
      "mae_proxy_median": -0.0005623058605142006,
      "median_hold_return": 0.0010050937392142023,
      "return_histogram_bins": [
        "(-inf,-1%)",
        "[-1%,-0.5%)",
        "[-0.5%,-0.2%)",
        "[-0.2%,0%)",
        "[0%,0.2%)",
        "[0.2%,0.5%)",
        "[0.5%,1%)",
        "[1%,inf)"
      ],
      "return_histogram_counts": [
        2,
        18,
        77,
        145,
        188,
        147,
        83,
        27
      ],
      "top10_pct_pnl_contribution": 0.6949694983609555,
      "trades_per_day": 1.8873626373626373
    }
  },
  "family": "cross_asset_regime",
  "hypothesis_id": "H64",
  "timestamp_utc": "2026-02-23T06:44:42+00:00",
  "wf_by_mode": {
    "bps10": {
      "aggregate": {
        "mean": 0.0007493700794635768,
        "mean_ci_high": 0.0011346925710921953,
        "mean_ci_low": 0.0003682341786324528,
        "n": 540,
        "p_mean_gt_0": 1.0
      },
      "folds": [
        {
          "fold_id": 1,
          "mean": 0.00017464185234985846,
          "n": 40,
          "test_end": "2025-05-09T00:00:00+00:00",
          "test_start": "2025-04-24T00:00:00+00:00"
        },
        {
          "fold_id": 2,
          "mean": 0.0019526807538285782,
          "n": 25,
          "test_end": "2025-05-24T00:00:00+00:00",
          "test_start": "2025-05-09T00:00:00+00:00"
        },
        {
          "fold_id": 3,
          "mean": 0.00010234637519053267,
          "n": 35,
          "test_end": "2025-06-08T00:00:00+00:00",
          "test_start": "2025-05-24T00:00:00+00:00"
        },
        {
          "fold_id": 4,
          "mean": 0.00046446570737988834,
          "n": 23,
          "test_end": "2025-06-23T00:00:00+00:00",
          "test_start": "2025-06-08T00:00:00+00:00"
        },
        {
          "fold_id": 5,
          "mean": 0.00017506399185121275,
          "n": 32,
          "test_end": "2025-07-08T00:00:00+00:00",
          "test_start": "2025-06-23T00:00:00+00:00"
        },
        {
          "fold_id": 6,
          "mean": 0.0005222456264222182,
          "n": 17,
          "test_end": "2025-07-23T00:00:00+00:00",
          "test_start": "2025-07-08T00:00:00+00:00"
        },
        {
          "fold_id": 7,
          "mean": 0.0005849595160407302,
          "n": 24,
          "test_end": "2025-08-07T00:00:00+00:00",
          "test_start": "2025-07-23T00:00:00+00:00"
        },
        {
          "fold_id": 8,
          "mean": 0.001154346163317333,
          "n": 19,
          "test_end": "2025-08-22T00:00:00+00:00",
          "test_start": "2025-08-07T00:00:00+00:00"
        },
        {
          "fold_id": 9,
          "mean": 0.0021978117224778155,
          "n": 26,
          "test_end": "2025-09-06T00:00:00+00:00",
          "test_start": "2025-08-22T00:00:00+00:00"
        },
        {
          "fold_id": 10,
          "mean": 0.00024161815847383473,
          "n": 27,
          "test_end": "2025-09-21T00:00:00+00:00",
          "test_start": "2025-09-06T00:00:00+00:00"
        },
        {
          "fold_id": 11,
          "mean": -0.0006529439485164089,
          "n": 31,
          "test_end": "2025-10-06T00:00:00+00:00",
          "test_start": "2025-09-21T00:00:00+00:00"
        },
        {
          "fold_id": 12,
          "mean": 0.0009163796244131002,
          "n": 20,
          "test_end": "2025-10-21T00:00:00+00:00",
          "test_start": "2025-10-06T00:00:00+00:00"
        },
        {
          "fold_id": 13,
          "mean": 0.0015759781122251866,
          "n": 26,
          "test_end": "2025-11-05T00:00:00+00:00",
          "test_start": "2025-10-21T00:00:00+00:00"
        },
        {
          "fold_id": 14,
          "mean": 0.00154433885392579,
          "n": 28,
          "test_end": "2025-11-20T00:00:00+00:00",
          "test_start": "2025-11-05T00:00:00+00:00"
        },
        {
          "fold_id": 15,
          "mean": 0.0013190716663140129,
          "n": 34,
          "test_end": "2025-12-05T00:00:00+00:00",
          "test_start": "2025-11-20T00:00:00+00:00"
        },
        {
          "fold_id": 16,
          "mean": 0.0019427028803285673,
          "n": 31,
          "test_end": "2025-12-20T00:00:00+00:00",
          "test_start": "2025-12-05T00:00:00+00:00"
        },
        {
          "fold_id": 17,
          "mean": -0.0005997476602006167,
          "n": 32,
          "test_end": "2026-01-04T00:00:00+00:00",
          "test_start": "2025-12-20T00:00:00+00:00"
        },
        {
          "fold_id": 18,
          "mean": -1.903590443347955e-05,
          "n": 23,
          "test_end": "2026-01-19T00:00:00+00:00",
          "test_start": "2026-01-04T00:00:00+00:00"
        },
        {
          "fold_id": 19,
          "mean": 8.753076537443033e-05,
          "n": 17,
          "test_end": "2026-02-03T00:00:00+00:00",
          "test_start": "2026-01-19T00:00:00+00:00"
        },
        {
          "fold_id": 20,
          "mean": 0.0017079981563236243,
          "n": 30,
          "test_end": "2026-02-18T00:00:00+00:00",
          "test_start": "2026-02-03T00:00:00+00:00"
        }
      ],
      "positive_folds": {
        "count": 17,
        "pct": 85.0,
        "total": 20
      },
      "split": {
        "step_days": 15,
        "test_days": 15,
        "train_days": 60
      }
    },
    "bps8": {
      "aggregate": {
        "mean": 0.000949370079463577,
        "mean_ci_high": 0.0013346925710921954,
        "mean_ci_low": 0.000568234178632453,
        "n": 540,
        "p_mean_gt_0": 1.0
      },
      "folds": [
        {
          "fold_id": 1,
          "mean": 0.00037464185234985855,
          "n": 40,
          "test_end": "2025-05-09T00:00:00+00:00",