{
  "baseline": {
    "bps10": {
      "mean": 0.0014991116292974256,
      "mean_ci_high": 0.0021202296494351874,
      "mean_ci_low": 0.0009237153880957366,
      "n": 211,
      "p_mean_gt_0": 1.0,
      "std": 0.004489277869558672,
      "win_rate": 0.5545023696682464
    },
    "bps8": {
      "mean": 0.0016991116292974263,
      "mean_ci_high": 0.002320229649435188,
      "mean_ci_low": 0.0011237153880957371,
      "n": 211,
      "p_mean_gt_0": 1.0,
      "std": 0.004489277869558672,
      "win_rate": 0.5924170616113744
    },
    "gross": {
      "mean": 0.0024991116292974263,
      "mean_ci_high": 0.0031202296494351883,
      "mean_ci_low": 0.001923715388095737,
      "n": 211,
      "p_mean_gt_0": 1.0,
      "std": 0.004489277869558672,
      "win_rate": 0.7156398104265402
    }
  },
  "config": {
    "bootstrap_iters": 3000,
    "cost_mode": "all",
    "days": 120,
    "horizon": 8,
    "timeframe": "5m",
    "wf": {
      "step_days": 15,
      "test_days": 15,
      "train_days": 60
    }
  },
  "diagnostics_by_mode": {
    "bps10": {
      "mae_proxy_median": -0.0006759616044166306,
      "median_hold_return": 0.000579604863119699,
      "return_histogram_bins": [
        "(-inf,-1%)",
        "[-1%,-0.5%)",
        "[-0.5%,-0.2%)",
        "[-0.2%,0%)",
        "[0%,0.2%)",
        "[0.2%,0.5%)",
        "[0.5%,1%)",
        "[1%,inf)"
      ],
      "return_histogram_counts": [
        0,
        5,
        24,
        65,
        44,
        45,
        16,
        12
      ],
      "top10_pct_pnl_contribution": 0.8077775661277516,
      "trades_per_day": 1.792566371681416
    },
    "bps8": {
      "mae_proxy_median": -0.0006759616044166306,
      "median_hold_return": 0.000779604863119699,
      "return_histogram_bins": [
        "(-inf,-1%)",
        "[-1%,-0.5%)",
        "[-0.5%,-0.2%)",
        "[-0.2%,0%)",
        "[0%,0.2%)",
        "[0.2%,0.5%)",
        "[0.5%,1%)",
        "[1%,inf)"
      ],
      "return_histogram_counts": [
        0,
        4,
        20,
        62,
        49,
        47,
        16,
        13
      ],
      "top10_pct_pnl_contribution": 0.7249681554741325,
      "trades_per_day": 1.792566371681416
    },
    "gross": {
      "mae_proxy_median": -0.0006759616044166306,
      "median_hold_return": 0.001579604863119699,
      "return_histogram_bins": [
        "(-inf,-1%)",
        "[-1%,-0.5%)",
        "[-0.5%,-0.2%)",
        "[-0.2%,0%)",
        "[0%,0.2%)",
        "[0.2%,0.5%)",
        "[0.5%,1%)",
        "[1%,inf)"
      ],
      "return_histogram_counts": [
        0,
        3,
        16,
        41,
        58,
        56,
        23,
        14
      ],
      "top10_pct_pnl_contribution": 0.5262726685326299,
      "trades_per_day": 1.792566371681416
    }
  },
  "family": "cross_asset_regime",
  "hypothesis_id": "H66",
  "timestamp_utc": "2026-02-23T06:44:51+00:00",
  "wf_by_mode": {
    "bps10": {
      "aggregate": {
        "mean": 0.0014990530596089321,
        "mean_ci_high": 0.002478866080500813,
        "mean_ci_low": 0.0005739360778138461,
        "n": 75,
        "p_mean_gt_0": 1.0
      },
      "folds": [
        {
          "fold_id": 1,
          "mean": 0.0023868377710686457,
          "n": 20,
          "test_end": "2026-01-10T00:00:00+00:00",
          "test_start": "2025-12-26T00:00:00+00:00"
        },
        {
          "fold_id": 2,
          "mean": 0.000704444085502877,
          "n": 34,
          "test_end": "2026-01-25T00:00:00+00:00",
          "test_start": "2026-01-10T00:00:00+00:00"
        },
        {
          "fold_id": 3,
          "mean": 0.0019400535781999618,
          "n": 21,
          "test_end": "2026-02-09T00:00:00+00:00",
          "test_start": "2026-01-25T00:00:00+00:00"
        }
      ],
      "positive_folds": {
        "count": 3,
        "pct": 100.0,
        "total": 3
      },
      "split": {
        "step_days": 15,
        "test_days": 15,
        "train_days": 60
      }
    },
    "bps8": {
      "aggregate": {
        "mean": 0.0016990530596089327,
        "mean_ci_high": 0.002678866080500814,
        "mean_ci_low": 0.0007739360778138462,
        "n": 75,
        "p_mean_gt_0": 1.0
      },
      "folds": [
        {
          "fold_id": 1,
          "mean": 0.0025868377710686454,
          "n": 20,
          "test_end": "2026-01-10T00:00:00+00:00",
          "test_start": "2025-12-26T00:00:00+00:00"
        },
        {
          "fold_id": 2,
          "mean": 0.0009044440855028771,
          "n": 34,
          "test_end": "2026-01-25T00:00:00+00:00",
          "test_start": "2026-01-10T00:00:00+00:00"
        },
        {
          "fold_id": 3,
          "mean": 0.0021400535781999613,
          "n": 21,
          "test_end": "2026-02-09T00:00:00+00:00",
          "test_start": "2026-01-25T00:00:00+00:00"
        }
      ],
      "positive_folds": {
        "count": 3,
        "pct": 100.0,
        "total": 3
      },
      "split": {
        "step_days": 15,
        "test_days": 15,
        "train_days": 60
      }
    },
    "gross": {
      "aggregate": {
        "mean": 0.0024990530596089326,
        "mean_ci_high": 0.0034788660805008136,
        "mean_ci_low": 0.0015739360778138465,
        "n": 75,
        "p_mean_gt_0": 1.0
      },
      "folds": [
        {
          "fold_id": 1,
          "mean": 0.0033868377710686457,
          "n": 20,
          "test_end": "2026-01-10T00:00:00+00:00",
          "test_start": "2025-12-26T00:00:00+00:00"
        },
        {
          "fold_id": 2,
          "mean": 0.001704444085502877,
          "n": 34,
          "test_end": "2026-01-25T00:00:00+00:00",
          "test_start": "2026-01-10T00:00:00+00:00"
        },
        {
          "fold_id": 3,
          "mean": 0.002940053578199962,
          "n": 21,
          "test_end": "2026-02-09T00:00:00+00:00",
          "test_start": "2026-01-25T00:00:00+00:00"
        }
      ],
      "positive_folds": {
        "count": 3,
        "pct": 100.0,
        "total": 3
      },
      "split": {
        "step_days": 15,
        "test_days": 15,
        "train_days": 60
      }
    }
  }
}