{
  "baseline": {
    "bps10": {
      "mean": 0.002046978730841286,
      "mean_ci_high": 0.0029087964487494776,
      "mean_ci_low": 0.0012211784555844446,
      "n": 225,
      "p_mean_gt_0": 1.0,
      "std": 0.00635325782417147,
      "win_rate": 0.56
    },
    "bps8": {
      "mean": 0.0022469787308412865,
      "mean_ci_high": 0.003108796448749478,
      "mean_ci_low": 0.0014211784555844447,
      "n": 225,
      "p_mean_gt_0": 1.0,
      "std": 0.00635325782417147,
      "win_rate": 0.5822222222222222
    },
    "gross": {
      "mean": 0.0030469787308412865,
      "mean_ci_high": 0.0039087964487494785,
      "mean_ci_low": 0.0022211784555844446,
      "n": 225,
      "p_mean_gt_0": 1.0,
      "std": 0.006353257824171471,
      "win_rate": 0.6977777777777778
    }
  },
  "config": {
    "bootstrap_iters": 3000,
    "cost_mode": "all",
    "days": 120,
    "horizon": 8,
    "timeframe": "5m",
    "wf": {
      "step_days": 15,
      "test_days": 15,
      "train_days": 60
    }
  },
  "diagnostics_by_mode": {
    "bps10": {
      "mae_proxy_median": -0.0008099245387380716,
      "median_hold_return": 0.000809831604014378,
      "return_histogram_bins": [
        "(-inf,-1%)",
        "[-1%,-0.5%)",
        "[-0.5%,-0.2%)",
        "[-0.2%,0%)",
        "[0%,0.2%)",
        "[0.2%,0.5%)",
        "[0.5%,1%)",
        "[1%,inf)"
      ],
      "return_histogram_counts": [
        4,
        11,
        28,
        56,
        36,
        39,
        26,
        25
      ],
      "top10_pct_pnl_contribution": 0.770151049869332,
      "trades_per_day": 1.9128586609989373
    },
    "bps8": {
      "mae_proxy_median": -0.0008099245387380716,
      "median_hold_return": 0.001009831604014378,
      "return_histogram_bins": [
        "(-inf,-1%)",
        "[-1%,-0.5%)",
        "[-0.5%,-0.2%)",
        "[-0.2%,0%)",
        "[0%,0.2%)",
        "[0.2%,0.5%)",
        "[0.5%,1%)",
        "[1%,inf)"
      ],
      "return_histogram_counts": [
        4,
        11,
        22,
        57,
        38,
        42,
        25,
        26
      ],
      "top10_pct_pnl_contribution": 0.7106997681567511,
      "trades_per_day": 1.9128586609989373
    },
    "gross": {
      "mae_proxy_median": -0.0008099245387380716,
      "median_hold_return": 0.001809831604014378,
      "return_histogram_bins": [
        "(-inf,-1%)",
        "[-1%,-0.5%)",
        "[-0.5%,-0.2%)",
        "[-0.2%,0%)",
        "[0%,0.2%)",
        "[0.2%,0.5%)",
        "[0.5%,1%)",
        "[1%,inf)"
      ],
      "return_histogram_counts": [
        2,
        10,
        15,
        41,
        47,
        46,
        35,
        29
      ],
      "top10_pct_pnl_contribution": 0.550940846369588,
      "trades_per_day": 1.9128586609989373
    }
  },
  "family": "cross_asset_regime",
  "hypothesis_id": "H67",
  "timestamp_utc": "2026-02-23T06:26:47+00:00",
  "wf_by_mode": {
    "bps10": {
      "aggregate": {
        "mean": 0.00023790299873915807,
        "mean_ci_high": 0.001308713826060149,
        "mean_ci_low": -0.0007999696591874404,
        "n": 72,
        "p_mean_gt_0": 0.659
      },
      "folds": [
        {
          "fold_id": 1,
          "mean": 0.0006428034897217454,
          "n": 28,
          "test_end": "2026-01-10T00:00:00+00:00",
          "test_start": "2025-12-26T00:00:00+00:00"
        },
        {
          "fold_id": 2,
          "mean": -1.9213600425640926e-05,
          "n": 26,
          "test_end": "2026-01-25T00:00:00+00:00",
          "test_start": "2026-01-10T00:00:00+00:00"
        },
        {
          "fold_id": 3,
          "mean": -2.0551566217934634e-05,
          "n": 18,
          "test_end": "2026-02-09T00:00:00+00:00",
          "test_start": "2026-01-25T00:00:00+00:00"
        }
      ],
      "positive_folds": {
        "count": 1,
        "pct": 33.333333333333336,
        "total": 3
      },
      "split": {
        "step_days": 15,
        "test_days": 15,
        "train_days": 60
      }
    },
    "bps8": {
      "aggregate": {
        "mean": 0.00043790299873915816,
        "mean_ci_high": 0.0015087138260601494,
        "mean_ci_low": -0.0005999696591874404,
        "n": 72,
        "p_mean_gt_0": 0.782
      },
      "folds": [
        {
          "fold_id": 1,
          "mean": 0.0008428034897217456,
          "n": 28,
          "test_end": "2026-01-10T00:00:00+00:00",
          "test_start": "2025-12-26T00:00:00+00:00"
        },
        {
          "fold_id": 2,
          "mean": 0.0001807863995743591,
          "n": 26,
          "test_end": "2026-01-25T00:00:00+00:00",
          "test_start": "2026-01-10T00:00:00+00:00"
        },
        {
          "fold_id": 3,
          "mean": 0.00017944843378206552,
          "n": 18,
          "test_end": "2026-02-09T00:00:00+00:00",
          "test_start": "2026-01-25T00:00:00+00:00"
        }
      ],
      "positive_folds": {
        "count": 3,
        "pct": 100.0,
        "total": 3
      },
      "split": {
        "step_days": 15,
        "test_days": 15,
        "train_days": 60
      }
    },
    "gross": {
      "aggregate": {
        "mean": 0.0012379029987391584,
        "mean_ci_high": 0.0023087138260601495,
        "mean_ci_low": 0.00020003034081255973,
        "n": 72,
        "p_mean_gt_0": 0.9913333333333333
      },
      "folds": [
        {
          "fold_id": 1,
          "mean": 0.0016428034897217455,
          "n": 28,
          "test_end": "2026-01-10T00:00:00+00:00",
          "test_start": "2025-12-26T00:00:00+00:00"
        },
        {
          "fold_id": 2,
          "mean": 0.0009807863995743593,
          "n": 26,
          "test_end": "2026-01-25T00:00:00+00:00",
          "test_start": "2026-01-10T00:00:00+00:00"
        },
        {
          "fold_id": 3,
          "mean": 0.0009794484337820658,
          "n": 18,
          "test_end": "2026-02-09T00:00:00+00:00",
          "test_start": "2026-01-25T00:00:00+00:00"
        }
      ],
      "positive_folds": {
        "count": 3,
        "pct": 100.0,
        "total": 3
      },
      "split": {
        "step_days": 15,
        "test_days": 15,
        "train_days": 60
      }
    }
  }
}