{
  "baseline": {
    "bps10": {
      "mean": 0.0011521846987314816,
      "mean_ci_high": 0.0016070262962783772,
      "mean_ci_low": 0.0007404958839169932,
      "n": 348,
      "p_mean_gt_0": 1.0,
      "std": 0.00410986572961055,
      "win_rate": 0.6091954022988506
    },
    "bps8": {
      "mean": 0.001352184698731482,
      "mean_ci_high": 0.0018070262962783773,
      "mean_ci_low": 0.0009404958839169935,
      "n": 348,
      "p_mean_gt_0": 1.0,
      "std": 0.004109865729610551,
      "win_rate": 0.6436781609195402
    },
    "gross": {
      "mean": 0.0021521846987314817,
      "mean_ci_high": 0.0026070262962783774,
      "mean_ci_low": 0.0017404958839169935,
      "n": 348,
      "p_mean_gt_0": 1.0,
      "std": 0.00410986572961055,
      "win_rate": 0.7672413793103449
    }
  },
  "config": {
    "bootstrap_iters": 3000,
    "cost_mode": "all",
    "days": 365,
    "horizon": 8,
    "timeframe": "5m",
    "wf": {
      "step_days": 15,
      "test_days": 15,
      "train_days": 60
    }
  },
  "diagnostics_by_mode": {
    "bps10": {
      "mae_proxy_median": null,
      "median_hold_return": 0.0005245203542942342,
      "return_histogram_bins": [
        "(-inf,-1%)",
        "[-1%,-0.5%)",
        "[-0.5%,-0.2%)",
        "[-0.2%,0%)",
        "[0%,0.2%)",
        "[0.2%,0.5%)",
        "[0.5%,1%)",
        "[1%,inf)"
      ],
      "return_histogram_counts": [
        0,
        8,
        38,
        90,
        99,
        83,
        22,
        8
      ],
      "top10_pct_pnl_contribution": 0.7905138819168125,
      "trades_per_day": 0.9573590096286108
    },
    "bps8": {
      "mae_proxy_median": null,
      "median_hold_return": 0.0007245203542942342,
      "return_histogram_bins": [
        "(-inf,-1%)",
        "[-1%,-0.5%)",
        "[-0.5%,-0.2%)",
        "[-0.2%,0%)",
        "[0%,0.2%)",
        "[0.2%,0.5%)",
        "[0.5%,1%)",
        "[1%,inf)"
      ],
      "return_histogram_counts": [
        0,
        7,
        34,
        83,
        106,
        88,
        22,
        8
      ],
      "top10_pct_pnl_contribution": 0.6884658155660566,
      "trades_per_day": 0.9573590096286108
    },
    "gross": {
      "mae_proxy_median": null,
      "median_hold_return": 0.0015245203542942343,
      "return_histogram_bins": [
        "(-inf,-1%)",
        "[-1%,-0.5%)",
        "[-0.5%,-0.2%)",
        "[-0.2%,0%)",
        "[0%,0.2%)",
        "[0.2%,0.5%)",
        "[0.5%,1%)",
        "[1%,inf)"
      ],
      "return_histogram_counts": [
        0,
        2,
        27,
        52,
        122,
        101,
        34,
        10
      ],
      "top10_pct_pnl_contribution": 0.46993769267069846,
      "trades_per_day": 0.9573590096286108
    }
  },
  "family": "cross_asset_regime",
  "hypothesis_id": "H68",
  "timestamp_utc": "2026-02-23T06:51:32+00:00",
  "wf_by_mode": {
    "bps10": {
      "aggregate": {
        "mean": 0.0010540595670317499,
        "mean_ci_high": 0.001431020031269821,
        "mean_ci_low": 0.0006728710402822577,
        "n": 294,
        "p_mean_gt_0": 1.0
      },
      "folds": [
        {
          "fold_id": 1,
          "mean": 0.0008841157015087673,
          "n": 14,
          "test_end": "2025-05-09T00:00:00+00:00",
          "test_start": "2025-04-24T00:00:00+00:00"
        },
        {
          "fold_id": 2,
          "mean": 0.0017882504496666432,
          "n": 16,
          "test_end": "2025-05-24T00:00:00+00:00",
          "test_start": "2025-05-09T00:00:00+00:00"
        },
        {
          "fold_id": 3,
          "mean": 0.0006928015281618456,
          "n": 19,
          "test_end": "2025-06-08T00:00:00+00:00",
          "test_start": "2025-05-24T00:00:00+00:00"
        },
        {
          "fold_id": 4,
          "mean": 0.00018088501087126316,
          "n": 20,
          "test_end": "2025-06-23T00:00:00+00:00",
          "test_start": "2025-06-08T00:00:00+00:00"
        },
        {
          "fold_id": 5,
          "mean": 0.0017491143498104412,
          "n": 16,
          "test_end": "2025-07-08T00:00:00+00:00",
          "test_start": "2025-06-23T00:00:00+00:00"
        },
        {
          "fold_id": 6,
          "mean": 0.0001277043313486858,
          "n": 14,
          "test_end": "2025-07-23T00:00:00+00:00",
          "test_start": "2025-07-08T00:00:00+00:00"
        },
        {
          "fold_id": 7,
          "mean": 0.00044527881607845976,
          "n": 13,
          "test_end": "2025-08-07T00:00:00+00:00",
          "test_start": "2025-07-23T00:00:00+00:00"
        },
        {
          "fold_id": 8,
          "mean": -0.0010856694249019392,
          "n": 12,
          "test_end": "2025-08-22T00:00:00+00:00",
          "test_start": "2025-08-07T00:00:00+00:00"
        },
        {
          "fold_id": 9,
          "mean": 0.0017278323603257383,
          "n": 17,
          "test_end": "2025-09-06T00:00:00+00:00",
          "test_start": "2025-08-22T00:00:00+00:00"
        },
        {
          "fold_id": 10,
          "mean": 0.00018054867674701904,
          "n": 14,
          "test_end": "2025-09-21T00:00:00+00:00",
          "test_start": "2025-09-06T00:00:00+00:00"
        },
        {
          "fold_id": 11,
          "mean": -0.00015329756889596654,
          "n": 11,
          "test_end": "2025-10-06T00:00:00+00:00",
          "test_start": "2025-09-21T00:00:00+00:00"
        },
        {
          "fold_id": 12,
          "mean": 0.0015027019414043394,
          "n": 18,
          "test_end": "2025-10-21T00:00:00+00:00",
          "test_start": "2025-10-06T00:00:00+00:00"
        },
        {
          "fold_id": 13,
          "mean": 0.0015424143059081295,
          "n": 11,
          "test_end": "2025-11-05T00:00:00+00:00",
          "test_start": "2025-10-21T00:00:00+00:00"
        },
        {
          "fold_id": 14,
          "mean": 0.0019293724856827602,
          "n": 19,
          "test_end": "2025-11-20T00:00:00+00:00",
          "test_start": "2025-11-05T00:00:00+00:00"
        },
        {
          "fold_id": 15,
          "mean": -0.00010935125132911101,
          "n": 7,
          "test_end": "2025-12-05T00:00:00+00:00",
          "test_start": "2025-11-20T00:00:00+00:00"
        },
        {
          "fold_id": 16,
          "mean": 0.002004631615065359,
          "n": 14,
          "test_end": "2025-12-20T00:00:00+00:00",
          "test_start": "2025-12-05T00:00:00+00:00"
        },
        {
          "fold_id": 17,
          "mean": 0.001143469838360693,
          "n": 13,
          "test_end": "2026-01-04T00:00:00+00:00",
          "test_start": "2025-12-20T00:00:00+00:00"
        },
        {
          "fold_id": 18,
          "mean": 0.00020976267316862198,
          "n": 17,
          "test_end": "2026-01-19T00:00:00+00:00",
          "test_start": "2026-01-04T00:00:00+00:00"
        },
        {
          "fold_id": 19,
          "mean": 0.0030553192142341945,
          "n": 14,
          "test_end": "2026-02-03T00:00:00+00:00",
          "test_start": "2026-01-19T00:00:00+00:00"
        },
        {
          "fold_id": 20,
          "mean": 0.002013061374611599,
          "n": 15,
          "test_end": "2026-02-18T00:00:00+00:00",
          "test_start": "2026-02-03T00:00:00+00:00"
        }
      ],
      "positive_folds": {
        "count": 17,
        "pct": 85.0,
        "total": 20
      },
      "split": {
        "step_days": 15,
        "test_days": 15,
        "train_days": 60
      }
    },
    "bps8": {
      "aggregate": {
        "mean": 0.00125405956703175,
        "mean_ci_high": 0.001631020031269821,
        "mean_ci_low": 0.0008728710402822581,
        "n": 294,
        "p_mean_gt_0": 1.0
      },
      "folds": [
        {
          "fold_id": 1,
          "mean": 0.0010841157015087672,
          "n": 14,
          "test_end": "2025-05-09T00:00:00+00:00",
          "test_start": "2025-04-24T00:00:00+00:00"
        },
        {
          "fold_id": 2,
          "mean": 0.001988250449666643,