{
  "baseline": {
    "bps10": {
      "mean": 0.0012713200770544536,
      "mean_ci_high": 0.0018544528584062588,
      "mean_ci_low": 0.0007180844536795677,
      "n": 170,
      "p_mean_gt_0": 1.0,
      "std": 0.003639960255203083,
      "win_rate": 0.611764705882353
    },
    "bps8": {
      "mean": 0.0014713200770544539,
      "mean_ci_high": 0.0020544528584062593,
      "mean_ci_low": 0.0009180844536795679,
      "n": 170,
      "p_mean_gt_0": 1.0,
      "std": 0.003639960255203083,
      "win_rate": 0.6411764705882353
    },
    "gross": {
      "mean": 0.002271320077054454,
      "mean_ci_high": 0.002854452858406259,
      "mean_ci_low": 0.0017180844536795678,
      "n": 170,
      "p_mean_gt_0": 1.0,
      "std": 0.003639960255203083,
      "win_rate": 0.7705882352941177
    }
  },
  "config": {
    "bootstrap_iters": 3000,
    "cost_mode": "all",
    "days": 180,
    "horizon": 8,
    "timeframe": "5m",
    "wf": {
      "step_days": 15,
      "test_days": 15,
      "train_days": 60
    }
  },
  "diagnostics_by_mode": {
    "bps10": {
      "mae_proxy_median": null,
      "median_hold_return": 0.000576131896731725,
      "return_histogram_bins": [
        "(-inf,-1%)",
        "[-1%,-0.5%)",
        "[-0.5%,-0.2%)",
        "[-0.2%,0%)",
        "[0%,0.2%)",
        "[0.2%,0.5%)",
        "[0.5%,1%)",
        "[1%,inf)"
      ],
      "return_histogram_counts": [
        0,
        4,
        17,
        45,
        45,
        41,
        13,
        5
      ],
      "top10_pct_pnl_contribution": 0.7118364202204618,
      "trades_per_day": 0.9526033154331076
    },
    "bps8": {
      "mae_proxy_median": null,
      "median_hold_return": 0.000776131896731725,
      "return_histogram_bins": [
        "(-inf,-1%)",
        "[-1%,-0.5%)",
        "[-0.5%,-0.2%)",
        "[-0.2%,0%)",
        "[0%,0.2%)",
        "[0.2%,0.5%)",
        "[0.5%,1%)",
        "[1%,inf)"
      ],
      "return_histogram_counts": [
        0,
        3,
        17,
        41,
        48,
        43,
        13,
        5
      ],
      "top10_pct_pnl_contribution": 0.6286680560062871,
      "trades_per_day": 0.9526033154331076
    },
    "gross": {
      "mae_proxy_median": null,
      "median_hold_return": 0.001576131896731725,
      "return_histogram_bins": [
        "(-inf,-1%)",
        "[-1%,-0.5%)",
        "[-0.5%,-0.2%)",
        "[-0.2%,0%)",
        "[0%,0.2%)",
        "[0.2%,0.5%)",
        "[0.5%,1%)",
        "[1%,inf)"
      ],
      "return_histogram_counts": [
        0,
        0,
        16,
        23,
        59,
        47,
        18,
        7
      ],
      "top10_pct_pnl_contribution": 0.4424616075723396,
      "trades_per_day": 0.9526033154331076
    }
  },
  "family": "cross_asset_regime",
  "hypothesis_id": "H68",
  "timestamp_utc": "2026-02-23T06:26:51+00:00",
  "wf_by_mode": {
    "bps10": {
      "aggregate": {
        "mean": 0.00132558754617551,
        "mean_ci_high": 0.002124057141513927,
        "mean_ci_low": 0.0006201973111168306,
        "n": 96,
        "p_mean_gt_0": 1.0
      },
      "folds": [
        {
          "fold_id": 1,
          "mean": 0.00011989058804506073,
          "n": 13,
          "test_end": "2025-11-10T00:00:00+00:00",
          "test_start": "2025-10-26T00:00:00+00:00"
        },
        {
          "fold_id": 2,
          "mean": 0.0021779666731481287,
          "n": 13,
          "test_end": "2025-11-25T00:00:00+00:00",
          "test_start": "2025-11-10T00:00:00+00:00"
        },
        {
          "fold_id": 3,
          "mean": 0.000979429341418879,
          "n": 12,
          "test_end": "2025-12-10T00:00:00+00:00",
          "test_start": "2025-11-25T00:00:00+00:00"
        },
        {
          "fold_id": 4,
          "mean": 0.0018052259235459282,
          "n": 13,
          "test_end": "2025-12-25T00:00:00+00:00",
          "test_start": "2025-12-10T00:00:00+00:00"
        },
        {
          "fold_id": 5,
          "mean": 0.0010335596821540514,
          "n": 10,
          "test_end": "2026-01-09T00:00:00+00:00",
          "test_start": "2025-12-25T00:00:00+00:00"
        },
        {
          "fold_id": 6,
          "mean": 0.0010351574633966347,
          "n": 23,
          "test_end": "2026-01-24T00:00:00+00:00",
          "test_start": "2026-01-09T00:00:00+00:00"
        },
        {
          "fold_id": 7,
          "mean": 0.002334912704545898,
          "n": 12,
          "test_end": "2026-02-08T00:00:00+00:00",
          "test_start": "2026-01-24T00:00:00+00:00"
        }
      ],
      "positive_folds": {
        "count": 7,
        "pct": 100.0,
        "total": 7
      },
      "split": {
        "step_days": 15,
        "test_days": 15,
        "train_days": 60
      }
    },
    "bps8": {
      "aggregate": {
        "mean": 0.0015255875461755105,
        "mean_ci_high": 0.0023240571415139273,
        "mean_ci_low": 0.0008201973111168307,
        "n": 96,
        "p_mean_gt_0": 1.0
      },
      "folds": [
        {
          "fold_id": 1,
          "mean": 0.0003198905880450607,
          "n": 13,
          "test_end": "2025-11-10T00:00:00+00:00",
          "test_start": "2025-10-26T00:00:00+00:00"
        },
        {
          "fold_id": 2,
          "mean": 0.002377966673148129,
          "n": 13,
          "test_end": "2025-11-25T00:00:00+00:00",
          "test_start": "2025-11-10T00:00:00+00:00"
        },
        {
          "fold_id": 3,
          "mean": 0.0011794293414188793,
          "n": 12,
          "test_end": "2025-12-10T00:00:00+00:00",
          "test_start": "2025-11-25T00:00:00+00:00"
        },
        {
          "fold_id": 4,
          "mean": 0.0020052259235459283,
          "n": 13,
          "test_end": "2025-12-25T00:00:00+00:00",
          "test_start": "2025-12-10T00:00:00+00:00"
        },
        {
          "fold_id": 5,
          "mean": 0.0012335596821540513,
          "n": 10,
          "test_end": "2026-01-09T00:00:00+00:00",
          "test_start": "2025-12-25T00:00:00+00:00"
        },
        {
          "fold_id": 6,
          "mean": 0.0012351574633966355,
          "n": 23,
          "test_end": "2026-01-24T00:00:00+00:00",
          "test_start": "2026-01-09T00:00:00+00:00"
        },
        {
          "fold_id": 7,
          "mean": 0.002534912704545899,
          "n": 12,
          "test_end": "2026-02-08T00:00:00+00:00",
          "test_start": "2026-01-24T00:00:00+00:00"
        }
      ],
      "positive_folds": {
        "count": 7,
        "pct": 100.0,
        "total": 7
      },
      "split": {
        "step_days": 15,
        "test_days": 15,
        "train_days": 60
      }
    },
    "gross": {
      "aggregate": {
        "mean": 0.0023255875461755103,
        "mean_ci_high": 0.0031240571415139277,
        "mean_ci_low": 0.0016201973111168307,
        "n": 96,
        "p_mean_gt_0": 1.0
      },
      "folds": [
        {
          "fold_id": 1,
          "mean": 0.001119890588045061,
          "n": 13,
          "test_end": "2025-11-10T00:00:00+00:00",
          "test_start": "2025-10-26T00:00:00+00:00"
        },
        {
          "fold_id": 2,
          "mean": 0.003177966673148129,
          "n": 13,
          "test_end": "2025-11-25T00:00:00+00:00",
          "test_start": "2025-11-10T00:00:00+00:00"
        },
        {
          "fold_id": 3,
          "mean": 0.0019794293414188793,
          "n": 12,
          "test_end": "2025-12-10T00:00:00+00:00",
          "test_start": "2025-11-25T00:00:00+00:00"
        },
        {
          "fold_id": 4,
          "mean": 0.0028052259235459287,
          "n": 13,
          "test_end": "2025-12-25T00:00:00+00:00",
          "test_start": "2025-12-10T00:00:00+00:00"
        },
        {
          "fold_id": 5,
          "mean": 0.0020335596821540514,
          "n": 10,
          "test_end": "2026-01-09T00:00:00+00:00",
          "test_start": "2025-12-25T00:00:00+00:00"
        },
        {
          "fold_id": 6,
          "mean": 0.002035157463396635,