{
  "baseline": {
    "bps10": {
      "mean": 0.0009498267325117812,
      "mean_ci_high": 0.0014494849829619618,
      "mean_ci_low": 0.000487825039999174,
      "n": 341,
      "p_mean_gt_0": 1.0,
      "std": 0.00444871143509485,
      "win_rate": 0.4868035190615836
    },
    "bps8": {
      "mean": 0.0011498267325117813,
      "mean_ci_high": 0.0016494849829619621,
      "mean_ci_low": 0.0006878250399991742,
      "n": 341,
      "p_mean_gt_0": 1.0,
      "std": 0.00444871143509485,
      "win_rate": 0.533724340175953
    },
    "gross": {
      "mean": 0.0019498267325117815,
      "mean_ci_high": 0.002449484982961962,
      "mean_ci_low": 0.0014878250399991742,
      "n": 341,
      "p_mean_gt_0": 1.0,
      "std": 0.00444871143509485,
      "win_rate": 0.6803519061583577
    }
  },
  "config": {
    "bootstrap_iters": 3000,
    "cost_mode": "all",
    "days": 365,
    "horizon": 8,
    "timeframe": "5m",
    "wf": {
      "step_days": 15,
      "test_days": 15,
      "train_days": 60
    }
  },
  "diagnostics_by_mode": {
    "bps10": {
      "mae_proxy_median": null,
      "median_hold_return": -5.564237933708329e-05,
      "return_histogram_bins": [
        "(-inf,-1%)",
        "[-1%,-0.5%)",
        "[-0.5%,-0.2%)",
        "[-0.2%,0%)",
        "[0%,0.2%)",
        "[0.2%,0.5%)",
        "[0.5%,1%)",
        "[1%,inf)"
      ],
      "return_histogram_counts": [
        0,
        13,
        40,
        122,
        78,
        50,
        23,
        15
      ],
      "top10_pct_pnl_contribution": 1.1710786444052992,
      "trades_per_day": 0.9383168997936253
    },
    "bps8": {
      "mae_proxy_median": null,
      "median_hold_return": 0.0001443576206629167,
      "return_histogram_bins": [
        "(-inf,-1%)",
        "[-1%,-0.5%)",
        "[-0.5%,-0.2%)",
        "[-0.2%,0%)",
        "[0%,0.2%)",
        "[0.2%,0.5%)",
        "[0.5%,1%)",
        "[1%,inf)"
      ],
      "return_histogram_counts": [
        0,
        12,
        31,
        116,
        86,
        54,
        26,
        16
      ],
      "top10_pct_pnl_contribution": 0.9852351050254788,
      "trades_per_day": 0.9383168997936253
    },
    "gross": {
      "mae_proxy_median": null,
      "median_hold_return": 0.0009443576206629167,
      "return_histogram_bins": [
        "(-inf,-1%)",
        "[-1%,-0.5%)",
        "[-0.5%,-0.2%)",
        "[-0.2%,0%)",
        "[0%,0.2%)",
        "[0.2%,0.5%)",
        "[0.5%,1%)",
        "[1%,inf)"
      ],
      "return_histogram_counts": [
        0,
        8,
        21,
        80,
        112,
        72,
        31,
        17
      ],
      "top10_pct_pnl_contribution": 0.623112340321836,
      "trades_per_day": 0.9383168997936253
    }
  },
  "family": "cross_asset_regime",
  "hypothesis_id": "H69",
  "timestamp_utc": "2026-02-23T06:51:37+00:00",
  "wf_by_mode": {
    "bps10": {
      "aggregate": {
        "mean": 0.0007082876127645984,
        "mean_ci_high": 0.001185829578795358,
        "mean_ci_low": 0.0002755291606444495,
        "n": 275,
        "p_mean_gt_0": 0.9996666666666667
      },
      "folds": [
        {
          "fold_id": 1,
          "mean": 0.0011742811271962467,
          "n": 16,
          "test_end": "2025-05-10T00:00:00+00:00",
          "test_start": "2025-04-25T00:00:00+00:00"
        },
        {
          "fold_id": 2,
          "mean": 4.8866172929365844e-05,
          "n": 19,
          "test_end": "2025-05-25T00:00:00+00:00",
          "test_start": "2025-05-10T00:00:00+00:00"
        },
        {
          "fold_id": 3,
          "mean": -0.0007202110705648107,
          "n": 12,
          "test_end": "2025-06-09T00:00:00+00:00",
          "test_start": "2025-05-25T00:00:00+00:00"
        },
        {
          "fold_id": 4,
          "mean": -0.0008422823238711107,
          "n": 13,
          "test_end": "2025-06-24T00:00:00+00:00",
          "test_start": "2025-06-09T00:00:00+00:00"
        },
        {
          "fold_id": 5,
          "mean": -0.00024026666384161053,
          "n": 15,
          "test_end": "2025-07-09T00:00:00+00:00",
          "test_start": "2025-06-24T00:00:00+00:00"
        },
        {
          "fold_id": 6,
          "mean": -0.00014387669777714463,
          "n": 10,
          "test_end": "2025-07-24T00:00:00+00:00",
          "test_start": "2025-07-09T00:00:00+00:00"
        },
        {
          "fold_id": 7,
          "mean": 0.0002592693336527945,
          "n": 11,
          "test_end": "2025-08-08T00:00:00+00:00",
          "test_start": "2025-07-24T00:00:00+00:00"
        },
        {
          "fold_id": 8,
          "mean": 0.0016712057823027602,
          "n": 16,
          "test_end": "2025-08-23T00:00:00+00:00",
          "test_start": "2025-08-08T00:00:00+00:00"
        },
        {
          "fold_id": 9,
          "mean": 0.0018882383837421825,
          "n": 12,
          "test_end": "2025-09-07T00:00:00+00:00",
          "test_start": "2025-08-23T00:00:00+00:00"
        },
        {
          "fold_id": 10,
          "mean": -0.0003387461218778828,
          "n": 16,
          "test_end": "2025-09-22T00:00:00+00:00",
          "test_start": "2025-09-07T00:00:00+00:00"
        },
        {
          "fold_id": 11,
          "mean": 6.56674644383768e-06,
          "n": 12,
          "test_end": "2025-10-07T00:00:00+00:00",
          "test_start": "2025-09-22T00:00:00+00:00"
        },
        {
          "fold_id": 12,
          "mean": -0.00015093976811071303,
          "n": 20,
          "test_end": "2025-10-22T00:00:00+00:00",
          "test_start": "2025-10-07T00:00:00+00:00"
        },
        {
          "fold_id": 13,
          "mean": -3.072033114803665e-05,
          "n": 10,
          "test_end": "2025-11-06T00:00:00+00:00",
          "test_start": "2025-10-22T00:00:00+00:00"
        },
        {
          "fold_id": 14,
          "mean": 0.0020684522014279205,
          "n": 13,
          "test_end": "2025-11-21T00:00:00+00:00",
          "test_start": "2025-11-06T00:00:00+00:00"
        },
        {
          "fold_id": 15,
          "mean": 0.003583649482966056,
          "n": 15,
          "test_end": "2025-12-06T00:00:00+00:00",
          "test_start": "2025-11-21T00:00:00+00:00"
        },
        {
          "fold_id": 16,
          "mean": 0.0013901732087350906,
          "n": 15,
          "test_end": "2025-12-21T00:00:00+00:00",
          "test_start": "2025-12-06T00:00:00+00:00"
        },
        {
          "fold_id": 17,
          "mean": 0.002450045988203901,
          "n": 9,
          "test_end": "2026-01-05T00:00:00+00:00",
          "test_start": "2025-12-21T00:00:00+00:00"
        },
        {
          "fold_id": 18,
          "mean": 0.0010502655714480788,
          "n": 16,
          "test_end": "2026-01-20T00:00:00+00:00",
          "test_start": "2026-01-05T00:00:00+00:00"
        },
        {
          "fold_id": 19,
          "mean": 0.00020317038593352618,
          "n": 9,
          "test_end": "2026-02-04T00:00:00+00:00",
          "test_start": "2026-01-20T00:00:00+00:00"
        },
        {
          "fold_id": 20,
          "mean": 0.0008708570344976093,
          "n": 16,
          "test_end": "2026-02-19T00:00:00+00:00",
          "test_start": "2026-02-04T00:00:00+00:00"
        }
      ],
      "positive_folds": {
        "count": 13,
        "pct": 65.0,
        "total": 20
      },
      "split": {
        "step_days": 15,
        "test_days": 15,
        "train_days": 60
      }
    },
    "bps8": {
      "aggregate": {
        "mean": 0.0009082876127645985,
        "mean_ci_high": 0.001385829578795358,
        "mean_ci_low": 0.0004755291606444496,
        "n": 275,
        "p_mean_gt_0": 1.0
      },
      "folds": [
        {
          "fold_id": 1,
          "mean": 0.0013742811271962466,
          "n": 16,
          "test_end": "2025-05-10T00:00:00+00:00",
          "test_start": "2025-04-25T00:00:00+00:00"
        },
        {
          "fold_id": 2,