{
  "baseline": {
    "bps10": {
      "mean": 0.002370866697321843,
      "mean_ci_high": 0.0030647605729212843,
      "mean_ci_low": 0.0017173275570729223,
      "n": 350,
      "p_mean_gt_0": 1.0,
      "std": 0.006274736992793862,
      "win_rate": 0.6342857142857142
    },
    "bps8": {
      "mean": 0.0025708666973218437,
      "mean_ci_high": 0.0032647605729212853,
      "mean_ci_low": 0.0019173275570729229,
      "n": 350,
      "p_mean_gt_0": 1.0,
      "std": 0.006274736992793862,
      "win_rate": 0.6571428571428571
    },
    "gross": {
      "mean": 0.0033708666973218436,
      "mean_ci_high": 0.004064760572921286,
      "mean_ci_low": 0.002717327557072923,
      "n": 350,
      "p_mean_gt_0": 1.0,
      "std": 0.006274736992793862,
      "win_rate": 0.74
    }
  },
  "config": {
    "bootstrap_iters": 3000,
    "cost_mode": "all",
    "days": 365,
    "horizon": 8,
    "timeframe": "5m",
    "wf": {
      "step_days": 15,
      "test_days": 15,
      "train_days": 60
    }
  },
  "diagnostics_by_mode": {
    "bps10": {
      "mae_proxy_median": null,
      "median_hold_return": 0.001309969115628585,
      "return_histogram_bins": [
        "(-inf,-1%)",
        "[-1%,-0.5%)",
        "[-0.5%,-0.2%)",
        "[-0.2%,0%)",
        "[0%,0.2%)",
        "[0.2%,0.5%)",
        "[0.5%,1%)",
        "[1%,inf)"
      ],
      "return_histogram_counts": [
        4,
        21,
        38,
        65,
        70,
        63,
        52,
        37
      ],
      "top10_pct_pnl_contribution": 0.6451878315697203,
      "trades_per_day": 0.9630818619582664
    },
    "bps8": {
      "mae_proxy_median": null,
      "median_hold_return": 0.0015099691156285852,
      "return_histogram_bins": [
        "(-inf,-1%)",
        "[-1%,-0.5%)",
        "[-0.5%,-0.2%)",
        "[-0.2%,0%)",
        "[0%,0.2%)",
        "[0.2%,0.5%)",
        "[0.5%,1%)",
        "[1%,inf)"
      ],
      "return_histogram_counts": [
        4,
        19,
        36,
        61,
        70,
        68,
        54,
        38
      ],
      "top10_pct_pnl_contribution": 0.602775066089685,
      "trades_per_day": 0.9630818619582664
    },
    "gross": {
      "mae_proxy_median": null,
      "median_hold_return": 0.002309969115628585,
      "return_histogram_bins": [
        "(-inf,-1%)",
        "[-1%,-0.5%)",
        "[-0.5%,-0.2%)",
        "[-0.2%,0%)",
        "[0%,0.2%)",
        "[0.2%,0.5%)",
        "[0.5%,1%)",
        "[1%,inf)"
      ],
      "return_histogram_counts": [
        3,
        17,
        27,
        44,
        70,
        80,
        67,
        42
      ],
      "top10_pct_pnl_contribution": 0.48345262204545386,
      "trades_per_day": 0.9630818619582664
    }
  },
  "family": "cross_asset_regime",
  "hypothesis_id": "H70",
  "timestamp_utc": "2026-02-23T06:51:42+00:00",
  "wf_by_mode": {
    "bps10": {
      "aggregate": {
        "mean": 0.0026757283348443693,
        "mean_ci_high": 0.0034433131928227755,
        "mean_ci_low": 0.0019214256918183964,
        "n": 273,
        "p_mean_gt_0": 1.0
      },
      "folds": [
        {
          "fold_id": 1,
          "mean": 0.002407284026521677,
          "n": 16,
          "test_end": "2025-05-09T00:00:00+00:00",
          "test_start": "2025-04-24T00:00:00+00:00"
        },
        {
          "fold_id": 2,
          "mean": 0.005005012037447037,
          "n": 17,
          "test_end": "2025-05-24T00:00:00+00:00",
          "test_start": "2025-05-09T00:00:00+00:00"
        },
        {
          "fold_id": 3,
          "mean": 0.0015799417666253481,
          "n": 15,
          "test_end": "2025-06-08T00:00:00+00:00",
          "test_start": "2025-05-24T00:00:00+00:00"
        },
        {
          "fold_id": 4,
          "mean": 0.002785963982067622,
          "n": 11,
          "test_end": "2025-06-23T00:00:00+00:00",
          "test_start": "2025-06-08T00:00:00+00:00"
        },
        {
          "fold_id": 5,
          "mean": 0.002209095768510244,
          "n": 19,
          "test_end": "2025-07-08T00:00:00+00:00",
          "test_start": "2025-06-23T00:00:00+00:00"
        },
        {
          "fold_id": 6,
          "mean": 0.0027543430029096797,
          "n": 8,
          "test_end": "2025-07-23T00:00:00+00:00",
          "test_start": "2025-07-08T00:00:00+00:00"
        },
        {
          "fold_id": 7,
          "mean": 0.0038636901658109556,
          "n": 13,
          "test_end": "2025-08-07T00:00:00+00:00",
          "test_start": "2025-07-23T00:00:00+00:00"
        },
        {
          "fold_id": 8,
          "mean": 0.004034348195212401,
          "n": 10,
          "test_end": "2025-08-22T00:00:00+00:00",
          "test_start": "2025-08-07T00:00:00+00:00"
        },
        {
          "fold_id": 9,
          "mean": 0.002785755749111363,
          "n": 10,
          "test_end": "2025-09-06T00:00:00+00:00",
          "test_start": "2025-08-22T00:00:00+00:00"
        },
        {
          "fold_id": 10,
          "mean": 0.00202839091229438,
          "n": 15,
          "test_end": "2025-09-21T00:00:00+00:00",
          "test_start": "2025-09-06T00:00:00+00:00"
        },
        {
          "fold_id": 11,
          "mean": 0.002825511837021349,
          "n": 13,
          "test_end": "2025-10-06T00:00:00+00:00",
          "test_start": "2025-09-21T00:00:00+00:00"
        },
        {
          "fold_id": 12,
          "mean": 0.005392559632026811,
          "n": 8,
          "test_end": "2025-10-21T00:00:00+00:00",
          "test_start": "2025-10-06T00:00:00+00:00"
        },
        {
          "fold_id": 13,
          "mean": 0.003221068150971101,
          "n": 13,
          "test_end": "2025-11-05T00:00:00+00:00",
          "test_start": "2025-10-21T00:00:00+00:00"
        },
        {
          "fold_id": 14,
          "mean": 0.0025722989469475544,
          "n": 19,
          "test_end": "2025-11-20T00:00:00+00:00",
          "test_start": "2025-11-05T00:00:00+00:00"
        },
        {
          "fold_id": 15,
          "mean": -0.0006889262320040469,
          "n": 8,
          "test_end": "2025-12-05T00:00:00+00:00",
          "test_start": "2025-11-20T00:00:00+00:00"
        },
        {
          "fold_id": 16,
          "mean": 0.005845150171800893,
          "n": 21,
          "test_end": "2025-12-20T00:00:00+00:00",
          "test_start": "2025-12-05T00:00:00+00:00"
        },
        {
          "fold_id": 17,
          "mean": 0.0009863508764641044,
          "n": 20,
          "test_end": "2026-01-04T00:00:00+00:00",
          "test_start": "2025-12-20T00:00:00+00:00"
        },
        {
          "fold_id": 18,
          "mean": 0.0009781891469108457,
          "n": 11,
          "test_end": "2026-01-19T00:00:00+00:00",
          "test_start": "2026-01-04T00:00:00+00:00"
        },
        {
          "fold_id": 19,
          "mean": 0.0012074087847246816,
          "n": 8,
          "test_end": "2026-02-03T00:00:00+00:00",
          "test_start": "2026-01-19T00:00:00+00:00"
        },
        {
          "fold_id": 20,
          "mean": 0.0006478948930149719,
          "n": 18,
          "test_end": "2026-02-18T00:00:00+00:00",
          "test_start": "2026-02-03T00:00:00+00:00"
        }
      ],
      "positive_folds": {
        "count": 19,
        "pct": 95.0,
        "total": 20
      },
      "split": {
        "step_days": 15,
        "test_days": 15,
        "train_days": 60
      }
    },
    "bps8": {
      "aggregate": {
        "mean": 0.0028757283348443703,
        "mean_ci_high": 0.0036433131928227764,
        "mean_ci_low": 0.002121425691818397,
        "n": 273,
        "p_mean_gt_0": 1.0
      },
      "folds": [
        {
          "fold_id": 1,
          "mean": 0.002607284026521677,
          "n": 16,
          "test_end": "2025-05-09T00:00:00+00:00",
          "test_start": "2025-04-24T00:00:00+00:00"
        },
        {
          "fold_id": 2,
          "mean": 0.005205012037447037,
          "n": 17,