{
  "baseline": {
    "bps10": {
      "mean": 0.002323344640823725,
      "mean_ci_high": 0.003315439306616989,
      "mean_ci_low": 0.0013033958447357193,
      "n": 169,
      "p_mean_gt_0": 1.0,
      "std": 0.0065696470743014795,
      "win_rate": 0.6153846153846154
    },
    "bps8": {
      "mean": 0.002523344640823726,
      "mean_ci_high": 0.003515439306616989,
      "mean_ci_low": 0.0015033958447357196,
      "n": 169,
      "p_mean_gt_0": 1.0,
      "std": 0.00656964707430148,
      "win_rate": 0.6390532544378699
    },
    "gross": {
      "mean": 0.003323344640823726,
      "mean_ci_high": 0.00431543930661699,
      "mean_ci_low": 0.00230339584473572,
      "n": 169,
      "p_mean_gt_0": 1.0,
      "std": 0.0065696470743014795,
      "win_rate": 0.7396449704142012
    }
  },
  "config": {
    "bootstrap_iters": 3000,
    "cost_mode": "all",
    "days": 180,
    "horizon": 8,
    "timeframe": "5m",
    "wf": {
      "step_days": 15,
      "test_days": 15,
      "train_days": 60
    }
  },
  "diagnostics_by_mode": {
    "bps10": {
      "mae_proxy_median": null,
      "median_hold_return": 0.0012271251893836163,
      "return_histogram_bins": [
        "(-inf,-1%)",
        "[-1%,-0.5%)",
        "[-0.5%,-0.2%)",
        "[-0.2%,0%)",
        "[0%,0.2%)",
        "[0.2%,0.5%)",
        "[0.5%,1%)",
        "[1%,inf)"
      ],
      "return_histogram_counts": [
        3,
        11,
        14,
        37,
        33,
        29,
        22,
        20
      ],
      "top10_pct_pnl_contribution": 0.688535505181325,
      "trades_per_day": 0.9487719298245614
    },
    "bps8": {
      "mae_proxy_median": null,
      "median_hold_return": 0.0014271251893836164,
      "return_histogram_bins": [
        "(-inf,-1%)",
        "[-1%,-0.5%)",
        "[-0.5%,-0.2%)",
        "[-0.2%,0%)",
        "[0%,0.2%)",
        "[0.2%,0.5%)",
        "[0.5%,1%)",
        "[1%,inf)"
      ],
      "return_histogram_counts": [
        3,
        9,
        14,
        35,
        32,
        33,
        22,
        21
      ],
      "top10_pct_pnl_contribution": 0.6419351494714474,
      "trades_per_day": 0.9487719298245614
    },
    "gross": {
      "mae_proxy_median": null,
      "median_hold_return": 0.0022271251893836164,
      "return_histogram_bins": [
        "(-inf,-1%)",
        "[-1%,-0.5%)",
        "[-0.5%,-0.2%)",
        "[-0.2%,0%)",
        "[0%,0.2%)",
        "[0.2%,0.5%)",
        "[0.5%,1%)",
        "[1%,inf)"
      ],
      "return_histogram_counts": [
        2,
        9,
        12,
        21,
        34,
        39,
        29,
        23
      ],
      "top10_pct_pnl_contribution": 0.511622228724007,
      "trades_per_day": 0.9487719298245614
    }
  },
  "family": "cross_asset_regime",
  "hypothesis_id": "H70",
  "timestamp_utc": "2026-02-23T06:45:05+00:00",
  "wf_by_mode": {
    "bps10": {
      "aggregate": {
        "mean": 0.0018633299563399972,
        "mean_ci_high": 0.0032632718584452818,
        "mean_ci_low": 0.0004649816914387459,
        "n": 101,
        "p_mean_gt_0": 0.996
      },
      "folds": [
        {
          "fold_id": 1,
          "mean": 0.004203850341885999,
          "n": 13,
          "test_end": "2025-11-10T00:00:00+00:00",
          "test_start": "2025-10-26T00:00:00+00:00"
        },
        {
          "fold_id": 2,
          "mean": 0.0009856119629911106,
          "n": 15,
          "test_end": "2025-11-25T00:00:00+00:00",
          "test_start": "2025-11-10T00:00:00+00:00"
        },
        {
          "fold_id": 3,
          "mean": 0.0029731299767576107,
          "n": 16,
          "test_end": "2025-12-10T00:00:00+00:00",
          "test_start": "2025-11-25T00:00:00+00:00"
        },
        {
          "fold_id": 4,
          "mean": 0.004155710053496631,
          "n": 18,
          "test_end": "2025-12-25T00:00:00+00:00",
          "test_start": "2025-12-10T00:00:00+00:00"
        },
        {
          "fold_id": 5,
          "mean": 0.0016322089141501204,
          "n": 16,
          "test_end": "2026-01-09T00:00:00+00:00",
          "test_start": "2025-12-25T00:00:00+00:00"
        },
        {
          "fold_id": 6,
          "mean": 0.0007762807941484539,
          "n": 13,
          "test_end": "2026-01-24T00:00:00+00:00",
          "test_start": "2026-01-09T00:00:00+00:00"
        },
        {
          "fold_id": 7,
          "mean": -0.003981776184043784,
          "n": 10,
          "test_end": "2026-02-08T00:00:00+00:00",
          "test_start": "2026-01-24T00:00:00+00:00"
        }
      ],
      "positive_folds": {
        "count": 6,
        "pct": 85.71428571428571,
        "total": 7
      },
      "split": {
        "step_days": 15,
        "test_days": 15,
        "train_days": 60
      }
    },
    "bps8": {
      "aggregate": {
        "mean": 0.002063329956339998,
        "mean_ci_high": 0.003463271858445282,
        "mean_ci_low": 0.0006649816914387465,
        "n": 101,
        "p_mean_gt_0": 0.9976666666666667
      },
      "folds": [
        {
          "fold_id": 1,
          "mean": 0.004403850341885999,
          "n": 13,
          "test_end": "2025-11-10T00:00:00+00:00",
          "test_start": "2025-10-26T00:00:00+00:00"
        },
        {
          "fold_id": 2,
          "mean": 0.001185611962991111,
          "n": 15,
          "test_end": "2025-11-25T00:00:00+00:00",
          "test_start": "2025-11-10T00:00:00+00:00"
        },
        {
          "fold_id": 3,
          "mean": 0.003173129976757611,
          "n": 16,
          "test_end": "2025-12-10T00:00:00+00:00",
          "test_start": "2025-11-25T00:00:00+00:00"
        },
        {
          "fold_id": 4,
          "mean": 0.004355710053496633,
          "n": 18,
          "test_end": "2025-12-25T00:00:00+00:00",
          "test_start": "2025-12-10T00:00:00+00:00"
        },
        {
          "fold_id": 5,
          "mean": 0.0018322089141501203,
          "n": 16,
          "test_end": "2026-01-09T00:00:00+00:00",
          "test_start": "2025-12-25T00:00:00+00:00"
        },
        {
          "fold_id": 6,
          "mean": 0.0009762807941484539,
          "n": 13,
          "test_end": "2026-01-24T00:00:00+00:00",
          "test_start": "2026-01-09T00:00:00+00:00"
        },
        {
          "fold_id": 7,
          "mean": -0.0037817761840437834,
          "n": 10,
          "test_end": "2026-02-08T00:00:00+00:00",
          "test_start": "2026-01-24T00:00:00+00:00"
        }
      ],
      "positive_folds": {
        "count": 6,
        "pct": 85.71428571428571,
        "total": 7
      },
      "split": {
        "step_days": 15,
        "test_days": 15,
        "train_days": 60
      }
    },
    "gross": {
      "aggregate": {
        "mean": 0.002863329956339998,
        "mean_ci_high": 0.004263271858445283,
        "mean_ci_low": 0.0014649816914387463,
        "n": 101,
        "p_mean_gt_0": 1.0
      },
      "folds": [
        {
          "fold_id": 1,
          "mean": 0.005203850341886,
          "n": 13,
          "test_end": "2025-11-10T00:00:00+00:00",
          "test_start": "2025-10-26T00:00:00+00:00"
        },
        {
          "fold_id": 2,
          "mean": 0.001985611962991111,
          "n": 15,
          "test_end": "2025-11-25T00:00:00+00:00",
          "test_start": "2025-11-10T00:00:00+00:00"
        },
        {
          "fold_id": 3,
          "mean": 0.003973129976757611,
          "n": 16,
          "test_end": "2025-12-10T00:00:00+00:00",
          "test_start": "2025-11-25T00:00:00+00:00"
        },
        {
          "fold_id": 4,
          "mean": 0.005155710053496632,
          "n": 18,
          "test_end": "2025-12-25T00:00:00+00:00",
          "test_start": "2025-12-10T00:00:00+00:00"
        },
        {
          "fold_id": 5,
          "mean": 0.0026322089141501206,
          "n": 16,
          "test_end": "2026-01-09T00:00:00+00:00",
          "test_start": "2025-12-25T00:00:00+00:00"
        },
        {
          "fold_id": 6,