{
  "baseline": {
    "bps10": {
      "mean": 0.0016096985695610334,
      "mean_ci_high": 0.002435177337236102,
      "mean_ci_low": 0.0008082447277733707,
      "n": 164,
      "p_mean_gt_0": 1.0,
      "std": 0.005235043513801188,
      "win_rate": 0.5548780487804879
    },
    "bps8": {
      "mean": 0.0018096985695610337,
      "mean_ci_high": 0.002635177337236103,
      "mean_ci_low": 0.0010082447277733706,
      "n": 164,
      "p_mean_gt_0": 1.0,
      "std": 0.005235043513801189,
      "win_rate": 0.5670731707317073
    },
    "gross": {
      "mean": 0.0026096985695610335,
      "mean_ci_high": 0.003435177337236103,
      "mean_ci_low": 0.001808244727773371,
      "n": 164,
      "p_mean_gt_0": 1.0,
      "std": 0.005235043513801188,
      "win_rate": 0.6585365853658537
    }
  },
  "config": {
    "bootstrap_iters": 3000,
    "cost_mode": "all",
    "days": 180,
    "horizon": 8,
    "timeframe": "5m",
    "wf": {
      "step_days": 15,
      "test_days": 15,
      "train_days": 60
    }
  },
  "diagnostics_by_mode": {
    "bps10": {
      "mae_proxy_median": null,
      "median_hold_return": 0.000576873681160329,
      "return_histogram_bins": [
        "(-inf,-1%)",
        "[-1%,-0.5%)",
        "[-0.5%,-0.2%)",
        "[-0.2%,0%)",
        "[0%,0.2%)",
        "[0.2%,0.5%)",
        "[0.5%,1%)",
        "[1%,inf)"
      ],
      "return_histogram_counts": [
        1,
        6,
        26,
        40,
        35,
        24,
        22,
        10
      ],
      "top10_pct_pnl_contribution": 0.82484304615592,
      "trades_per_day": 0.919841084365506
    },
    "bps8": {
      "mae_proxy_median": null,
      "median_hold_return": 0.000776873681160329,
      "return_histogram_bins": [
        "(-inf,-1%)",
        "[-1%,-0.5%)",
        "[-0.5%,-0.2%)",
        "[-0.2%,0%)",
        "[0%,0.2%)",
        "[0.2%,0.5%)",
        "[0.5%,1%)",
        "[1%,inf)"
      ],
      "return_histogram_counts": [
        1,
        5,
        22,
        43,
        36,
        23,
        24,
        10
      ],
      "top10_pct_pnl_contribution": 0.7451408767780122,
      "trades_per_day": 0.919841084365506
    },
    "gross": {
      "mae_proxy_median": null,
      "median_hold_return": 0.001576873681160329,
      "return_histogram_bins": [
        "(-inf,-1%)",
        "[-1%,-0.5%)",
        "[-0.5%,-0.2%)",
        "[-0.2%,0%)",
        "[0%,0.2%)",
        "[0.2%,0.5%)",
        "[0.5%,1%)",
        "[1%,inf)"
      ],
      "return_histogram_counts": [
        0,
        4,
        10,
        42,
        33,
        34,
        26,
        15
      ],
      "top10_pct_pnl_contribution": 0.5484952265332645,
      "trades_per_day": 0.919841084365506
    }
  },
  "family": "cross_asset_regime",
  "hypothesis_id": "H71",
  "timestamp_utc": "2026-02-23T06:45:09+00:00",
  "wf_by_mode": {
    "bps10": {
      "aggregate": {
        "mean": 0.0020247483430868092,
        "mean_ci_high": 0.0032728605567540147,
        "mean_ci_low": 0.0008792016793559561,
        "n": 92,
        "p_mean_gt_0": 0.9996666666666667
      },
      "folds": [
        {
          "fold_id": 1,
          "mean": 0.0016422109454883413,
          "n": 12,
          "test_end": "2025-11-11T00:00:00+00:00",
          "test_start": "2025-10-27T00:00:00+00:00"
        },
        {
          "fold_id": 2,
          "mean": 0.0030633394792479256,
          "n": 14,
          "test_end": "2025-11-26T00:00:00+00:00",
          "test_start": "2025-11-11T00:00:00+00:00"
        },
        {
          "fold_id": 3,
          "mean": 0.0023572708617227616,
          "n": 22,
          "test_end": "2025-12-11T00:00:00+00:00",
          "test_start": "2025-11-26T00:00:00+00:00"
        },
        {
          "fold_id": 4,
          "mean": 0.004578255685731086,
          "n": 8,
          "test_end": "2025-12-26T00:00:00+00:00",
          "test_start": "2025-12-11T00:00:00+00:00"
        },
        {
          "fold_id": 5,
          "mean": 9.534552430060669e-05,
          "n": 13,
          "test_end": "2026-01-10T00:00:00+00:00",
          "test_start": "2025-12-26T00:00:00+00:00"
        },
        {
          "fold_id": 6,
          "mean": -0.0003659844266344609,
          "n": 15,
          "test_end": "2026-01-25T00:00:00+00:00",
          "test_start": "2026-01-10T00:00:00+00:00"
        },
        {
          "fold_id": 7,
          "mean": 0.004930979206064376,
          "n": 8,
          "test_end": "2026-02-09T00:00:00+00:00",
          "test_start": "2026-01-25T00:00:00+00:00"
        }
      ],
      "positive_folds": {
        "count": 6,
        "pct": 85.71428571428571,
        "total": 7
      },
      "split": {
        "step_days": 15,
        "test_days": 15,
        "train_days": 60
      }
    },
    "bps8": {
      "aggregate": {
        "mean": 0.00222474834308681,
        "mean_ci_high": 0.0034728605567540143,
        "mean_ci_low": 0.0010792016793559566,
        "n": 92,
        "p_mean_gt_0": 1.0
      },
      "folds": [
        {
          "fold_id": 1,
          "mean": 0.0018422109454883419,
          "n": 12,
          "test_end": "2025-11-11T00:00:00+00:00",
          "test_start": "2025-10-27T00:00:00+00:00"
        },
        {
          "fold_id": 2,
          "mean": 0.0032633394792479257,
          "n": 14,
          "test_end": "2025-11-26T00:00:00+00:00",
          "test_start": "2025-11-11T00:00:00+00:00"
        },
        {
          "fold_id": 3,
          "mean": 0.0025572708617227612,
          "n": 22,
          "test_end": "2025-12-11T00:00:00+00:00",
          "test_start": "2025-11-26T00:00:00+00:00"
        },
        {
          "fold_id": 4,
          "mean": 0.004778255685731087,
          "n": 8,
          "test_end": "2025-12-26T00:00:00+00:00",
          "test_start": "2025-12-11T00:00:00+00:00"
        },
        {
          "fold_id": 5,
          "mean": 0.0002953455243006068,
          "n": 13,
          "test_end": "2026-01-10T00:00:00+00:00",
          "test_start": "2025-12-26T00:00:00+00:00"
        },
        {
          "fold_id": 6,
          "mean": -0.00016598442663446085,
          "n": 15,
          "test_end": "2026-01-25T00:00:00+00:00",
          "test_start": "2026-01-10T00:00:00+00:00"
        },
        {
          "fold_id": 7,
          "mean": 0.005130979206064376,
          "n": 8,
          "test_end": "2026-02-09T00:00:00+00:00",
          "test_start": "2026-01-25T00:00:00+00:00"
        }
      ],
      "positive_folds": {
        "count": 6,
        "pct": 85.71428571428571,
        "total": 7
      },
      "split": {
        "step_days": 15,
        "test_days": 15,
        "train_days": 60
      }
    },
    "gross": {
      "aggregate": {
        "mean": 0.00302474834308681,
        "mean_ci_high": 0.004272860556754015,
        "mean_ci_low": 0.0018792016793559565,
        "n": 92,
        "p_mean_gt_0": 1.0
      },
      "folds": [
        {
          "fold_id": 1,
          "mean": 0.0026422109454883416,
          "n": 12,
          "test_end": "2025-11-11T00:00:00+00:00",
          "test_start": "2025-10-27T00:00:00+00:00"
        },
        {
          "fold_id": 2,
          "mean": 0.004063339479247926,
          "n": 14,
          "test_end": "2025-11-26T00:00:00+00:00",
          "test_start": "2025-11-11T00:00:00+00:00"
        },
        {
          "fold_id": 3,
          "mean": 0.003357270861722762,
          "n": 22,
          "test_end": "2025-12-11T00:00:00+00:00",
          "test_start": "2025-11-26T00:00:00+00:00"
        },
        {
          "fold_id": 4,
          "mean": 0.005578255685731087,
          "n": 8,
          "test_end": "2025-12-26T00:00:00+00:00",
          "test_start": "2025-12-11T00:00:00+00:00"
        },
        {
          "fold_id": 5,
          "mean": 0.001095345524300607,
          "n": 13,
          "test_end": "2026-01-10T00:00:00+00:00",
          "test_start": "2025-12-26T00:00:00+00:00"
        },
        {
          "fold_id": 6,