{
  "baseline": {
    "bps10": {
      "mean": 0.0023980346252245395,
      "mean_ci_high": 0.0034279441197781002,
      "mean_ci_low": 0.0015594627773342124,
      "n": 337,
      "p_mean_gt_0": 1.0,
      "std": 0.008745812314218036,
      "win_rate": 0.5964391691394659
    },
    "bps8": {
      "mean": 0.00259803462522454,
      "mean_ci_high": 0.0036279441197781003,
      "mean_ci_low": 0.0017594627773342127,
      "n": 337,
      "p_mean_gt_0": 1.0,
      "std": 0.008745812314218036,
      "win_rate": 0.6112759643916914
    },
    "gross": {
      "mean": 0.00339803462522454,
      "mean_ci_high": 0.004427944119778101,
      "mean_ci_low": 0.0025594627773342133,
      "n": 337,
      "p_mean_gt_0": 1.0,
      "std": 0.008745812314218036,
      "win_rate": 0.6913946587537092
    }
  },
  "config": {
    "bootstrap_iters": 3000,
    "cost_mode": "all",
    "days": 365,
    "horizon": 8,
    "timeframe": "5m",
    "wf": {
      "step_days": 15,
      "test_days": 15,
      "train_days": 60
    }
  },
  "diagnostics_by_mode": {
    "bps10": {
      "mae_proxy_median": null,
      "median_hold_return": 0.0008790713211960241,
      "return_histogram_bins": [
        "(-inf,-1%)",
        "[-1%,-0.5%)",
        "[-0.5%,-0.2%)",
        "[-0.2%,0%)",
        "[0%,0.2%)",
        "[0.2%,0.5%)",
        "[0.5%,1%)",
        "[1%,inf)"
      ],
      "return_histogram_counts": [
        2,
        15,
        50,
        69,
        71,
        53,
        48,
        29
      ],
      "top10_pct_pnl_contribution": 0.7683115445063081,
      "trades_per_day": 0.9273102499426736
    },
    "bps8": {
      "mae_proxy_median": null,
      "median_hold_return": 0.0010790713211960242,
      "return_histogram_bins": [
        "(-inf,-1%)",
        "[-1%,-0.5%)",
        "[-0.5%,-0.2%)",
        "[-0.2%,0%)",
        "[0%,0.2%)",
        "[0.2%,0.5%)",
        "[0.5%,1%)",
        "[1%,inf)"
      ],
      "return_histogram_counts": [
        2,
        14,
        45,
        70,
        69,
        56,
        52,
        29
      ],
      "top10_pct_pnl_contribution": 0.7169326036476201,
      "trades_per_day": 0.9273102499426736
    },
    "gross": {
      "mae_proxy_median": null,
      "median_hold_return": 0.0018790713211960242,
      "return_histogram_bins": [
        "(-inf,-1%)",
        "[-1%,-0.5%)",
        "[-0.5%,-0.2%)",
        "[-0.2%,0%)",
        "[0%,0.2%)",
        "[0.2%,0.5%)",
        "[0.5%,1%)",
        "[1%,inf)"
      ],
      "return_histogram_counts": [
        1,
        11,
        25,
        67,
        68,
        70,
        58,
        37
      ],
      "top10_pct_pnl_contribution": 0.5718976139840221,
      "trades_per_day": 0.9273102499426736
    }
  },
  "family": "cross_asset_regime",
  "hypothesis_id": "H71",
  "timestamp_utc": "2026-02-23T06:51:47+00:00",
  "wf_by_mode": {
    "bps10": {
      "aggregate": {
        "mean": 0.0016419649695339576,
        "mean_ci_high": 0.0023438128705836727,
        "mean_ci_low": 0.0010059754162566302,
        "n": 267,
        "p_mean_gt_0": 1.0
      },
      "folds": [
        {
          "fold_id": 1,
          "mean": 0.0012442176045533628,
          "n": 21,
          "test_end": "2025-05-10T00:00:00+00:00",
          "test_start": "2025-04-25T00:00:00+00:00"
        },
        {
          "fold_id": 2,
          "mean": -0.0017950370732106806,
          "n": 10,
          "test_end": "2025-05-25T00:00:00+00:00",
          "test_start": "2025-05-10T00:00:00+00:00"
        },
        {
          "fold_id": 3,
          "mean": 0.0006255553694914194,
          "n": 21,
          "test_end": "2025-06-09T00:00:00+00:00",
          "test_start": "2025-05-25T00:00:00+00:00"
        },
        {
          "fold_id": 4,
          "mean": 0.0027882046448887646,
          "n": 9,
          "test_end": "2025-06-24T00:00:00+00:00",
          "test_start": "2025-06-09T00:00:00+00:00"
        },
        {
          "fold_id": 5,
          "mean": 0.0014634966016015476,
          "n": 14,
          "test_end": "2025-07-09T00:00:00+00:00",
          "test_start": "2025-06-24T00:00:00+00:00"
        },
        {
          "fold_id": 6,
          "mean": 0.0014456200735158413,
          "n": 8,
          "test_end": "2025-07-24T00:00:00+00:00",
          "test_start": "2025-07-09T00:00:00+00:00"
        },
        {
          "fold_id": 7,
          "mean": 0.001108597103210763,
          "n": 11,
          "test_end": "2025-08-08T00:00:00+00:00",
          "test_start": "2025-07-24T00:00:00+00:00"
        },
        {
          "fold_id": 8,
          "mean": 0.008529314720184764,
          "n": 12,
          "test_end": "2025-08-23T00:00:00+00:00",
          "test_start": "2025-08-08T00:00:00+00:00"
        },
        {
          "fold_id": 9,
          "mean": 0.0008643776661039817,
          "n": 13,
          "test_end": "2025-09-07T00:00:00+00:00",
          "test_start": "2025-08-23T00:00:00+00:00"
        },
        {
          "fold_id": 10,
          "mean": -6.204437770768092e-05,
          "n": 12,
          "test_end": "2025-09-22T00:00:00+00:00",
          "test_start": "2025-09-07T00:00:00+00:00"
        },
        {
          "fold_id": 11,
          "mean": -0.0005739692350278081,
          "n": 19,
          "test_end": "2025-10-07T00:00:00+00:00",
          "test_start": "2025-09-22T00:00:00+00:00"
        },
        {
          "fold_id": 12,
          "mean": 0.0030851080613774674,
          "n": 11,
          "test_end": "2025-10-22T00:00:00+00:00",
          "test_start": "2025-10-07T00:00:00+00:00"
        },
        {
          "fold_id": 13,
          "mean": 0.0016579477275637804,
          "n": 13,
          "test_end": "2025-11-06T00:00:00+00:00",
          "test_start": "2025-10-22T00:00:00+00:00"
        },
        {
          "fold_id": 14,
          "mean": 0.0007158594150867237,
          "n": 11,
          "test_end": "2025-11-21T00:00:00+00:00",
          "test_start": "2025-11-06T00:00:00+00:00"
        },
        {
          "fold_id": 15,
          "mean": 0.003172106388148013,
          "n": 24,
          "test_end": "2025-12-06T00:00:00+00:00",
          "test_start": "2025-11-21T00:00:00+00:00"
        },
        {
          "fold_id": 16,
          "mean": 0.003338914542877114,
          "n": 10,
          "test_end": "2025-12-21T00:00:00+00:00",
          "test_start": "2025-12-06T00:00:00+00:00"
        },
        {
          "fold_id": 17,
          "mean": 0.0002060376460692863,
          "n": 14,
          "test_end": "2026-01-05T00:00:00+00:00",
          "test_start": "2025-12-21T00:00:00+00:00"
        },
        {
          "fold_id": 18,
          "mean": 0.0002910128147059161,
          "n": 10,
          "test_end": "2026-01-20T00:00:00+00:00",
          "test_start": "2026-01-05T00:00:00+00:00"
        },
        {
          "fold_id": 19,
          "mean": 0.000992819808519508,
          "n": 9,
          "test_end": "2026-02-04T00:00:00+00:00",
          "test_start": "2026-01-20T00:00:00+00:00"
        },
        {
          "fold_id": 20,
          "mean": 0.0038796685984570384,
          "n": 15,
          "test_end": "2026-02-19T00:00:00+00:00",
          "test_start": "2026-02-04T00:00:00+00:00"
        }
      ],
      "positive_folds": {
        "count": 17,
        "pct": 85.0,
        "total": 20
      },
      "split": {
        "step_days": 15,
        "test_days": 15,
        "train_days": 60
      }
    },
    "bps8": {
      "aggregate": {
        "mean": 0.001841964969533958,
        "mean_ci_high": 0.002543812870583673,
        "mean_ci_low": 0.0012059754162566307,
        "n": 267,
        "p_mean_gt_0": 1.0
      },
      "folds": [
        {
          "fold_id": 1,
          "mean": 0.0014442176045533636,
          "n": 21,
          "test_end": "2025-05-10T00:00:00+00:00",
          "test_start": "2025-04-25T00:00:00+00:00"
        },
        {
          "fold_id": 2,
          "mean": -0.0015950370732106805,