{
  "baseline": {
    "bps10": {
      "mean": 0.000580682181429751,
      "mean_ci_high": 0.0008650910948126942,
      "mean_ci_low": 0.00030986549010679054,
      "n": 689,
      "p_mean_gt_0": 1.0,
      "std": 0.0037334930130209537,
      "win_rate": 0.49056603773584906
    },
    "bps8": {
      "mean": 0.0007806821814297512,
      "mean_ci_high": 0.0010650910948126946,
      "mean_ci_low": 0.0005098654901067906,
      "n": 689,
      "p_mean_gt_0": 1.0,
      "std": 0.0037334930130209537,
      "win_rate": 0.5413642960812772
    },
    "gross": {
      "mean": 0.0015806821814297514,
      "mean_ci_high": 0.0018650910948126943,
      "mean_ci_low": 0.0013098654901067908,
      "n": 689,
      "p_mean_gt_0": 1.0,
      "std": 0.0037334930130209537,
      "win_rate": 0.6894049346879536
    }
  },
  "config": {
    "bootstrap_iters": 3000,
    "cost_mode": "all",
    "days": 365,
    "horizon": 6,
    "timeframe": "5m",
    "wf": {
      "step_days": 15,
      "test_days": 15,
      "train_days": 60
    }
  },
  "diagnostics_by_mode": {
    "bps10": {
      "mae_proxy_median": -0.00038463226804141826,
      "median_hold_return": -6.648248771778855e-05,
      "return_histogram_bins": [
        "(-inf,-1%)",
        "[-1%,-0.5%)",
        "[-0.5%,-0.2%)",
        "[-0.2%,0%)",
        "[0%,0.2%)",
        "[0.2%,0.5%)",
        "[0.5%,1%)",
        "[1%,inf)"
      ],
      "return_histogram_counts": [
        0,
        12,
        102,
        237,
        190,
        93,
        33,
        22
      ],
      "top10_pct_pnl_contribution": 1.5118846667449928,
      "trades_per_day": 1.8922073463783042
    },
    "bps8": {
      "mae_proxy_median": -0.00038463226804141826,
      "median_hold_return": 0.00013351751228221143,
      "return_histogram_bins": [
        "(-inf,-1%)",
        "[-1%,-0.5%)",
        "[-0.5%,-0.2%)",
        "[-0.2%,0%)",
        "[0%,0.2%)",
        "[0.2%,0.5%)",
        "[0.5%,1%)",
        "[1%,inf)"
      ],
      "return_histogram_counts": [
        0,
        12,
        91,
        213,
        211,
        107,
        33,
        22
      ],
      "top10_pct_pnl_contribution": 1.1502164841105358,
      "trades_per_day": 1.8922073463783042
    },
    "gross": {
      "mae_proxy_median": -0.00038463226804141826,
      "median_hold_return": 0.0009335175122822115,
      "return_histogram_bins": [
        "(-inf,-1%)",
        "[-1%,-0.5%)",
        "[-0.5%,-0.2%)",
        "[-0.2%,0%)",
        "[0%,0.2%)",
        "[0.2%,0.5%)",
        "[0.5%,1%)",
        "[1%,inf)"
      ],
      "return_histogram_counts": [
        0,
        9,
        48,
        157,
        262,
        137,
        53,
        23
      ],
      "top10_pct_pnl_contribution": 0.6187642498455841,
      "trades_per_day": 1.8922073463783042
    }
  },
  "family": "cross_asset_regime",
  "hypothesis_id": "H74",
  "timestamp_utc": "2026-02-23T06:52:02+00:00",
  "wf_by_mode": {
    "bps10": {
      "aggregate": {
        "mean": 0.00046619168928420303,
        "mean_ci_high": 0.0007362190722725086,
        "mean_ci_low": 0.00019429118968447229,
        "n": 569,
        "p_mean_gt_0": 1.0
      },
      "folds": [
        {
          "fold_id": 1,
          "mean": 0.00037664174102937115,
          "n": 32,
          "test_end": "2025-05-09T00:00:00+00:00",
          "test_start": "2025-04-24T00:00:00+00:00"
        },
        {
          "fold_id": 2,
          "mean": 0.00016542082920711324,
          "n": 33,
          "test_end": "2025-05-24T00:00:00+00:00",
          "test_start": "2025-05-09T00:00:00+00:00"
        },
        {
          "fold_id": 3,
          "mean": -6.487645550233366e-07,
          "n": 31,
          "test_end": "2025-06-08T00:00:00+00:00",
          "test_start": "2025-05-24T00:00:00+00:00"
        },
        {
          "fold_id": 4,
          "mean": -0.0004987387986106072,
          "n": 35,
          "test_end": "2025-06-23T00:00:00+00:00",
          "test_start": "2025-06-08T00:00:00+00:00"
        },
        {
          "fold_id": 5,
          "mean": 0.00046909033480692624,
          "n": 28,
          "test_end": "2025-07-08T00:00:00+00:00",
          "test_start": "2025-06-23T00:00:00+00:00"
        },
        {
          "fold_id": 6,
          "mean": -0.0005486521604681599,
          "n": 27,
          "test_end": "2025-07-23T00:00:00+00:00",
          "test_start": "2025-07-08T00:00:00+00:00"
        },
        {
          "fold_id": 7,
          "mean": -0.00022163359356005557,
          "n": 24,
          "test_end": "2025-08-07T00:00:00+00:00",
          "test_start": "2025-07-23T00:00:00+00:00"
        },
        {
          "fold_id": 8,
          "mean": -4.3614601768461565e-05,
          "n": 25,
          "test_end": "2025-08-22T00:00:00+00:00",
          "test_start": "2025-08-07T00:00:00+00:00"
        },
        {
          "fold_id": 9,
          "mean": 0.0012788095438197077,
          "n": 32,
          "test_end": "2025-09-06T00:00:00+00:00",
          "test_start": "2025-08-22T00:00:00+00:00"
        },
        {
          "fold_id": 10,
          "mean": -0.0006081023845927266,
          "n": 30,
          "test_end": "2025-09-21T00:00:00+00:00",
          "test_start": "2025-09-06T00:00:00+00:00"
        },
        {
          "fold_id": 11,
          "mean": -1.6309901643970555e-05,
          "n": 23,
          "test_end": "2025-10-06T00:00:00+00:00",
          "test_start": "2025-09-21T00:00:00+00:00"
        },
        {
          "fold_id": 12,
          "mean": 0.0003618929659810193,
          "n": 38,
          "test_end": "2025-10-21T00:00:00+00:00",
          "test_start": "2025-10-06T00:00:00+00:00"
        },
        {
          "fold_id": 13,
          "mean": 0.00010496392502037341,
          "n": 21,
          "test_end": "2025-11-05T00:00:00+00:00",
          "test_start": "2025-10-21T00:00:00+00:00"
        },
        {
          "fold_id": 14,
          "mean": 0.00167218630987869,
          "n": 31,
          "test_end": "2025-11-20T00:00:00+00:00",
          "test_start": "2025-11-05T00:00:00+00:00"
        },
        {
          "fold_id": 15,
          "mean": 0.0016507305398977656,
          "n": 23,
          "test_end": "2025-12-05T00:00:00+00:00",
          "test_start": "2025-11-20T00:00:00+00:00"
        },
        {
          "fold_id": 16,
          "mean": 0.0013188228436077103,
          "n": 29,
          "test_end": "2025-12-20T00:00:00+00:00",
          "test_start": "2025-12-05T00:00:00+00:00"
        },
        {
          "fold_id": 17,
          "mean": 0.0010057718982156476,
          "n": 22,
          "test_end": "2026-01-04T00:00:00+00:00",
          "test_start": "2025-12-20T00:00:00+00:00"
        },
        {
          "fold_id": 18,
          "mean": 0.0003074688653142916,
          "n": 33,
          "test_end": "2026-01-19T00:00:00+00:00",
          "test_start": "2026-01-04T00:00:00+00:00"
        },
        {
          "fold_id": 19,
          "mean": 0.0015322689732723627,
          "n": 23,
          "test_end": "2026-02-03T00:00:00+00:00",
          "test_start": "2026-01-19T00:00:00+00:00"
        },
        {
          "fold_id": 20,
          "mean": 0.0013617346750681796,
          "n": 29,
          "test_end": "2026-02-18T00:00:00+00:00",
          "test_start": "2026-02-03T00:00:00+00:00"
        }
      ],
      "positive_folds": {
        "count": 13,
        "pct": 65.0,
        "total": 20
      },
      "split": {
        "step_days": 15,
        "test_days": 15,
        "train_days": 60
      }
    },
    "bps8": {
      "aggregate": {
        "mean": 0.0006661916892842032,
        "mean_ci_high": 0.0009362190722725086,
        "mean_ci_low": 0.0003942911896844723,
        "n": 569,
        "p_mean_gt_0": 1.0
      },
      "folds": [
        {
          "fold_id": 1,
          "mean": 0.0005766417410293711,
          "n": 32,
          "test_end": "2025-05-09T00:00:00+00:00",