{
  "baseline": {
    "bps10": {
      "mean": 0.0010852113892646153,
      "mean_ci_high": 0.0016685643331544025,
      "mean_ci_low": 0.000545192695878439,
      "n": 212,
      "p_mean_gt_0": 1.0,
      "std": 0.004059206600961571,
      "win_rate": 0.5235849056603774
    },
    "bps8": {
      "mean": 0.0012852113892646158,
      "mean_ci_high": 0.001868564333154403,
      "mean_ci_low": 0.0007451926958784394,
      "n": 212,
      "p_mean_gt_0": 1.0,
      "std": 0.004059206600961571,
      "win_rate": 0.5754716981132075
    },
    "gross": {
      "mean": 0.0020852113892646158,
      "mean_ci_high": 0.002668564333154403,
      "mean_ci_low": 0.0015451926958784392,
      "n": 212,
      "p_mean_gt_0": 1.0,
      "std": 0.004059206600961571,
      "win_rate": 0.6981132075471698
    }
  },
  "config": {
    "bootstrap_iters": 3000,
    "cost_mode": "all",
    "days": 120,
    "horizon": 6,
    "timeframe": "5m",
    "wf": {
      "step_days": 15,
      "test_days": 15,
      "train_days": 60
    }
  },
  "diagnostics_by_mode": {
    "bps10": {
      "mae_proxy_median": -0.0004897337997943341,
      "median_hold_return": 4.668884554792727e-05,
      "return_histogram_bins": [
        "(-inf,-1%)",
        "[-1%,-0.5%)",
        "[-0.5%,-0.2%)",
        "[-0.2%,0%)",
        "[0%,0.2%)",
        "[0.2%,0.5%)",
        "[0.5%,1%)",
        "[1%,inf)"
      ],
      "return_histogram_counts": [
        0,
        3,
        35,
        63,
        52,
        32,
        17,
        10
      ],
      "top10_pct_pnl_contribution": 0.9825474873322119,
      "trades_per_day": 1.779020979020979
    },
    "bps8": {
      "mae_proxy_median": -0.0004897337997943341,
      "median_hold_return": 0.00024668884554792726,
      "return_histogram_bins": [
        "(-inf,-1%)",
        "[-1%,-0.5%)",
        "[-0.5%,-0.2%)",
        "[-0.2%,0%)",
        "[0%,0.2%)",
        "[0.2%,0.5%)",
        "[0.5%,1%)",
        "[1%,inf)"
      ],
      "return_histogram_counts": [
        0,
        3,
        31,
        56,
        58,
        37,
        17,
        10
      ],
      "top10_pct_pnl_contribution": 0.8457958354612495,
      "trades_per_day": 1.779020979020979
    },
    "gross": {
      "mae_proxy_median": -0.0004897337997943341,
      "median_hold_return": 0.0010466888455479273,
      "return_histogram_bins": [
        "(-inf,-1%)",
        "[-1%,-0.5%)",
        "[-0.5%,-0.2%)",
        "[-0.2%,0%)",
        "[0%,0.2%)",
        "[0.2%,0.5%)",
        "[0.5%,1%)",
        "[1%,inf)"
      ],
      "return_histogram_counts": [
        0,
        2,
        19,
        43,
        67,
        43,
        28,
        10
      ],
      "top10_pct_pnl_contribution": 0.561115920753024,
      "trades_per_day": 1.779020979020979
    }
  },
  "family": "cross_asset_regime",
  "hypothesis_id": "H74",
  "timestamp_utc": "2026-02-23T06:27:12+00:00",
  "wf_by_mode": {
    "bps10": {
      "aggregate": {
        "mean": 0.0011613791211154269,
        "mean_ci_high": 0.0020079073745823363,
        "mean_ci_low": 0.0003731108998417588,
        "n": 78,
        "p_mean_gt_0": 0.9996666666666667
      },
      "folds": [
        {
          "fold_id": 1,
          "mean": 0.0016999096718065773,
          "n": 20,
          "test_end": "2026-01-09T00:00:00+00:00",
          "test_start": "2025-12-25T00:00:00+00:00"
        },
        {
          "fold_id": 2,
          "mean": 0.00013847356374952337,
          "n": 35,
          "test_end": "2026-01-24T00:00:00+00:00",
          "test_start": "2026-01-09T00:00:00+00:00"
        },
        {
          "fold_id": 3,
          "mean": 0.002249687099114715,
          "n": 23,
          "test_end": "2026-02-08T00:00:00+00:00",
          "test_start": "2026-01-24T00:00:00+00:00"
        }
      ],
      "positive_folds": {
        "count": 3,
        "pct": 100.0,
        "total": 3
      },
      "split": {
        "step_days": 15,
        "test_days": 15,
        "train_days": 60
      }
    },
    "bps8": {
      "aggregate": {
        "mean": 0.0013613791211154276,
        "mean_ci_high": 0.0022079073745823368,
        "mean_ci_low": 0.0005731108998417589,
        "n": 78,
        "p_mean_gt_0": 1.0
      },
      "folds": [
        {
          "fold_id": 1,
          "mean": 0.001899909671806577,
          "n": 20,
          "test_end": "2026-01-09T00:00:00+00:00",
          "test_start": "2025-12-25T00:00:00+00:00"
        },
        {
          "fold_id": 2,
          "mean": 0.00033847356374952346,
          "n": 35,
          "test_end": "2026-01-24T00:00:00+00:00",
          "test_start": "2026-01-09T00:00:00+00:00"
        },
        {
          "fold_id": 3,
          "mean": 0.002449687099114714,
          "n": 23,
          "test_end": "2026-02-08T00:00:00+00:00",
          "test_start": "2026-01-24T00:00:00+00:00"
        }
      ],
      "positive_folds": {
        "count": 3,
        "pct": 100.0,
        "total": 3
      },
      "split": {
        "step_days": 15,
        "test_days": 15,
        "train_days": 60
      }
    },
    "gross": {
      "aggregate": {
        "mean": 0.0021613791211154273,
        "mean_ci_high": 0.0030079073745823363,
        "mean_ci_low": 0.001373110899841759,
        "n": 78,
        "p_mean_gt_0": 1.0
      },
      "folds": [
        {
          "fold_id": 1,
          "mean": 0.0026999096718065773,
          "n": 20,
          "test_end": "2026-01-09T00:00:00+00:00",
          "test_start": "2025-12-25T00:00:00+00:00"
        },
        {
          "fold_id": 2,
          "mean": 0.0011384735637495235,
          "n": 35,
          "test_end": "2026-01-24T00:00:00+00:00",
          "test_start": "2026-01-09T00:00:00+00:00"
        },
        {
          "fold_id": 3,
          "mean": 0.003249687099114715,
          "n": 23,
          "test_end": "2026-02-08T00:00:00+00:00",
          "test_start": "2026-01-24T00:00:00+00:00"
        }
      ],
      "positive_folds": {
        "count": 3,
        "pct": 100.0,
        "total": 3
      },
      "split": {
        "step_days": 15,
        "test_days": 15,
        "train_days": 60
      }
    }
  }
}