{
  "baseline": {
    "bps10": {
      "mean": 0.0010653975601445653,
      "mean_ci_high": 0.0016220585329058273,
      "mean_ci_low": 0.0005407530124677164,
      "n": 211,
      "p_mean_gt_0": 1.0,
      "std": 0.004058573691312345,
      "win_rate": 0.5213270142180095
    },
    "bps8": {
      "mean": 0.0012653975601445658,
      "mean_ci_high": 0.0018220585329058283,
      "mean_ci_low": 0.0007407530124677167,
      "n": 211,
      "p_mean_gt_0": 1.0,
      "std": 0.004058573691312345,
      "win_rate": 0.5734597156398105
    },
    "gross": {
      "mean": 0.0020653975601445658,
      "mean_ci_high": 0.002622058532905828,
      "mean_ci_low": 0.0015407530124677167,
      "n": 211,
      "p_mean_gt_0": 1.0,
      "std": 0.004058573691312345,
      "win_rate": 0.6966824644549763
    }
  },
  "config": {
    "bootstrap_iters": 3000,
    "cost_mode": "all",
    "days": 120,
    "horizon": 6,
    "timeframe": "5m",
    "wf": {
      "step_days": 15,
      "test_days": 15,
      "train_days": 60
    }
  },
  "diagnostics_by_mode": {
    "bps10": {
      "mae_proxy_median": -0.0004917891095737037,
      "median_hold_return": 3.674076460325002e-05,
      "return_histogram_bins": [
        "(-inf,-1%)",
        "[-1%,-0.5%)",
        "[-0.5%,-0.2%)",
        "[-0.2%,0%)",
        "[0%,0.2%)",
        "[0.2%,0.5%)",
        "[0.5%,1%)",
        "[1%,inf)"
      ],
      "return_histogram_counts": [
        0,
        3,
        35,
        63,
        52,
        32,
        16,
        10
      ],
      "top10_pct_pnl_contribution": 1.0055637297428814,
      "trades_per_day": 1.792566371681416
    },
    "bps8": {
      "mae_proxy_median": -0.0004917891095737037,
      "median_hold_return": 0.00023674076460325,
      "return_histogram_bins": [
        "(-inf,-1%)",
        "[-1%,-0.5%)",
        "[-0.5%,-0.2%)",
        "[-0.2%,0%)",
        "[0%,0.2%)",
        "[0.2%,0.5%)",
        "[0.5%,1%)",
        "[1%,inf)"
      ],
      "return_histogram_counts": [
        0,
        3,
        31,
        56,
        58,
        37,
        16,
        10
      ],
      "top10_pct_pnl_contribution": 0.8631107402181802,
      "trades_per_day": 1.792566371681416
    },
    "gross": {
      "mae_proxy_median": -0.0004917891095737037,
      "median_hold_return": 0.00103674076460325,
      "return_histogram_bins": [
        "(-inf,-1%)",
        "[-1%,-0.5%)",
        "[-0.5%,-0.2%)",
        "[-0.2%,0%)",
        "[0%,0.2%)",
        "[0.2%,0.5%)",
        "[0.5%,1%)",
        "[1%,inf)"
      ],
      "return_histogram_counts": [
        0,
        2,
        19,
        43,
        67,
        43,
        27,
        10
      ],
      "top10_pct_pnl_contribution": 0.5691836621513451,
      "trades_per_day": 1.792566371681416
    }
  },
  "family": "cross_asset_regime",
  "hypothesis_id": "H74",
  "timestamp_utc": "2026-02-23T06:45:19+00:00",
  "wf_by_mode": {
    "bps10": {
      "aggregate": {
        "mean": 0.001230392771387078,
        "mean_ci_high": 0.00209621899791306,
        "mean_ci_low": 0.0004215126243433053,
        "n": 75,
        "p_mean_gt_0": 0.9986666666666667
      },
      "folds": [
        {
          "fold_id": 1,
          "mean": 0.0015486648243190296,
          "n": 20,
          "test_end": "2026-01-10T00:00:00+00:00",
          "test_start": "2025-12-26T00:00:00+00:00"
        },
        {
          "fold_id": 2,
          "mean": 0.00024804472148662896,
          "n": 34,
          "test_end": "2026-01-25T00:00:00+00:00",
          "test_start": "2026-01-10T00:00:00+00:00"
        },
        {
          "fold_id": 3,
          "mean": 0.0025177448017668987,
          "n": 21,
          "test_end": "2026-02-09T00:00:00+00:00",
          "test_start": "2026-01-25T00:00:00+00:00"
        }
      ],
      "positive_folds": {
        "count": 3,
        "pct": 100.0,
        "total": 3
      },
      "split": {
        "step_days": 15,
        "test_days": 15,
        "train_days": 60
      }
    },
    "bps8": {
      "aggregate": {
        "mean": 0.0014303927713870783,
        "mean_ci_high": 0.0022962189979130613,
        "mean_ci_low": 0.0006215126243433052,
        "n": 75,
        "p_mean_gt_0": 1.0
      },
      "folds": [
        {
          "fold_id": 1,
          "mean": 0.0017486648243190295,
          "n": 20,
          "test_end": "2026-01-10T00:00:00+00:00",
          "test_start": "2025-12-26T00:00:00+00:00"
        },
        {
          "fold_id": 2,
          "mean": 0.00044804472148662916,
          "n": 34,
          "test_end": "2026-01-25T00:00:00+00:00",
          "test_start": "2026-01-10T00:00:00+00:00"
        },
        {
          "fold_id": 3,
          "mean": 0.002717744801766898,
          "n": 21,
          "test_end": "2026-02-09T00:00:00+00:00",
          "test_start": "2026-01-25T00:00:00+00:00"
        }
      ],
      "positive_folds": {
        "count": 3,
        "pct": 100.0,
        "total": 3
      },
      "split": {
        "step_days": 15,
        "test_days": 15,
        "train_days": 60
      }
    },
    "gross": {
      "aggregate": {
        "mean": 0.0022303927713870782,
        "mean_ci_high": 0.0030962189979130608,
        "mean_ci_low": 0.0014215126243433053,
        "n": 75,
        "p_mean_gt_0": 1.0
      },
      "folds": [
        {
          "fold_id": 1,
          "mean": 0.00254866482431903,
          "n": 20,
          "test_end": "2026-01-10T00:00:00+00:00",
          "test_start": "2025-12-26T00:00:00+00:00"
        },
        {
          "fold_id": 2,
          "mean": 0.0012480447214866291,
          "n": 34,
          "test_end": "2026-01-25T00:00:00+00:00",
          "test_start": "2026-01-10T00:00:00+00:00"
        },
        {
          "fold_id": 3,
          "mean": 0.0035177448017668987,
          "n": 21,
          "test_end": "2026-02-09T00:00:00+00:00",
          "test_start": "2026-01-25T00:00:00+00:00"
        }
      ],
      "positive_folds": {
        "count": 3,
        "pct": 100.0,
        "total": 3
      },
      "split": {
        "step_days": 15,
        "test_days": 15,
        "train_days": 60
      }
    }
  }
}