{
  "baseline": {
    "bps10": {
      "mean": 0.0017498094387949695,
      "mean_ci_high": 0.0025844541863159973,
      "mean_ci_low": 0.0009998990081373092,
      "n": 225,
      "p_mean_gt_0": 1.0,
      "std": 0.005889897295384946,
      "win_rate": 0.5866666666666667
    },
    "bps8": {
      "mean": 0.0019498094387949698,
      "mean_ci_high": 0.002784454186315998,
      "mean_ci_low": 0.0011998990081373093,
      "n": 225,
      "p_mean_gt_0": 1.0,
      "std": 0.005889897295384946,
      "win_rate": 0.6177777777777778
    },
    "gross": {
      "mean": 0.00274980943879497,
      "mean_ci_high": 0.003584454186315998,
      "mean_ci_low": 0.0019998990081373097,
      "n": 225,
      "p_mean_gt_0": 1.0,
      "std": 0.005889897295384946,
      "win_rate": 0.6888888888888889
    }
  },
  "config": {
    "bootstrap_iters": 3000,
    "cost_mode": "all",
    "days": 120,
    "horizon": 6,
    "timeframe": "5m",
    "wf": {
      "step_days": 15,
      "test_days": 15,
      "train_days": 60
    }
  },
  "diagnostics_by_mode": {
    "bps10": {
      "mae_proxy_median": -0.0007024307370622207,
      "median_hold_return": 0.0005644525540410292,
      "return_histogram_bins": [
        "(-inf,-1%)",
        "[-1%,-0.5%)",
        "[-0.5%,-0.2%)",
        "[-0.2%,0%)",
        "[0%,0.2%)",
        "[0.2%,0.5%)",
        "[0.5%,1%)",
        "[1%,inf)"
      ],
      "return_histogram_counts": [
        4,
        9,
        32,
        48,
        46,
        46,
        24,
        16
      ],
      "top10_pct_pnl_contribution": 0.8579042899268609,
      "trades_per_day": 1.9128586609989373
    },
    "bps8": {
      "mae_proxy_median": -0.0007024307370622207,
      "median_hold_return": 0.0007644525540410292,
      "return_histogram_bins": [
        "(-inf,-1%)",
        "[-1%,-0.5%)",
        "[-0.5%,-0.2%)",
        "[-0.2%,0%)",
        "[0%,0.2%)",
        "[0.2%,0.5%)",
        "[0.5%,1%)",
        "[1%,inf)"
      ],
      "return_histogram_counts": [
        3,
        7,
        31,
        45,
        47,
        50,
        26,
        16
      ],
      "top10_pct_pnl_contribution": 0.7803908619303618,
      "trades_per_day": 1.9128586609989373
    },
    "gross": {
      "mae_proxy_median": -0.0007024307370622207,
      "median_hold_return": 0.0015644525540410292,
      "return_histogram_bins": [
        "(-inf,-1%)",
        "[-1%,-0.5%)",
        "[-0.5%,-0.2%)",
        "[-0.2%,0%)",
        "[0%,0.2%)",
        "[0.2%,0.5%)",
        "[0.5%,1%)",
        "[1%,inf)"
      ],
      "return_histogram_counts": [
        2,
        7,
        19,
        42,
        50,
        52,
        31,
        22
      ],
      "top10_pct_pnl_contribution": 0.5830917676322991,
      "trades_per_day": 1.9128586609989373
    }
  },
  "family": "cross_asset_regime",
  "hypothesis_id": "H75",
  "timestamp_utc": "2026-02-23T06:45:22+00:00",
  "wf_by_mode": {
    "bps10": {
      "aggregate": {
        "mean": 0.0001544935143638989,
        "mean_ci_high": 0.001199323305890288,
        "mean_ci_low": -0.000864621371027217,
        "n": 72,
        "p_mean_gt_0": 0.611
      },
      "folds": [
        {
          "fold_id": 1,
          "mean": 0.00030134617920150755,
          "n": 28,
          "test_end": "2026-01-10T00:00:00+00:00",
          "test_start": "2025-12-26T00:00:00+00:00"
        },
        {
          "fold_id": 2,
          "mean": -0.00011939710679700164,
          "n": 26,
          "test_end": "2026-01-25T00:00:00+00:00",
          "test_start": "2026-01-10T00:00:00+00:00"
        },
        {
          "fold_id": 3,
          "mean": 0.00032167582184891943,
          "n": 18,
          "test_end": "2026-02-09T00:00:00+00:00",
          "test_start": "2026-01-25T00:00:00+00:00"
        }
      ],
      "positive_folds": {
        "count": 2,
        "pct": 66.66666666666667,
        "total": 3
      },
      "split": {
        "step_days": 15,
        "test_days": 15,
        "train_days": 60
      }
    },
    "bps8": {
      "aggregate": {
        "mean": 0.0003544935143638988,
        "mean_ci_high": 0.0013993233058902886,
        "mean_ci_low": -0.0006646213710272167,
        "n": 72,
        "p_mean_gt_0": 0.7486666666666667
      },
      "folds": [
        {
          "fold_id": 1,
          "mean": 0.0005013461792015076,
          "n": 28,
          "test_end": "2026-01-10T00:00:00+00:00",
          "test_start": "2025-12-26T00:00:00+00:00"
        },
        {
          "fold_id": 2,
          "mean": 8.060289320299827e-05,
          "n": 26,
          "test_end": "2026-01-25T00:00:00+00:00",
          "test_start": "2026-01-10T00:00:00+00:00"
        },
        {
          "fold_id": 3,
          "mean": 0.0005216758218489194,
          "n": 18,
          "test_end": "2026-02-09T00:00:00+00:00",
          "test_start": "2026-01-25T00:00:00+00:00"
        }
      ],
      "positive_folds": {
        "count": 3,
        "pct": 100.0,
        "total": 3
      },
      "split": {
        "step_days": 15,
        "test_days": 15,
        "train_days": 60
      }
    },
    "gross": {
      "aggregate": {
        "mean": 0.001154493514363899,
        "mean_ci_high": 0.0021993233058902883,
        "mean_ci_low": 0.00013537862897278338,
        "n": 72,
        "p_mean_gt_0": 0.9886666666666667
      },
      "folds": [
        {
          "fold_id": 1,
          "mean": 0.0013013461792015077,
          "n": 28,
          "test_end": "2026-01-10T00:00:00+00:00",
          "test_start": "2025-12-26T00:00:00+00:00"
        },
        {
          "fold_id": 2,
          "mean": 0.0008806028932029983,
          "n": 26,
          "test_end": "2026-01-25T00:00:00+00:00",
          "test_start": "2026-01-10T00:00:00+00:00"
        },
        {
          "fold_id": 3,
          "mean": 0.0013216758218489197,
          "n": 18,
          "test_end": "2026-02-09T00:00:00+00:00",
          "test_start": "2026-01-25T00:00:00+00:00"
        }
      ],
      "positive_folds": {
        "count": 3,
        "pct": 100.0,
        "total": 3
      },
      "split": {
        "step_days": 15,
        "test_days": 15,
        "train_days": 60
      }
    }
  }
}