{
  "baseline": {
    "bps10": {
      "mean": 0.0017750327477161693,
      "mean_ci_high": 0.0025759040086630173,
      "mean_ci_low": 0.0010164033209809683,
      "n": 226,
      "p_mean_gt_0": 1.0,
      "std": 0.005889018515988403,
      "win_rate": 0.588495575221239
    },
    "bps8": {
      "mean": 0.00197503274771617,
      "mean_ci_high": 0.0027759040086630183,
      "mean_ci_low": 0.0012164033209809684,
      "n": 226,
      "p_mean_gt_0": 1.0,
      "std": 0.005889018515988403,
      "win_rate": 0.6194690265486725
    },
    "gross": {
      "mean": 0.00277503274771617,
      "mean_ci_high": 0.003575904008663018,
      "mean_ci_low": 0.0020164033209809687,
      "n": 226,
      "p_mean_gt_0": 1.0,
      "std": 0.005889018515988403,
      "win_rate": 0.6902654867256637
    }
  },
  "config": {
    "bootstrap_iters": 3000,
    "cost_mode": "all",
    "days": 120,
    "horizon": 6,
    "timeframe": "5m",
    "wf": {
      "step_days": 15,
      "test_days": 15,
      "train_days": 60
    }
  },
  "diagnostics_by_mode": {
    "bps10": {
      "mae_proxy_median": -0.0006887111498338205,
      "median_hold_return": 0.0005887084964596454,
      "return_histogram_bins": [
        "(-inf,-1%)",
        "[-1%,-0.5%)",
        "[-0.5%,-0.2%)",
        "[-0.2%,0%)",
        "[0%,0.2%)",
        "[0.2%,0.5%)",
        "[0.5%,1%)",
        "[1%,inf)"
      ],
      "return_histogram_counts": [
        4,
        9,
        32,
        48,
        46,
        46,
        25,
        16
      ],
      "top10_pct_pnl_contribution": 0.8419713299402785,
      "trades_per_day": 1.8971668415529905
    },
    "bps8": {
      "mae_proxy_median": -0.0006887111498338205,
      "median_hold_return": 0.0007887084964596454,
      "return_histogram_bins": [
        "(-inf,-1%)",
        "[-1%,-0.5%)",
        "[-0.5%,-0.2%)",
        "[-0.2%,0%)",
        "[0%,0.2%)",
        "[0.2%,0.5%)",
        "[0.5%,1%)",
        "[1%,inf)"
      ],
      "return_histogram_counts": [
        3,
        7,
        31,
        45,
        47,
        50,
        27,
        16
      ],
      "top10_pct_pnl_contribution": 0.7670154671282022,
      "trades_per_day": 1.8971668415529905
    },
    "gross": {
      "mae_proxy_median": -0.0006887111498338205,
      "median_hold_return": 0.0015887084964596454,
      "return_histogram_bins": [
        "(-inf,-1%)",
        "[-1%,-0.5%)",
        "[-0.5%,-0.2%)",
        "[-0.2%,0%)",
        "[0%,0.2%)",
        "[0.2%,0.5%)",
        "[0.5%,1%)",
        "[1%,inf)"
      ],
      "return_histogram_counts": [
        2,
        7,
        19,
        42,
        50,
        52,
        32,
        22
      ],
      "top10_pct_pnl_contribution": 0.5752352278005708,
      "trades_per_day": 1.8971668415529905
    }
  },
  "family": "cross_asset_regime",
  "hypothesis_id": "H75",
  "timestamp_utc": "2026-02-23T06:27:15+00:00",
  "wf_by_mode": {
    "bps10": {
      "aggregate": {
        "mean": -5.9298158257612375e-06,
        "mean_ci_high": 0.0009526754665827026,
        "mean_ci_low": -0.0009740575383458112,
        "n": 72,
        "p_mean_gt_0": 0.491
      },
      "folds": [
        {
          "fold_id": 1,
          "mean": 0.00028060551766782393,
          "n": 29,
          "test_end": "2026-01-09T00:00:00+00:00",
          "test_start": "2025-12-25T00:00:00+00:00"
        },
        {
          "fold_id": 2,
          "mean": 0.00019284350911652557,
          "n": 22,
          "test_end": "2026-01-24T00:00:00+00:00",
          "test_start": "2026-01-09T00:00:00+00:00"
        },
        {
          "fold_id": 3,
          "mean": -0.0006098601882088226,
          "n": 21,
          "test_end": "2026-02-08T00:00:00+00:00",
          "test_start": "2026-01-24T00:00:00+00:00"
        }
      ],
      "positive_folds": {
        "count": 2,
        "pct": 66.66666666666667,
        "total": 3
      },
      "split": {
        "step_days": 15,
        "test_days": 15,
        "train_days": 60
      }
    },
    "bps8": {
      "aggregate": {
        "mean": 0.00019407018417423865,
        "mean_ci_high": 0.0011526754665827032,
        "mean_ci_low": -0.0007740575383458112,
        "n": 72,
        "p_mean_gt_0": 0.6503333333333333
      },
      "folds": [
        {
          "fold_id": 1,
          "mean": 0.00048060551766782413,
          "n": 29,
          "test_end": "2026-01-09T00:00:00+00:00",
          "test_start": "2025-12-25T00:00:00+00:00"
        },
        {
          "fold_id": 2,
          "mean": 0.00039284350911652556,
          "n": 22,
          "test_end": "2026-01-24T00:00:00+00:00",
          "test_start": "2026-01-09T00:00:00+00:00"
        },
        {
          "fold_id": 3,
          "mean": -0.0004098601882088228,
          "n": 21,
          "test_end": "2026-02-08T00:00:00+00:00",
          "test_start": "2026-01-24T00:00:00+00:00"
        }
      ],
      "positive_folds": {
        "count": 2,
        "pct": 66.66666666666667,
        "total": 3
      },
      "split": {
        "step_days": 15,
        "test_days": 15,
        "train_days": 60
      }
    },
    "gross": {
      "aggregate": {
        "mean": 0.000994070184174239,
        "mean_ci_high": 0.001952675466582703,
        "mean_ci_low": 2.5942461654189005e-05,
        "n": 72,
        "p_mean_gt_0": 0.98
      },
      "folds": [
        {
          "fold_id": 1,
          "mean": 0.0012806055176678242,
          "n": 29,
          "test_end": "2026-01-09T00:00:00+00:00",
          "test_start": "2025-12-25T00:00:00+00:00"
        },
        {
          "fold_id": 2,
          "mean": 0.0011928435091165257,
          "n": 22,
          "test_end": "2026-01-24T00:00:00+00:00",
          "test_start": "2026-01-09T00:00:00+00:00"
        },
        {
          "fold_id": 3,
          "mean": 0.0003901398117911776,
          "n": 21,
          "test_end": "2026-02-08T00:00:00+00:00",
          "test_start": "2026-01-24T00:00:00+00:00"
        }
      ],
      "positive_folds": {
        "count": 3,
        "pct": 100.0,
        "total": 3
      },
      "split": {
        "step_days": 15,
        "test_days": 15,
        "train_days": 60
      }
    }
  }
}