{
  "baseline": {
    "bps10": {
      "mean": 0.0013248638833646168,
      "mean_ci_high": 0.0017302862996430664,
      "mean_ci_low": 0.0009297835282862242,
      "n": 334,
      "p_mean_gt_0": 1.0,
      "std": 0.003723108516335988,
      "win_rate": 0.6017964071856288
    },
    "bps8": {
      "mean": 0.0015248638833646171,
      "mean_ci_high": 0.0019302862996430665,
      "mean_ci_low": 0.0011297835282862245,
      "n": 334,
      "p_mean_gt_0": 1.0,
      "std": 0.003723108516335988,
      "win_rate": 0.6227544910179641
    },
    "gross": {
      "mean": 0.002324863883364617,
      "mean_ci_high": 0.002730286299643066,
      "mean_ci_low": 0.0019297835282862245,
      "n": 334,
      "p_mean_gt_0": 1.0,
      "std": 0.003723108516335988,
      "win_rate": 0.7694610778443114
    }
  },
  "config": {
    "bootstrap_iters": 3000,
    "cost_mode": "all",
    "days": 180,
    "horizon": 8,
    "timeframe": "5m",
    "wf": {
      "step_days": 15,
      "test_days": 15,
      "train_days": 60
    }
  },
  "diagnostics_by_mode": {
    "bps10": {
      "mae_proxy_median": -0.00041650042540808396,
      "median_hold_return": 0.0006288688867123202,
      "return_histogram_bins": [
        "(-inf,-1%)",
        "[-1%,-0.5%)",
        "[-0.5%,-0.2%)",
        "[-0.2%,0%)",
        "[0%,0.2%)",
        "[0.2%,0.5%)",
        "[0.5%,1%)",
        "[1%,inf)"
      ],
      "return_histogram_counts": [
        0,
        5,
        39,
        89,
        92,
        69,
        29,
        11
      ],
      "top10_pct_pnl_contribution": 0.7332882493353043,
      "trades_per_day": 1.8650535132619823
    },
    "bps8": {
      "mae_proxy_median": -0.00041650042540808396,
      "median_hold_return": 0.0008288688867123202,
      "return_histogram_bins": [
        "(-inf,-1%)",
        "[-1%,-0.5%)",
        "[-0.5%,-0.2%)",
        "[-0.2%,0%)",
        "[0%,0.2%)",
        "[0.2%,0.5%)",
        "[0.5%,1%)",
        "[1%,inf)"
      ],
      "return_histogram_counts": [
        0,
        3,
        34,
        89,
        92,
        71,
        34,
        11
      ],
      "top10_pct_pnl_contribution": 0.6504622543020574,
      "trades_per_day": 1.8650535132619823
    },
    "gross": {
      "mae_proxy_median": -0.00041650042540808396,
      "median_hold_return": 0.0016288688867123202,
      "return_histogram_bins": [
        "(-inf,-1%)",
        "[-1%,-0.5%)",
        "[-0.5%,-0.2%)",
        "[-0.2%,0%)",
        "[0%,0.2%)",
        "[0.2%,0.5%)",
        "[0.5%,1%)",
        "[1%,inf)"
      ],
      "return_histogram_counts": [
        0,
        2,
        20,
        55,
        106,
        95,
        41,
        15
      ],
      "top10_pct_pnl_contribution": 0.4616629526165302,
      "trades_per_day": 1.8650535132619823
    }
  },
  "family": "cross_asset_regime",
  "hypothesis_id": "H76",
  "timestamp_utc": "2026-02-23T06:45:26+00:00",
  "wf_by_mode": {
    "bps10": {
      "aggregate": {
        "mean": 0.0017857398114887167,
        "mean_ci_high": 0.0024003779222186517,
        "mean_ci_low": 0.0012228829056512224,
        "n": 182,
        "p_mean_gt_0": 1.0
      },
      "folds": [
        {
          "fold_id": 1,
          "mean": 0.0006681982843399177,
          "n": 24,
          "test_end": "2025-11-10T00:00:00+00:00",
          "test_start": "2025-10-26T00:00:00+00:00"
        },
        {
          "fold_id": 2,
          "mean": 0.0023969283483616212,
          "n": 26,
          "test_end": "2025-11-25T00:00:00+00:00",
          "test_start": "2025-11-10T00:00:00+00:00"
        },
        {
          "fold_id": 3,
          "mean": 0.0020443326106678026,
          "n": 26,
          "test_end": "2025-12-10T00:00:00+00:00",
          "test_start": "2025-11-25T00:00:00+00:00"
        },
        {
          "fold_id": 4,
          "mean": 0.0019800543063054825,
          "n": 28,
          "test_end": "2025-12-25T00:00:00+00:00",
          "test_start": "2025-12-10T00:00:00+00:00"
        },
        {
          "fold_id": 5,
          "mean": 0.002787862000868508,
          "n": 20,
          "test_end": "2026-01-09T00:00:00+00:00",
          "test_start": "2025-12-25T00:00:00+00:00"
        },
        {
          "fold_id": 6,
          "mean": 0.0008733038396457012,
          "n": 35,
          "test_end": "2026-01-24T00:00:00+00:00",
          "test_start": "2026-01-09T00:00:00+00:00"
        },
        {
          "fold_id": 7,
          "mean": 0.0022491611717608785,
          "n": 23,
          "test_end": "2026-02-08T00:00:00+00:00",
          "test_start": "2026-01-24T00:00:00+00:00"
        }
      ],
      "positive_folds": {
        "count": 7,
        "pct": 100.0,
        "total": 7
      },
      "split": {
        "step_days": 15,
        "test_days": 15,
        "train_days": 60
      }
    },
    "bps8": {
      "aggregate": {
        "mean": 0.001985739811488717,
        "mean_ci_high": 0.002600377922218652,
        "mean_ci_low": 0.0014228829056512225,
        "n": 182,
        "p_mean_gt_0": 1.0
      },
      "folds": [
        {
          "fold_id": 1,
          "mean": 0.000868198284339918,
          "n": 24,
          "test_end": "2025-11-10T00:00:00+00:00",
          "test_start": "2025-10-26T00:00:00+00:00"
        },
        {
          "fold_id": 2,
          "mean": 0.0025969283483616218,
          "n": 26,
          "test_end": "2025-11-25T00:00:00+00:00",
          "test_start": "2025-11-10T00:00:00+00:00"
        },
        {
          "fold_id": 3,
          "mean": 0.0022443326106678027,
          "n": 26,
          "test_end": "2025-12-10T00:00:00+00:00",
          "test_start": "2025-11-25T00:00:00+00:00"
        },
        {
          "fold_id": 4,
          "mean": 0.0021800543063054826,
          "n": 28,
          "test_end": "2025-12-25T00:00:00+00:00",
          "test_start": "2025-12-10T00:00:00+00:00"
        },
        {
          "fold_id": 5,
          "mean": 0.002987862000868508,
          "n": 20,
          "test_end": "2026-01-09T00:00:00+00:00",
          "test_start": "2025-12-25T00:00:00+00:00"
        },
        {
          "fold_id": 6,
          "mean": 0.0010733038396457013,
          "n": 35,
          "test_end": "2026-01-24T00:00:00+00:00",
          "test_start": "2026-01-09T00:00:00+00:00"
        },
        {
          "fold_id": 7,
          "mean": 0.002449161171760878,
          "n": 23,
          "test_end": "2026-02-08T00:00:00+00:00",
          "test_start": "2026-01-24T00:00:00+00:00"
        }
      ],
      "positive_folds": {
        "count": 7,
        "pct": 100.0,
        "total": 7
      },
      "split": {
        "step_days": 15,
        "test_days": 15,
        "train_days": 60
      }
    },
    "gross": {
      "aggregate": {
        "mean": 0.002785739811488717,
        "mean_ci_high": 0.003400377922218652,
        "mean_ci_low": 0.0022228829056512227,
        "n": 182,
        "p_mean_gt_0": 1.0
      },
      "folds": [
        {
          "fold_id": 1,
          "mean": 0.0016681982843399178,
          "n": 24,
          "test_end": "2025-11-10T00:00:00+00:00",
          "test_start": "2025-10-26T00:00:00+00:00"
        },
        {
          "fold_id": 2,
          "mean": 0.0033969283483616217,
          "n": 26,
          "test_end": "2025-11-25T00:00:00+00:00",
          "test_start": "2025-11-10T00:00:00+00:00"
        },
        {
          "fold_id": 3,
          "mean": 0.0030443326106678026,
          "n": 26,
          "test_end": "2025-12-10T00:00:00+00:00",
          "test_start": "2025-11-25T00:00:00+00:00"
        },
        {
          "fold_id": 4,
          "mean": 0.002980054306305483,
          "n": 28,
          "test_end": "2025-12-25T00:00:00+00:00",
          "test_start": "2025-12-10T00:00:00+00:00"
        },
        {
          "fold_id": 5,
          "mean": 0.0037878620008685083,
          "n": 20,
          "test_end": "2026-01-09T00:00:00+00:00",