{
  "baseline": {
    "bps8": {
      "mean": 0.0014201780443425722,
      "mean_ci_high": 0.0018749083515895593,
      "mean_ci_low": 0.0009941547125172738,
      "n": 328,
      "p_mean_gt_0": 1.0,
      "std": 0.004049452365330279,
      "win_rate": 0.5853658536585366
    }
  },
  "config": {
    "bootstrap_iters": 3000,
    "cost": 0.0008,
    "cost_mode": "bps8",
    "days": 180,
    "horizon": 8,
    "timeframe": "5m",
    "wf": {
      "step_days": 15,
      "test_days": 15,
      "train_days": 60
    }
  },
  "diagnostics": {
    "mae_proxy_median": -0.0004897337997943341,
    "median_hold_return": 0.0006717676670282231,
    "return_histogram_bins": [
      "(-inf,-1%)",
      "[-1%,-0.5%)",
      "[-0.5%,-0.2%)",
      "[-0.2%,0%)",
      "[0%,0.2%)",
      "[0.2%,0.5%)",
      "[0.5%,1%)",
      "[1%,inf)"
    ],
    "return_histogram_counts": [
      0,
      7,
      28,
      101,
      87,
      66,
      24,
      15
    ],
    "top10_pct_pnl_contribution": 0.7507988228860231,
    "trades_per_day": 1.868945868945869
  },
  "family": "cross_asset_regime",
  "hypothesis_id": "H78",
  "stress": {
    "bps12": {
      "baseline": {
        "mean": 0.0010201780443425724,
        "mean_ci_high": 0.0014749083515895596,
        "mean_ci_low": 0.0005941547125172741,
        "n": 328,
        "p_mean_gt_0": 1.0,
        "std": 0.004049452365330279,
        "win_rate": 0.5396341463414634
      },
      "cost": 0.0012,
      "diagnostics": {
        "mae_proxy_median": -0.0004897337997943341,
        "median_hold_return": 0.00027176766702822325,
        "return_histogram_bins": [
          "(-inf,-1%)",
          "[-1%,-0.5%)",
          "[-0.5%,-0.2%)",
          "[-0.2%,0%)",
          "[0%,0.2%)",
          "[0.2%,0.5%)",
          "[0.5%,1%)",
          "[1%,inf)"
        ],
        "return_histogram_counts": [
          0,
          9,
          39,
          103,
          79,
          61,
          23,
          14
        ],
        "top10_pct_pnl_contribution": 1.0057304283617945,
        "trades_per_day": 1.868945868945869
      },
      "wf": {
        "aggregate": {
          "mean": 0.0013240476861219388,
          "mean_ci_high": 0.0019687659167024712,
          "mean_ci_low": 0.0007096619062236718,
          "n": 179,
          "p_mean_gt_0": 1.0
        },
        "folds": [
          {
            "fold_id": 1,
            "mean": 0.0002712196474233555,
            "n": 20,
            "test_end": "2025-11-08T00:00:00+00:00",
            "test_start": "2025-10-24T00:00:00+00:00"
          },
          {
            "fold_id": 2,
            "mean": 0.0019637732130764933,
            "n": 30,
            "test_end": "2025-11-23T00:00:00+00:00",
            "test_start": "2025-11-08T00:00:00+00:00"
          },
          {
            "fold_id": 3,
            "mean": 0.0018367502836539758,
            "n": 24,
            "test_end": "2025-12-08T00:00:00+00:00",
            "test_start": "2025-11-23T00:00:00+00:00"
          },
          {
            "fold_id": 4,
            "mean": 0.0014007587515356213,
            "n": 29,
            "test_end": "2025-12-23T00:00:00+00:00",
            "test_start": "2025-12-08T00:00:00+00:00"
          },
          {
            "fold_id": 5,
            "mean": 0.0019450106852361734,
            "n": 21,
            "test_end": "2026-01-07T00:00:00+00:00",
            "test_start": "2025-12-23T00:00:00+00:00"
          },
          {
            "fold_id": 6,
            "mean": 0.0006365585530605268,
            "n": 32,
            "test_end": "2026-01-22T00:00:00+00:00",
            "test_start": "2026-01-07T00:00:00+00:00"
          },
          {
            "fold_id": 7,
            "mean": 0.0011629494689104453,
            "n": 23,
            "test_end": "2026-02-06T00:00:00+00:00",
            "test_start": "2026-01-22T00:00:00+00:00"
          }
        ],
        "positive_folds": {
          "count": 7,
          "pct": 100.0,
          "total": 7
        },
        "split": {
          "step_days": 15,
          "test_days": 15,
          "train_days": 60
        }
      }
    },
    "bps15": {
      "baseline": {
        "mean": 0.0007201780443425721,
        "mean_ci_high": 0.0011749083515895592,
        "mean_ci_low": 0.00029415471251727384,
        "n": 328,
        "p_mean_gt_0": 1.0,
        "std": 0.004049452365330279,
        "win_rate": 0.4878048780487805
      },
      "cost": 0.0015,
      "diagnostics": {
        "mae_proxy_median": -0.0004897337997943341,
        "median_hold_return": -2.8232332971776884e-05,
        "return_histogram_bins": [
          "(-inf,-1%)",
          "[-1%,-0.5%)",
          "[-0.5%,-0.2%)",
          "[-0.2%,0%)",
          "[0%,0.2%)",
          "[0.2%,0.5%)",
          "[0.5%,1%)",
          "[1%,inf)"
        ],
        "return_histogram_counts": [
          0,
          9,
          51,
          108,
          69,
          56,
          21,
          14
        ],
        "top10_pct_pnl_contribution": 1.3827708058244914,
        "trades_per_day": 1.868945868945869
      },
      "wf": {
        "aggregate": {
          "mean": 0.0010240476861219385,
          "mean_ci_high": 0.0016687659167024709,
          "mean_ci_low": 0.0004096619062236716,
          "n": 179,
          "p_mean_gt_0": 0.999
        },
        "folds": [
          {
            "fold_id": 1,
            "mean": -2.878035257664474e-05,
            "n": 20,
            "test_end": "2025-11-08T00:00:00+00:00",
            "test_start": "2025-10-24T00:00:00+00:00"
          },
          {
            "fold_id": 2,
            "mean": 0.0016637732130764928,
            "n": 30,
            "test_end": "2025-11-23T00:00:00+00:00",
            "test_start": "2025-11-08T00:00:00+00:00"
          },
          {
            "fold_id": 3,
            "mean": 0.0015367502836539752,
            "n": 24,
            "test_end": "2025-12-08T00:00:00+00:00",
            "test_start": "2025-11-23T00:00:00+00:00"
          },
          {
            "fold_id": 4,
            "mean": 0.001100758751535621,
            "n": 29,
            "test_end": "2025-12-23T00:00:00+00:00",
            "test_start": "2025-12-08T00:00:00+00:00"
          },
          {
            "fold_id": 5,
            "mean": 0.0016450106852361726,
            "n": 21,
            "test_end": "2026-01-07T00:00:00+00:00",
            "test_start": "2025-12-23T00:00:00+00:00"
          },
          {
            "fold_id": 6,
            "mean": 0.0003365585530605265,
            "n": 32,
            "test_end": "2026-01-22T00:00:00+00:00",
            "test_start": "2026-01-07T00:00:00+00:00"
          },
          {
            "fold_id": 7,
            "mean": 0.000862949468910445,
            "n": 23,
            "test_end": "2026-02-06T00:00:00+00:00",
            "test_start": "2026-01-22T00:00:00+00:00"
          }
        ],
        "positive_folds": {
          "count": 6,
          "pct": 85.71428571428571,
          "total": 7
        },
        "split": {
          "step_days": 15,
          "test_days": 15,
          "train_days": 60
        }
      }
    }
  },
  "timestamp_utc": "2026-02-18T21:13:30+00:00",
  "wf": {
    "aggregate": {
      "mean": 0.0017240476861219388,
      "mean_ci_high": 0.0023687659167024714,
      "mean_ci_low": 0.0011096619062236717,
      "n": 179,
      "p_mean_gt_0": 1.0
    },
    "folds": [
      {
        "fold_id": 1,
        "mean": 0.0006712196474233552,
        "n": 20,
        "test_end": "2025-11-08T00:00:00+00:00",
        "test_start": "2025-10-24T00:00:00+00:00"
      },
      {
        "fold_id": 2,
        "mean": 0.002363773213076493,
        "n": 30,
        "test_end": "2025-11-23T00:00:00+00:00",
        "test_start": "2025-11-08T00:00:00+00:00"
      },
      {
        "fold_id": 3,
        "mean": 0.0022367502836539758,
        "n": 24,
        "test_end": "2025-12-08T00:00:00+00:00",