{
  "baseline": {
    "bps10": {
      "mean": 0.0011675513396454784,
      "mean_ci_high": 0.0016191953844690494,
      "mean_ci_low": 0.0007460357447969851,
      "n": 334,
      "p_mean_gt_0": 1.0,
      "std": 0.004056593374254348,
      "win_rate": 0.5508982035928144
    },
    "bps8": {
      "mean": 0.0013675513396454785,
      "mean_ci_high": 0.0018191953844690497,
      "mean_ci_low": 0.0009460357447969854,
      "n": 334,
      "p_mean_gt_0": 1.0,
      "std": 0.004056593374254348,
      "win_rate": 0.5778443113772455
    },
    "gross": {
      "mean": 0.0021675513396454786,
      "mean_ci_high": 0.00261919538446905,
      "mean_ci_low": 0.0017460357447969853,
      "n": 334,
      "p_mean_gt_0": 1.0,
      "std": 0.004056593374254348,
      "win_rate": 0.7155688622754491
    }
  },
  "config": {
    "bootstrap_iters": 3000,
    "cost_mode": "all",
    "days": 180,
    "horizon": 8,
    "timeframe": "5m",
    "wf": {
      "step_days": 15,
      "test_days": 15,
      "train_days": 60
    }
  },
  "diagnostics_by_mode": {
    "bps10": {
      "mae_proxy_median": -0.0004897337997943341,
      "median_hold_return": 0.0004502495164270268,
      "return_histogram_bins": [
        "(-inf,-1%)",
        "[-1%,-0.5%)",
        "[-0.5%,-0.2%)",
        "[-0.2%,0%)",
        "[0%,0.2%)",
        "[0.2%,0.5%)",
        "[0.5%,1%)",
        "[1%,inf)"
      ],
      "return_histogram_counts": [
        0,
        9,
        36,
        105,
        81,
        66,
        23,
        14
      ],
      "top10_pct_pnl_contribution": 0.8940630296213552,
      "trades_per_day": 1.8650535132619823
    },
    "bps8": {
      "mae_proxy_median": -0.0004897337997943341,
      "median_hold_return": 0.0006502495164270268,
      "return_histogram_bins": [
        "(-inf,-1%)",
        "[-1%,-0.5%)",
        "[-0.5%,-0.2%)",
        "[-0.2%,0%)",
        "[0%,0.2%)",
        "[0.2%,0.5%)",
        "[0.5%,1%)",
        "[1%,inf)"
      ],
      "return_histogram_counts": [
        0,
        7,
        32,
        102,
        85,
        70,
        23,
        15
      ],
      "top10_pct_pnl_contribution": 0.7781965755486163,
      "trades_per_day": 1.8650535132619823
    },
    "gross": {
      "mae_proxy_median": -0.0004897337997943341,
      "median_hold_return": 0.0014502495164270268,
      "return_histogram_bins": [
        "(-inf,-1%)",
        "[-1%,-0.5%)",
        "[-0.5%,-0.2%)",
        "[-0.2%,0%)",
        "[0%,0.2%)",
        "[0.2%,0.5%)",
        "[0.5%,1%)",
        "[1%,inf)"
      ],
      "return_histogram_counts": [
        0,
        4,
        27,
        64,
        108,
        82,
        32,
        17
      ],
      "top10_pct_pnl_contribution": 0.5285507541126659,
      "trades_per_day": 1.8650535132619823
    }
  },
  "family": "cross_asset_regime",
  "hypothesis_id": "H78",
  "timestamp_utc": "2026-02-23T06:27:26+00:00",
  "wf_by_mode": {
    "bps10": {
      "aggregate": {
        "mean": 0.0015554587131783677,
        "mean_ci_high": 0.002206459662989477,
        "mean_ci_low": 0.0009425503266881391,
        "n": 182,
        "p_mean_gt_0": 1.0
      },
      "folds": [
        {
          "fold_id": 1,
          "mean": 0.00026418847384025815,
          "n": 24,
          "test_end": "2025-11-10T00:00:00+00:00",
          "test_start": "2025-10-26T00:00:00+00:00"
        },
        {
          "fold_id": 2,
          "mean": 0.0031325556556873494,
          "n": 26,
          "test_end": "2025-11-25T00:00:00+00:00",
          "test_start": "2025-11-10T00:00:00+00:00"
        },
        {
          "fold_id": 3,
          "mean": 0.0016775074064214537,
          "n": 26,
          "test_end": "2025-12-10T00:00:00+00:00",
          "test_start": "2025-11-25T00:00:00+00:00"
        },
        {
          "fold_id": 4,
          "mean": 0.0013710037825180011,
          "n": 28,
          "test_end": "2025-12-25T00:00:00+00:00",
          "test_start": "2025-12-10T00:00:00+00:00"
        },
        {
          "fold_id": 5,
          "mean": 0.0024462010024215003,
          "n": 20,
          "test_end": "2026-01-09T00:00:00+00:00",
          "test_start": "2025-12-25T00:00:00+00:00"
        },
        {
          "fold_id": 6,
          "mean": 0.0007283876702395664,
          "n": 35,
          "test_end": "2026-01-24T00:00:00+00:00",
          "test_start": "2026-01-09T00:00:00+00:00"
        },
        {
          "fold_id": 7,
          "mean": 0.001690679495397783,
          "n": 23,
          "test_end": "2026-02-08T00:00:00+00:00",
          "test_start": "2026-01-24T00:00:00+00:00"
        }
      ],
      "positive_folds": {
        "count": 7,
        "pct": 100.0,
        "total": 7
      },
      "split": {
        "step_days": 15,
        "test_days": 15,
        "train_days": 60
      }
    },
    "bps8": {
      "aggregate": {
        "mean": 0.001755458713178368,
        "mean_ci_high": 0.002406459662989477,
        "mean_ci_low": 0.0011425503266881392,
        "n": 182,
        "p_mean_gt_0": 1.0
      },
      "folds": [
        {
          "fold_id": 1,
          "mean": 0.00046418847384025803,
          "n": 24,
          "test_end": "2025-11-10T00:00:00+00:00",
          "test_start": "2025-10-26T00:00:00+00:00"
        },
        {
          "fold_id": 2,
          "mean": 0.0033325556556873504,
          "n": 26,
          "test_end": "2025-11-25T00:00:00+00:00",
          "test_start": "2025-11-10T00:00:00+00:00"
        },
        {
          "fold_id": 3,
          "mean": 0.001877507406421454,
          "n": 26,
          "test_end": "2025-12-10T00:00:00+00:00",
          "test_start": "2025-11-25T00:00:00+00:00"
        },
        {
          "fold_id": 4,
          "mean": 0.0015710037825180012,
          "n": 28,
          "test_end": "2025-12-25T00:00:00+00:00",
          "test_start": "2025-12-10T00:00:00+00:00"
        },
        {
          "fold_id": 5,
          "mean": 0.0026462010024215004,
          "n": 20,
          "test_end": "2026-01-09T00:00:00+00:00",
          "test_start": "2025-12-25T00:00:00+00:00"
        },
        {
          "fold_id": 6,
          "mean": 0.0009283876702395663,
          "n": 35,
          "test_end": "2026-01-24T00:00:00+00:00",
          "test_start": "2026-01-09T00:00:00+00:00"
        },
        {
          "fold_id": 7,
          "mean": 0.0018906794953977828,
          "n": 23,
          "test_end": "2026-02-08T00:00:00+00:00",
          "test_start": "2026-01-24T00:00:00+00:00"
        }
      ],
      "positive_folds": {
        "count": 7,
        "pct": 100.0,
        "total": 7
      },
      "split": {
        "step_days": 15,
        "test_days": 15,
        "train_days": 60
      }
    },
    "gross": {
      "aggregate": {
        "mean": 0.002555458713178368,
        "mean_ci_high": 0.0032064596629894776,
        "mean_ci_low": 0.0019425503266881394,
        "n": 182,
        "p_mean_gt_0": 1.0
      },
      "folds": [
        {
          "fold_id": 1,
          "mean": 0.0012641884738402581,
          "n": 24,
          "test_end": "2025-11-10T00:00:00+00:00",
          "test_start": "2025-10-26T00:00:00+00:00"
        },
        {
          "fold_id": 2,
          "mean": 0.0041325556556873495,
          "n": 26,
          "test_end": "2025-11-25T00:00:00+00:00",
          "test_start": "2025-11-10T00:00:00+00:00"
        },
        {
          "fold_id": 3,
          "mean": 0.002677507406421454,
          "n": 26,
          "test_end": "2025-12-10T00:00:00+00:00",
          "test_start": "2025-11-25T00:00:00+00:00"
        },
        {
          "fold_id": 4,
          "mean": 0.0023710037825180014,
          "n": 28,
          "test_end": "2025-12-25T00:00:00+00:00",
          "test_start": "2025-12-10T00:00:00+00:00"
        },
        {
          "fold_id": 5,
          "mean": 0.003446201002421501,
          "n": 20,
          "test_end": "2026-01-09T00:00:00+00:00",