{
  "baseline": {
    "bps10": {
      "mean": 0.0012029470323260101,
      "mean_ci_high": 0.0016419508635893356,
      "mean_ci_low": 0.0007818341357738236,
      "n": 332,
      "p_mean_gt_0": 1.0,
      "std": 0.004031930373605585,
      "win_rate": 0.5572289156626506
    }
  },
  "config": {
    "bootstrap_iters": 3000,
    "cost": 0.001,
    "cost_mode": "bps10",
    "days": 180,
    "horizon": 8,
    "timeframe": "5m",
    "wf": {
      "step_days": 15,
      "test_days": 15,
      "train_days": 60
    }
  },
  "diagnostics": {
    "mae_proxy_median": -0.0004897337997943341,
    "median_hold_return": 0.0004717676670282231,
    "return_histogram_bins": [
      "(-inf,-1%)",
      "[-1%,-0.5%)",
      "[-0.5%,-0.2%)",
      "[-0.2%,0%)",
      "[0%,0.2%)",
      "[0.2%,0.5%)",
      "[0.5%,1%)",
      "[1%,inf)"
    ],
    "return_histogram_counts": [
      0,
      9,
      33,
      105,
      84,
      64,
      23,
      14
    ],
    "top10_pct_pnl_contribution": 0.8731788346119187,
    "trades_per_day": 1.8603782395517159
  },
  "family": "cross_asset_regime",
  "hypothesis_id": "H78",
  "stress": {
    "bps12": {
      "baseline": {
        "mean": 0.0010029470323260105,
        "mean_ci_high": 0.0014419508635893361,
        "mean_ci_low": 0.0005818341357738242,
        "n": 332,
        "p_mean_gt_0": 1.0,
        "std": 0.004031930373605585,
        "win_rate": 0.5391566265060241
      },
      "cost": 0.0012,
      "diagnostics": {
        "mae_proxy_median": -0.0004897337997943341,
        "median_hold_return": 0.00027176766702822325,
        "return_histogram_bins": [
          "(-inf,-1%)",
          "[-1%,-0.5%)",
          "[-0.5%,-0.2%)",
          "[-0.2%,0%)",
          "[0%,0.2%)",
          "[0.2%,0.5%)",
          "[0.5%,1%)",
          "[1%,inf)"
        ],
        "return_histogram_counts": [
          0,
          9,
          40,
          104,
          81,
          62,
          22,
          14
        ],
        "top10_pct_pnl_contribution": 1.026879712368175,
        "trades_per_day": 1.8603782395517159
      },
      "wf": {
        "aggregate": {
          "mean": 0.00131802312931586,
          "mean_ci_high": 0.0019871965275450824,
          "mean_ci_low": 0.0006745273648761517,
          "n": 180,
          "p_mean_gt_0": 1.0
        },
        "folds": [
          {
            "fold_id": 1,
            "mean": -0.0002965443091527525,
            "n": 18,
            "test_end": "2025-11-07T00:00:00+00:00",
            "test_start": "2025-10-23T00:00:00+00:00"
          },
          {
            "fold_id": 2,
            "mean": 0.0019287488835954042,
            "n": 30,
            "test_end": "2025-11-22T00:00:00+00:00",
            "test_start": "2025-11-07T00:00:00+00:00"
          },
          {
            "fold_id": 3,
            "mean": 0.0019302010924825027,
            "n": 24,
            "test_end": "2025-12-07T00:00:00+00:00",
            "test_start": "2025-11-22T00:00:00+00:00"
          },
          {
            "fold_id": 4,
            "mean": 0.001693664621260026,
            "n": 31,
            "test_end": "2025-12-22T00:00:00+00:00",
            "test_start": "2025-12-07T00:00:00+00:00"
          },
          {
            "fold_id": 5,
            "mean": 0.0014107675856117646,
            "n": 18,
            "test_end": "2026-01-06T00:00:00+00:00",
            "test_start": "2025-12-22T00:00:00+00:00"
          },
          {
            "fold_id": 6,
            "mean": 0.00041727922991017705,
            "n": 33,
            "test_end": "2026-01-21T00:00:00+00:00",
            "test_start": "2026-01-06T00:00:00+00:00"
          },
          {
            "fold_id": 7,
            "mean": 0.0017971936048866845,
            "n": 26,
            "test_end": "2026-02-05T00:00:00+00:00",
            "test_start": "2026-01-21T00:00:00+00:00"
          }
        ],
        "positive_folds": {
          "count": 6,
          "pct": 85.71428571428571,
          "total": 7
        },
        "split": {
          "step_days": 15,
          "test_days": 15,
          "train_days": 60
        }
      }
    },
    "bps15": {
      "baseline": {
        "mean": 0.0007029470323260102,
        "mean_ci_high": 0.0011419508635893358,
        "mean_ci_low": 0.00028183413577382405,
        "n": 332,
        "p_mean_gt_0": 0.9993333333333333,
        "std": 0.004031930373605585,
        "win_rate": 0.4879518072289157
      },
      "cost": 0.0015,
      "diagnostics": {
        "mae_proxy_median": -0.0004897337997943341,
        "median_hold_return": -2.8232332971776884e-05,
        "return_histogram_bins": [
          "(-inf,-1%)",
          "[-1%,-0.5%)",
          "[-0.5%,-0.2%)",
          "[-0.2%,0%)",
          "[0%,0.2%)",
          "[0.2%,0.5%)",
          "[0.5%,1%)",
          "[1%,inf)"
        ],
        "return_histogram_counts": [
          0,
          9,
          52,
          109,
          71,
          56,
          21,
          14
        ],
        "top10_pct_pnl_contribution": 1.4214201391574917,
        "trades_per_day": 1.8603782395517159
      },
      "wf": {
        "aggregate": {
          "mean": 0.00101802312931586,
          "mean_ci_high": 0.001687196527545082,
          "mean_ci_low": 0.0003745273648761516,
          "n": 180,
          "p_mean_gt_0": 0.9996666666666667
        },
        "folds": [
          {
            "fold_id": 1,
            "mean": -0.0005965443091527527,
            "n": 18,
            "test_end": "2025-11-07T00:00:00+00:00",
            "test_start": "2025-10-23T00:00:00+00:00"
          },
          {
            "fold_id": 2,
            "mean": 0.001628748883595404,
            "n": 30,
            "test_end": "2025-11-22T00:00:00+00:00",
            "test_start": "2025-11-07T00:00:00+00:00"
          },
          {
            "fold_id": 3,
            "mean": 0.0016302010924825023,
            "n": 24,
            "test_end": "2025-12-07T00:00:00+00:00",
            "test_start": "2025-11-22T00:00:00+00:00"
          },
          {
            "fold_id": 4,
            "mean": 0.0013936646212600252,
            "n": 31,
            "test_end": "2025-12-22T00:00:00+00:00",
            "test_start": "2025-12-07T00:00:00+00:00"
          },
          {
            "fold_id": 5,
            "mean": 0.0011107675856117639,
            "n": 18,
            "test_end": "2026-01-06T00:00:00+00:00",
            "test_start": "2025-12-22T00:00:00+00:00"
          },
          {
            "fold_id": 6,
            "mean": 0.00011727922991017693,
            "n": 33,
            "test_end": "2026-01-21T00:00:00+00:00",
            "test_start": "2026-01-06T00:00:00+00:00"
          },
          {
            "fold_id": 7,
            "mean": 0.0014971936048866837,
            "n": 26,
            "test_end": "2026-02-05T00:00:00+00:00",
            "test_start": "2026-01-21T00:00:00+00:00"
          }
        ],
        "positive_folds": {
          "count": 6,
          "pct": 85.71428571428571,
          "total": 7
        },
        "split": {
          "step_days": 15,
          "test_days": 15,
          "train_days": 60
        }
      }
    }
  },
  "timestamp_utc": "2026-02-19T04:57:50+00:00",
  "wf": {
    "aggregate": {
      "mean": 0.0015180231293158597,
      "mean_ci_high": 0.002187196527545082,
      "mean_ci_low": 0.000874527364876151,
      "n": 180,
      "p_mean_gt_0": 1.0
    },
    "folds": [
      {
        "fold_id": 1,
        "mean": -9.654430915275278e-05,
        "n": 18,
        "test_end": "2025-11-07T00:00:00+00:00",
        "test_start": "2025-10-23T00:00:00+00:00"
      },
      {
        "fold_id": 2,
        "mean": 0.0021287488835954036,
        "n": 30,
        "test_end": "2025-11-22T00:00:00+00:00",
        "test_start": "2025-11-07T00:00:00+00:00"
      },
      {
        "fold_id": 3,
        "mean": 0.002130201092482502,
        "n": 24,
        "test_end": "2025-12-07T00:00:00+00:00",