{
  "baseline": {
    "bps10": {
      "mean": 0.0019718793084300868,
      "mean_ci_high": 0.0026531820605547505,
      "mean_ci_low": 0.0013121445005429995,
      "n": 333,
      "p_mean_gt_0": 1.0,
      "std": 0.005960582459225155,
      "win_rate": 0.5855855855855856
    },
    "bps8": {
      "mean": 0.0021718793084300873,
      "mean_ci_high": 0.00285318206055475,
      "mean_ci_low": 0.0015121445005429998,
      "n": 333,
      "p_mean_gt_0": 1.0,
      "std": 0.005960582459225154,
      "win_rate": 0.6036036036036037
    },
    "gross": {
      "mean": 0.0029718793084300876,
      "mean_ci_high": 0.003653182060554751,
      "mean_ci_low": 0.0023121445005429998,
      "n": 333,
      "p_mean_gt_0": 1.0,
      "std": 0.005960582459225155,
      "win_rate": 0.6996996996996997
    }
  },
  "config": {
    "bootstrap_iters": 3000,
    "cost_mode": "all",
    "days": 180,
    "horizon": 8,
    "timeframe": "5m",
    "wf": {
      "step_days": 15,
      "test_days": 15,
      "train_days": 60
    }
  },
  "diagnostics_by_mode": {
    "bps10": {
      "mae_proxy_median": -0.000790782561315817,
      "median_hold_return": 0.0009343613127738024,
      "return_histogram_bins": [
        "(-inf,-1%)",
        "[-1%,-0.5%)",
        "[-0.5%,-0.2%)",
        "[-0.2%,0%)",
        "[0%,0.2%)",
        "[0.2%,0.5%)",
        "[0.5%,1%)",
        "[1%,inf)"
      ],
      "return_histogram_counts": [
        4,
        17,
        40,
        77,
        68,
        53,
        44,
        30
      ],
      "top10_pct_pnl_contribution": 0.749725156684281,
      "trades_per_day": 1.8633714152483096
    },
    "bps8": {
      "mae_proxy_median": -0.000790782561315817,
      "median_hold_return": 0.0011343613127738025,
      "return_histogram_bins": [
        "(-inf,-1%)",
        "[-1%,-0.5%)",
        "[-0.5%,-0.2%)",
        "[-0.2%,0%)",
        "[0%,0.2%)",
        "[0.2%,0.5%)",
        "[0.5%,1%)",
        "[1%,inf)"
      ],
      "return_histogram_counts": [
        4,
        14,
        36,
        78,
        68,
        56,
        46,
        31
      ],
      "top10_pct_pnl_contribution": 0.69008804406311,
      "trades_per_day": 1.8633714152483096
    },
    "gross": {
      "mae_proxy_median": -0.000790782561315817,
      "median_hold_return": 0.0019343613127738024,
      "return_histogram_bins": [
        "(-inf,-1%)",
        "[-1%,-0.5%)",
        "[-0.5%,-0.2%)",
        "[-0.2%,0%)",
        "[0%,0.2%)",
        "[0.2%,0.5%)",
        "[0.5%,1%)",
        "[1%,inf)"
      ],
      "return_histogram_counts": [
        2,
        13,
        22,
        63,
        67,
        73,
        55,
        38
      ],
      "top10_pct_pnl_contribution": 0.5318081461431329,
      "trades_per_day": 1.8633714152483096
    }
  },
  "family": "cross_asset_regime",
  "hypothesis_id": "H79",
  "timestamp_utc": "2026-02-23T06:45:37+00:00",
  "wf_by_mode": {
    "bps10": {
      "aggregate": {
        "mean": 0.0018622767396927146,
        "mean_ci_high": 0.0028320310969037516,
        "mean_ci_low": 0.0009574501465077893,
        "n": 192,
        "p_mean_gt_0": 0.9996666666666667
      },
      "folds": [
        {
          "fold_id": 1,
          "mean": 0.0028313005944115054,
          "n": 26,
          "test_end": "2025-11-10T00:00:00+00:00",
          "test_start": "2025-10-26T00:00:00+00:00"
        },
        {
          "fold_id": 2,
          "mean": 0.001845533735670798,
          "n": 30,
          "test_end": "2025-11-25T00:00:00+00:00",
          "test_start": "2025-11-10T00:00:00+00:00"
        },
        {
          "fold_id": 3,
          "mean": 0.002616579962790066,
          "n": 38,
          "test_end": "2025-12-10T00:00:00+00:00",
          "test_start": "2025-11-25T00:00:00+00:00"
        },
        {
          "fold_id": 4,
          "mean": 0.004285724094184156,
          "n": 26,
          "test_end": "2025-12-25T00:00:00+00:00",
          "test_start": "2025-12-10T00:00:00+00:00"
        },
        {
          "fold_id": 5,
          "mean": 0.000943270153183097,
          "n": 29,
          "test_end": "2026-01-09T00:00:00+00:00",
          "test_start": "2025-12-25T00:00:00+00:00"
        },
        {
          "fold_id": 6,
          "mean": 0.00038415435246136917,
          "n": 22,
          "test_end": "2026-01-24T00:00:00+00:00",
          "test_start": "2026-01-09T00:00:00+00:00"
        },
        {
          "fold_id": 7,
          "mean": -0.0008613232730996335,
          "n": 21,
          "test_end": "2026-02-08T00:00:00+00:00",
          "test_start": "2026-01-24T00:00:00+00:00"
        }
      ],
      "positive_folds": {
        "count": 6,
        "pct": 85.71428571428571,
        "total": 7
      },
      "split": {
        "step_days": 15,
        "test_days": 15,
        "train_days": 60
      }
    },
    "bps8": {
      "aggregate": {
        "mean": 0.0020622767396927155,
        "mean_ci_high": 0.003032031096903752,
        "mean_ci_low": 0.0011574501465077896,
        "n": 192,
        "p_mean_gt_0": 1.0
      },
      "folds": [
        {
          "fold_id": 1,
          "mean": 0.003031300594411507,
          "n": 26,
          "test_end": "2025-11-10T00:00:00+00:00",
          "test_start": "2025-10-26T00:00:00+00:00"
        },
        {
          "fold_id": 2,
          "mean": 0.002045533735670798,
          "n": 30,
          "test_end": "2025-11-25T00:00:00+00:00",
          "test_start": "2025-11-10T00:00:00+00:00"
        },
        {
          "fold_id": 3,
          "mean": 0.002816579962790068,
          "n": 38,
          "test_end": "2025-12-10T00:00:00+00:00",
          "test_start": "2025-11-25T00:00:00+00:00"
        },
        {
          "fold_id": 4,
          "mean": 0.004485724094184157,
          "n": 26,
          "test_end": "2025-12-25T00:00:00+00:00",
          "test_start": "2025-12-10T00:00:00+00:00"
        },
        {
          "fold_id": 5,
          "mean": 0.0011432701531830971,
          "n": 29,
          "test_end": "2026-01-09T00:00:00+00:00",
          "test_start": "2025-12-25T00:00:00+00:00"
        },
        {
          "fold_id": 6,
          "mean": 0.0005841543524613692,
          "n": 22,
          "test_end": "2026-01-24T00:00:00+00:00",
          "test_start": "2026-01-09T00:00:00+00:00"
        },
        {
          "fold_id": 7,
          "mean": -0.0006613232730996331,
          "n": 21,
          "test_end": "2026-02-08T00:00:00+00:00",
          "test_start": "2026-01-24T00:00:00+00:00"
        }
      ],
      "positive_folds": {
        "count": 6,
        "pct": 85.71428571428571,
        "total": 7
      },
      "split": {
        "step_days": 15,
        "test_days": 15,
        "train_days": 60
      }
    },
    "gross": {
      "aggregate": {
        "mean": 0.0028622767396927155,
        "mean_ci_high": 0.0038320310969037524,
        "mean_ci_low": 0.0019574501465077897,
        "n": 192,
        "p_mean_gt_0": 1.0
      },
      "folds": [
        {
          "fold_id": 1,
          "mean": 0.0038313005944115063,
          "n": 26,
          "test_end": "2025-11-10T00:00:00+00:00",
          "test_start": "2025-10-26T00:00:00+00:00"
        },
        {
          "fold_id": 2,
          "mean": 0.0028455337356707985,
          "n": 30,
          "test_end": "2025-11-25T00:00:00+00:00",
          "test_start": "2025-11-10T00:00:00+00:00"
        },
        {
          "fold_id": 3,
          "mean": 0.003616579962790067,
          "n": 38,
          "test_end": "2025-12-10T00:00:00+00:00",
          "test_start": "2025-11-25T00:00:00+00:00"
        },
        {
          "fold_id": 4,
          "mean": 0.0052857240941841565,
          "n": 26,
          "test_end": "2025-12-25T00:00:00+00:00",
          "test_start": "2025-12-10T00:00:00+00:00"
        },
        {
          "fold_id": 5,
          "mean": 0.0019432701531830973,
          "n": 29,
          "test_end": "2026-01-09T00:00:00+00:00",