{
  "baseline": {
    "bps8": {
      "mean": 0.0021803422549413094,
      "mean_ci_high": 0.0028603326828209076,
      "mean_ci_low": 0.0015434588143066878,
      "n": 326,
      "p_mean_gt_0": 1.0,
      "std": 0.006002095740676018,
      "win_rate": 0.6104294478527608
    }
  },
  "config": {
    "bootstrap_iters": 3000,
    "cost": 0.0008,
    "cost_mode": "bps8",
    "days": 180,
    "horizon": 8,
    "timeframe": "5m",
    "wf": {
      "step_days": 15,
      "test_days": 15,
      "train_days": 60
    }
  },
  "diagnostics": {
    "mae_proxy_median": -0.0007908960422250977,
    "median_hold_return": 0.001192918772867114,
    "return_histogram_bins": [
      "(-inf,-1%)",
      "[-1%,-0.5%)",
      "[-0.5%,-0.2%)",
      "[-0.2%,0%)",
      "[0%,0.2%)",
      "[0.2%,0.5%)",
      "[0.5%,1%)",
      "[1%,inf)"
    ],
    "return_histogram_counts": [
      4,
      14,
      35,
      74,
      68,
      57,
      43,
      31
    ],
    "top10_pct_pnl_contribution": 0.6884635950999191,
    "trades_per_day": 1.8229263746505124
  },
  "family": "cross_asset_regime",
  "hypothesis_id": "H79",
  "stress": {
    "bps12": {
      "baseline": {
        "mean": 0.00178034225494131,
        "mean_ci_high": 0.0024603326828209083,
        "mean_ci_low": 0.0011434588143066876,
        "n": 326,
        "p_mean_gt_0": 1.0,
        "std": 0.006002095740676018,
        "win_rate": 0.5736196319018405
      },
      "cost": 0.0012,
      "diagnostics": {
        "mae_proxy_median": -0.0007908960422250977,
        "median_hold_return": 0.0007929187728671139,
        "return_histogram_bins": [
          "(-inf,-1%)",
          "[-1%,-0.5%)",
          "[-0.5%,-0.2%)",
          "[-0.2%,0%)",
          "[0%,0.2%)",
          "[0.2%,0.5%)",
          "[0.5%,1%)",
          "[1%,inf)"
        ],
        "return_histogram_counts": [
          4,
          18,
          44,
          73,
          64,
          54,
          41,
          28
        ],
        "top10_pct_pnl_contribution": 0.8204015075108664,
        "trades_per_day": 1.8229263746505124
      },
      "wf": {
        "aggregate": {
          "mean": 0.0015903163752861032,
          "mean_ci_high": 0.0024649396305698457,
          "mean_ci_low": 0.0006814392527400282,
          "n": 194,
          "p_mean_gt_0": 1.0
        },
        "folds": [
          {
            "fold_id": 1,
            "mean": 0.0016160744931723872,
            "n": 25,
            "test_end": "2025-11-06T00:00:00+00:00",
            "test_start": "2025-10-22T00:00:00+00:00"
          },
          {
            "fold_id": 2,
            "mean": 0.0017178999916053648,
            "n": 29,
            "test_end": "2025-11-21T00:00:00+00:00",
            "test_start": "2025-11-06T00:00:00+00:00"
          },
          {
            "fold_id": 3,
            "mean": 0.002425659450579368,
            "n": 34,
            "test_end": "2025-12-06T00:00:00+00:00",
            "test_start": "2025-11-21T00:00:00+00:00"
          },
          {
            "fold_id": 4,
            "mean": 0.004540828316427977,
            "n": 29,
            "test_end": "2025-12-21T00:00:00+00:00",
            "test_start": "2025-12-06T00:00:00+00:00"
          },
          {
            "fold_id": 5,
            "mean": 0.00046504542865447387,
            "n": 34,
            "test_end": "2026-01-05T00:00:00+00:00",
            "test_start": "2025-12-21T00:00:00+00:00"
          },
          {
            "fold_id": 6,
            "mean": 0.000450962322051356,
            "n": 21,
            "test_end": "2026-01-20T00:00:00+00:00",
            "test_start": "2026-01-05T00:00:00+00:00"
          },
          {
            "fold_id": 7,
            "mean": -0.000960808232445533,
            "n": 22,
            "test_end": "2026-02-04T00:00:00+00:00",
            "test_start": "2026-01-20T00:00:00+00:00"
          }
        ],
        "positive_folds": {
          "count": 6,
          "pct": 85.71428571428571,
          "total": 7
        },
        "split": {
          "step_days": 15,
          "test_days": 15,
          "train_days": 60
        }
      }
    },
    "bps15": {
      "baseline": {
        "mean": 0.0014803422549413095,
        "mean_ci_high": 0.0021603326828209084,
        "mean_ci_low": 0.0008434588143066875,
        "n": 326,
        "p_mean_gt_0": 1.0,
        "std": 0.006002095740676018,
        "win_rate": 0.5460122699386503
      },
      "cost": 0.0015,
      "diagnostics": {
        "mae_proxy_median": -0.0007908960422250977,
        "median_hold_return": 0.0004929187728671138,
        "return_histogram_bins": [
          "(-inf,-1%)",
          "[-1%,-0.5%)",
          "[-0.5%,-0.2%)",
          "[-0.2%,0%)",
          "[0%,0.2%)",
          "[0.2%,0.5%)",
          "[0.5%,1%)",
          "[1%,inf)"
        ],
        "return_histogram_counts": [
          4,
          18,
          54,
          72,
          63,
          49,
          41,
          25
        ],
        "top10_pct_pnl_contribution": 0.9661464211438996,
        "trades_per_day": 1.8229263746505124
      },
      "wf": {
        "aggregate": {
          "mean": 0.0012903163752861027,
          "mean_ci_high": 0.0021649396305698453,
          "mean_ci_low": 0.0003814392527400275,
          "n": 194,
          "p_mean_gt_0": 0.9973333333333333
        },
        "folds": [
          {
            "fold_id": 1,
            "mean": 0.001316074493172387,
            "n": 25,
            "test_end": "2025-11-06T00:00:00+00:00",
            "test_start": "2025-10-22T00:00:00+00:00"
          },
          {
            "fold_id": 2,
            "mean": 0.0014178999916053645,
            "n": 29,
            "test_end": "2025-11-21T00:00:00+00:00",
            "test_start": "2025-11-06T00:00:00+00:00"
          },
          {
            "fold_id": 3,
            "mean": 0.002125659450579368,
            "n": 34,
            "test_end": "2025-12-06T00:00:00+00:00",
            "test_start": "2025-11-21T00:00:00+00:00"
          },
          {
            "fold_id": 4,
            "mean": 0.004240828316427977,
            "n": 29,
            "test_end": "2025-12-21T00:00:00+00:00",
            "test_start": "2025-12-06T00:00:00+00:00"
          },
          {
            "fold_id": 5,
            "mean": 0.00016504542865447384,
            "n": 34,
            "test_end": "2026-01-05T00:00:00+00:00",
            "test_start": "2025-12-21T00:00:00+00:00"
          },
          {
            "fold_id": 6,
            "mean": 0.00015096232205135583,
            "n": 21,
            "test_end": "2026-01-20T00:00:00+00:00",
            "test_start": "2026-01-05T00:00:00+00:00"
          },
          {
            "fold_id": 7,
            "mean": -0.001260808232445533,
            "n": 22,
            "test_end": "2026-02-04T00:00:00+00:00",
            "test_start": "2026-01-20T00:00:00+00:00"
          }
        ],
        "positive_folds": {
          "count": 6,
          "pct": 85.71428571428571,
          "total": 7
        },
        "split": {
          "step_days": 15,
          "test_days": 15,
          "train_days": 60
        }
      }
    }
  },
  "timestamp_utc": "2026-02-19T04:57:21+00:00",
  "wf": {
    "aggregate": {
      "mean": 0.0019903163752861028,
      "mean_ci_high": 0.0028649396305698463,
      "mean_ci_low": 0.0010814392527400275,
      "n": 194,
      "p_mean_gt_0": 1.0
    },
    "folds": [
      {
        "fold_id": 1,
        "mean": 0.0020160744931723863,
        "n": 25,
        "test_end": "2025-11-06T00:00:00+00:00",
        "test_start": "2025-10-22T00:00:00+00:00"
      },
      {
        "fold_id": 2,
        "mean": 0.002117899991605364,
        "n": 29,
        "test_end": "2025-11-21T00:00:00+00:00",
        "test_start": "2025-11-06T00:00:00+00:00"
      },
      {
        "fold_id": 3,
        "mean": 0.0028256594505793684,
        "n": 34,
        "test_end": "2025-12-06T00:00:00+00:00",