{
  "baseline": {
    "bps10": {
      "mean": 0.0016970627187120927,
      "mean_ci_high": 0.0025193408728439288,
      "mean_ci_low": 0.0009256258707396418,
      "n": 111,
      "p_mean_gt_0": 1.0,
      "std": 0.004228050156584475,
      "win_rate": 0.5945945945945946
    },
    "bps8": {
      "mean": 0.001897062718712093,
      "mean_ci_high": 0.0027193408728439276,
      "mean_ci_low": 0.0011256258707396426,
      "n": 111,
      "p_mean_gt_0": 1.0,
      "std": 0.004228050156584476,
      "win_rate": 0.6396396396396397
    },
    "gross": {
      "mean": 0.002697062718712093,
      "mean_ci_high": 0.0035193408728439297,
      "mean_ci_low": 0.0019256258707396423,
      "n": 111,
      "p_mean_gt_0": 1.0,
      "std": 0.004228050156584476,
      "win_rate": 0.7477477477477478
    }
  },
  "config": {
    "bootstrap_iters": 3000,
    "cost_mode": "all",
    "days": 180,
    "horizon": 8,
    "timeframe": "5m",
    "wf": {
      "step_days": 15,
      "test_days": 15,
      "train_days": 60
    }
  },
  "diagnostics_by_mode": {
    "bps10": {
      "mae_proxy_median": null,
      "median_hold_return": 0.0006710459765579832,
      "return_histogram_bins": [
        "(-inf,-1%)",
        "[-1%,-0.5%)",
        "[-0.5%,-0.2%)",
        "[-0.2%,0%)",
        "[0%,0.2%)",
        "[0.2%,0.5%)",
        "[0.5%,1%)",
        "[1%,inf)"
      ],
      "return_histogram_counts": [
        0,
        2,
        12,
        31,
        26,
        25,
        9,
        6
      ],
      "top10_pct_pnl_contribution": 0.7187636944294887,
      "trades_per_day": 0.6198231735691019
    },
    "bps8": {
      "mae_proxy_median": null,
      "median_hold_return": 0.0008710459765579832,
      "return_histogram_bins": [
        "(-inf,-1%)",
        "[-1%,-0.5%)",
        "[-0.5%,-0.2%)",
        "[-0.2%,0%)",
        "[0%,0.2%)",
        "[0.2%,0.5%)",
        "[0.5%,1%)",
        "[1%,inf)"
      ],
      "return_histogram_counts": [
        0,
        2,
        9,
        29,
        30,
        26,
        8,
        7
      ],
      "top10_pct_pnl_contribution": 0.654384633020707,
      "trades_per_day": 0.6198231735691019
    },
    "gross": {
      "mae_proxy_median": null,
      "median_hold_return": 0.0016710459765579833,
      "return_histogram_bins": [
        "(-inf,-1%)",
        "[-1%,-0.5%)",
        "[-0.5%,-0.2%)",
        "[-0.2%,0%)",
        "[0%,0.2%)",
        "[0.2%,0.5%)",
        "[0.5%,1%)",
        "[1%,inf)"
      ],
      "return_histogram_counts": [
        0,
        0,
        7,
        21,
        35,
        29,
        11,
        8
      ],
      "top10_pct_pnl_contribution": 0.4923486459084879,
      "trades_per_day": 0.6198231735691019
    }
  },
  "family": "cross_asset_regime",
  "hypothesis_id": "H81",
  "timestamp_utc": "2026-02-23T06:27:34+00:00",
  "wf_by_mode": {
    "bps10": {
      "aggregate": {
        "mean": 0.002326996821048556,
        "mean_ci_high": 0.0035688020370045325,
        "mean_ci_low": 0.0012519580121503609,
        "n": 58,
        "p_mean_gt_0": 1.0
      },
      "folds": [
        {
          "fold_id": 1,
          "mean": 0.0004972048618523256,
          "n": 7,
          "test_end": "2025-11-10T00:00:00+00:00",
          "test_start": "2025-10-26T00:00:00+00:00"
        },
        {
          "fold_id": 2,
          "mean": 0.005681132050317473,
          "n": 10,
          "test_end": "2025-11-25T00:00:00+00:00",
          "test_start": "2025-11-10T00:00:00+00:00"
        },
        {
          "fold_id": 3,
          "mean": 0.002061849624792881,
          "n": 7,
          "test_end": "2025-12-10T00:00:00+00:00",
          "test_start": "2025-11-25T00:00:00+00:00"
        },
        {
          "fold_id": 4,
          "mean": 0.0032023636752436745,
          "n": 9,
          "test_end": "2025-12-25T00:00:00+00:00",
          "test_start": "2025-12-10T00:00:00+00:00"
        },
        {
          "fold_id": 5,
          "mean": 0.0011306965760545062,
          "n": 9,
          "test_end": "2026-01-09T00:00:00+00:00",
          "test_start": "2025-12-25T00:00:00+00:00"
        },
        {
          "fold_id": 6,
          "mean": 0.0008868615863248825,
          "n": 9,
          "test_end": "2026-01-24T00:00:00+00:00",
          "test_start": "2026-01-09T00:00:00+00:00"
        },
        {
          "fold_id": 7,
          "mean": 0.0018945453103596452,
          "n": 7,
          "test_end": "2026-02-08T00:00:00+00:00",
          "test_start": "2026-01-24T00:00:00+00:00"
        }
      ],
      "positive_folds": {
        "count": 7,
        "pct": 100.0,
        "total": 7
      },
      "split": {
        "step_days": 15,
        "test_days": 15,
        "train_days": 60
      }
    },
    "bps8": {
      "aggregate": {
        "mean": 0.0025269968210485565,
        "mean_ci_high": 0.003768802037004533,
        "mean_ci_low": 0.0014519580121503612,
        "n": 58,
        "p_mean_gt_0": 1.0
      },
      "folds": [
        {
          "fold_id": 1,
          "mean": 0.0006972048618523255,
          "n": 7,
          "test_end": "2025-11-10T00:00:00+00:00",
          "test_start": "2025-10-26T00:00:00+00:00"
        },
        {
          "fold_id": 2,
          "mean": 0.005881132050317472,
          "n": 10,
          "test_end": "2025-11-25T00:00:00+00:00",
          "test_start": "2025-11-10T00:00:00+00:00"
        },
        {
          "fold_id": 3,
          "mean": 0.0022618496247928813,
          "n": 7,
          "test_end": "2025-12-10T00:00:00+00:00",
          "test_start": "2025-11-25T00:00:00+00:00"
        },
        {
          "fold_id": 4,
          "mean": 0.003402363675243675,
          "n": 9,
          "test_end": "2025-12-25T00:00:00+00:00",
          "test_start": "2025-12-10T00:00:00+00:00"
        },
        {
          "fold_id": 5,
          "mean": 0.0013306965760545063,
          "n": 9,
          "test_end": "2026-01-09T00:00:00+00:00",
          "test_start": "2025-12-25T00:00:00+00:00"
        },
        {
          "fold_id": 6,
          "mean": 0.0010868615863248827,
          "n": 9,
          "test_end": "2026-01-24T00:00:00+00:00",
          "test_start": "2026-01-09T00:00:00+00:00"
        },
        {
          "fold_id": 7,
          "mean": 0.002094545310359645,
          "n": 7,
          "test_end": "2026-02-08T00:00:00+00:00",
          "test_start": "2026-01-24T00:00:00+00:00"
        }
      ],
      "positive_folds": {
        "count": 7,
        "pct": 100.0,
        "total": 7
      },
      "split": {
        "step_days": 15,
        "test_days": 15,
        "train_days": 60
      }
    },
    "gross": {
      "aggregate": {
        "mean": 0.0033269968210485564,
        "mean_ci_high": 0.0045688020370045325,
        "mean_ci_low": 0.0022519580121503607,
        "n": 58,
        "p_mean_gt_0": 1.0
      },
      "folds": [
        {
          "fold_id": 1,
          "mean": 0.0014972048618523256,
          "n": 7,
          "test_end": "2025-11-10T00:00:00+00:00",
          "test_start": "2025-10-26T00:00:00+00:00"
        },
        {
          "fold_id": 2,
          "mean": 0.0066811320503174735,
          "n": 10,
          "test_end": "2025-11-25T00:00:00+00:00",
          "test_start": "2025-11-10T00:00:00+00:00"
        },
        {
          "fold_id": 3,
          "mean": 0.0030618496247928817,
          "n": 7,
          "test_end": "2025-12-10T00:00:00+00:00",
          "test_start": "2025-11-25T00:00:00+00:00"
        },
        {
          "fold_id": 4,
          "mean": 0.004202363675243675,
          "n": 9,
          "test_end": "2025-12-25T00:00:00+00:00",
          "test_start": "2025-12-10T00:00:00+00:00"
        },
        {
          "fold_id": 5,
          "mean": 0.0021306965760545062,
          "n": 9,
          "test_end": "2026-01-09T00:00:00+00:00",
          "test_start": "2025-12-25T00:00:00+00:00"
        },
        {
          "fold_id": 6,
          "mean": 0.0018868615863248826,