{
  "baseline": {
    "bps10": {
      "mean": 0.0014127379597716893,
      "mean_ci_high": 0.0023500430118100404,
      "mean_ci_low": 0.0005658585802711493,
      "n": 110,
      "p_mean_gt_0": 1.0,
      "std": 0.004627474834391152,
      "win_rate": 0.5454545454545454
    },
    "bps8": {
      "mean": 0.0016127379597716898,
      "mean_ci_high": 0.00255004301181004,
      "mean_ci_low": 0.0007658585802711498,
      "n": 110,
      "p_mean_gt_0": 1.0,
      "std": 0.004627474834391153,
      "win_rate": 0.5727272727272728
    },
    "gross": {
      "mean": 0.0024127379597716895,
      "mean_ci_high": 0.0033500430118100413,
      "mean_ci_low": 0.0015658585802711493,
      "n": 110,
      "p_mean_gt_0": 1.0,
      "std": 0.004627474834391152,
      "win_rate": 0.7
    }
  },
  "config": {
    "bootstrap_iters": 3000,
    "cost_mode": "all",
    "days": 180,
    "horizon": 8,
    "timeframe": "5m",
    "wf": {
      "step_days": 15,
      "test_days": 15,
      "train_days": 60
    }
  },
  "diagnostics_by_mode": {
    "bps10": {
      "mae_proxy_median": null,
      "median_hold_return": 0.0005061511116936099,
      "return_histogram_bins": [
        "(-inf,-1%)",
        "[-1%,-0.5%)",
        "[-0.5%,-0.2%)",
        "[-0.2%,0%)",
        "[0%,0.2%)",
        "[0.2%,0.5%)",
        "[0.5%,1%)",
        "[1%,inf)"
      ],
      "return_histogram_counts": [
        0,
        4,
        12,
        34,
        26,
        16,
        11,
        7
      ],
      "top10_pct_pnl_contribution": 0.8433704651687992,
      "trades_per_day": 0.6181222196206977
    },
    "bps8": {
      "mae_proxy_median": null,
      "median_hold_return": 0.0007061511116936099,
      "return_histogram_bins": [
        "(-inf,-1%)",
        "[-1%,-0.5%)",
        "[-0.5%,-0.2%)",
        "[-0.2%,0%)",
        "[0%,0.2%)",
        "[0.2%,0.5%)",
        "[0.5%,1%)",
        "[1%,inf)"
      ],
      "return_histogram_counts": [
        0,
        3,
        13,
        31,
        25,
        19,
        12,
        7
      ],
      "top10_pct_pnl_contribution": 0.7511830815129897,
      "trades_per_day": 0.6181222196206977
    },
    "gross": {
      "mae_proxy_median": null,
      "median_hold_return": 0.00150615111169361,
      "return_histogram_bins": [
        "(-inf,-1%)",
        "[-1%,-0.5%)",
        "[-0.5%,-0.2%)",
        "[-0.2%,0%)",
        "[0%,0.2%)",
        "[0.2%,0.5%)",
        "[0.5%,1%)",
        "[1%,inf)"
      ],
      "return_histogram_counts": [
        0,
        2,
        12,
        19,
        32,
        24,
        13,
        8
      ],
      "top10_pct_pnl_contribution": 0.5352680199123145,
      "trades_per_day": 0.6181222196206977
    }
  },
  "family": "cross_asset_regime",
  "hypothesis_id": "H82",
  "timestamp_utc": "2026-02-23T06:45:45+00:00",
  "wf_by_mode": {
    "bps10": {
      "aggregate": {
        "mean": 0.0017415316144072353,
        "mean_ci_high": 0.0029281609792647253,
        "mean_ci_low": 0.0006112589533660562,
        "n": 68,
        "p_mean_gt_0": 0.9993333333333333
      },
      "folds": [
        {
          "fold_id": 1,
          "mean": 0.001049814835860572,
          "n": 8,
          "test_end": "2025-11-10T00:00:00+00:00",
          "test_start": "2025-10-26T00:00:00+00:00"
        },
        {
          "fold_id": 2,
          "mean": 0.00199154724572002,
          "n": 6,
          "test_end": "2025-11-25T00:00:00+00:00",
          "test_start": "2025-11-10T00:00:00+00:00"
        },
        {
          "fold_id": 3,
          "mean": 0.002742012136366116,
          "n": 11,
          "test_end": "2025-12-10T00:00:00+00:00",
          "test_start": "2025-11-25T00:00:00+00:00"
        },
        {
          "fold_id": 4,
          "mean": 0.001302785951709185,
          "n": 10,
          "test_end": "2025-12-25T00:00:00+00:00",
          "test_start": "2025-12-10T00:00:00+00:00"
        },
        {
          "fold_id": 5,
          "mean": 0.0015399979587942105,
          "n": 7,
          "test_end": "2026-01-09T00:00:00+00:00",
          "test_start": "2025-12-25T00:00:00+00:00"
        },
        {
          "fold_id": 6,
          "mean": 0.0015607630966552495,
          "n": 15,
          "test_end": "2026-01-24T00:00:00+00:00",
          "test_start": "2026-01-09T00:00:00+00:00"
        },
        {
          "fold_id": 7,
          "mean": 0.0018813565854527226,
          "n": 11,
          "test_end": "2026-02-08T00:00:00+00:00",
          "test_start": "2026-01-24T00:00:00+00:00"
        }
      ],
      "positive_folds": {
        "count": 7,
        "pct": 100.0,
        "total": 7
      },
      "split": {
        "step_days": 15,
        "test_days": 15,
        "train_days": 60
      }
    },
    "bps8": {
      "aggregate": {
        "mean": 0.0019415316144072354,
        "mean_ci_high": 0.0031281609792647254,
        "mean_ci_low": 0.000811258953366056,
        "n": 68,
        "p_mean_gt_0": 1.0
      },
      "folds": [
        {
          "fold_id": 1,
          "mean": 0.001249814835860572,
          "n": 8,
          "test_end": "2025-11-10T00:00:00+00:00",
          "test_start": "2025-10-26T00:00:00+00:00"
        },
        {
          "fold_id": 2,
          "mean": 0.00219154724572002,
          "n": 6,
          "test_end": "2025-11-25T00:00:00+00:00",
          "test_start": "2025-11-10T00:00:00+00:00"
        },
        {
          "fold_id": 3,
          "mean": 0.0029420121363661175,
          "n": 11,
          "test_end": "2025-12-10T00:00:00+00:00",
          "test_start": "2025-11-25T00:00:00+00:00"
        },
        {
          "fold_id": 4,
          "mean": 0.0015027859517091852,
          "n": 10,
          "test_end": "2025-12-25T00:00:00+00:00",
          "test_start": "2025-12-10T00:00:00+00:00"
        },
        {
          "fold_id": 5,
          "mean": 0.0017399979587942108,
          "n": 7,
          "test_end": "2026-01-09T00:00:00+00:00",
          "test_start": "2025-12-25T00:00:00+00:00"
        },
        {
          "fold_id": 6,
          "mean": 0.0017607630966552503,
          "n": 15,
          "test_end": "2026-01-24T00:00:00+00:00",
          "test_start": "2026-01-09T00:00:00+00:00"
        },
        {
          "fold_id": 7,
          "mean": 0.0020813565854527235,
          "n": 11,
          "test_end": "2026-02-08T00:00:00+00:00",
          "test_start": "2026-01-24T00:00:00+00:00"
        }
      ],
      "positive_folds": {
        "count": 7,
        "pct": 100.0,
        "total": 7
      },
      "split": {
        "step_days": 15,
        "test_days": 15,
        "train_days": 60
      }
    },
    "gross": {
      "aggregate": {
        "mean": 0.0027415316144072353,
        "mean_ci_high": 0.003928160979264726,
        "mean_ci_low": 0.0016112589533660562,
        "n": 68,
        "p_mean_gt_0": 1.0
      },
      "folds": [
        {
          "fold_id": 1,
          "mean": 0.0020498148358605722,
          "n": 8,
          "test_end": "2025-11-10T00:00:00+00:00",
          "test_start": "2025-10-26T00:00:00+00:00"
        },
        {
          "fold_id": 2,
          "mean": 0.00299154724572002,
          "n": 6,
          "test_end": "2025-11-25T00:00:00+00:00",
          "test_start": "2025-11-10T00:00:00+00:00"
        },
        {
          "fold_id": 3,
          "mean": 0.003742012136366117,
          "n": 11,
          "test_end": "2025-12-10T00:00:00+00:00",
          "test_start": "2025-11-25T00:00:00+00:00"
        },
        {
          "fold_id": 4,
          "mean": 0.0023027859517091853,
          "n": 10,
          "test_end": "2025-12-25T00:00:00+00:00",
          "test_start": "2025-12-10T00:00:00+00:00"
        },
        {
          "fold_id": 5,
          "mean": 0.0025399979587942107,
          "n": 7,
          "test_end": "2026-01-09T00:00:00+00:00",
          "test_start": "2025-12-25T00:00:00+00:00"
        },
        {
          "fold_id": 6,
          "mean": 0.0025607630966552495,