{
  "baseline": {
    "bps10": {
      "mean": 0.0024374452251108834,
      "mean_ci_high": 0.003690570820895112,
      "mean_ci_low": 0.0012400727853298266,
      "n": 110,
      "p_mean_gt_0": 1.0,
      "std": 0.006732044707150685,
      "win_rate": 0.6363636363636364
    },
    "bps8": {
      "mean": 0.002637445225110882,
      "mean_ci_high": 0.0038905708208951117,
      "mean_ci_low": 0.0014400727853298271,
      "n": 110,
      "p_mean_gt_0": 1.0,
      "std": 0.006732044707150685,
      "win_rate": 0.6454545454545455
    },
    "gross": {
      "mean": 0.0034374452251108843,
      "mean_ci_high": 0.004690570820895113,
      "mean_ci_low": 0.002240072785329827,
      "n": 110,
      "p_mean_gt_0": 1.0,
      "std": 0.006732044707150685,
      "win_rate": 0.7454545454545455
    }
  },
  "config": {
    "bootstrap_iters": 3000,
    "cost_mode": "all",
    "days": 180,
    "horizon": 8,
    "timeframe": "5m",
    "wf": {
      "step_days": 15,
      "test_days": 15,
      "train_days": 60
    }
  },
  "diagnostics_by_mode": {
    "bps10": {
      "mae_proxy_median": null,
      "median_hold_return": 0.0013426528361594756,
      "return_histogram_bins": [
        "(-inf,-1%)",
        "[-1%,-0.5%)",
        "[-0.5%,-0.2%)",
        "[-0.2%,0%)",
        "[0%,0.2%)",
        "[0.2%,0.5%)",
        "[0.5%,1%)",
        "[1%,inf)"
      ],
      "return_histogram_counts": [
        2,
        4,
        14,
        20,
        26,
        19,
        13,
        12
      ],
      "top10_pct_pnl_contribution": 0.6682348979852052,
      "trades_per_day": 0.6184118060435699
    },
    "bps8": {
      "mae_proxy_median": null,
      "median_hold_return": 0.0015426528361594757,
      "return_histogram_bins": [
        "(-inf,-1%)",
        "[-1%,-0.5%)",
        "[-0.5%,-0.2%)",
        "[-0.2%,0%)",
        "[0%,0.2%)",
        "[0.2%,0.5%)",
        "[0.5%,1%)",
        "[1%,inf)"
      ],
      "return_histogram_counts": [
        2,
        3,
        12,
        22,
        24,
        21,
        13,
        13
      ],
      "top10_pct_pnl_contribution": 0.6251451008910258,
      "trades_per_day": 0.6184118060435699
    },
    "gross": {
      "mae_proxy_median": null,
      "median_hold_return": 0.0023426528361594756,
      "return_histogram_bins": [
        "(-inf,-1%)",
        "[-1%,-0.5%)",
        "[-0.5%,-0.2%)",
        "[-0.2%,0%)",
        "[0%,0.2%)",
        "[0.2%,0.5%)",
        "[0.5%,1%)",
        "[1%,inf)"
      ],
      "return_histogram_counts": [
        2,
        3,
        7,
        16,
        21,
        28,
        16,
        17
      ],
      "top10_pct_pnl_contribution": 0.5029275662976507,
      "trades_per_day": 0.6184118060435699
    }
  },
  "family": "cross_asset_regime",
  "hypothesis_id": "H84",
  "timestamp_utc": "2026-02-23T06:45:52+00:00",
  "wf_by_mode": {
    "bps10": {
      "aggregate": {
        "mean": 0.0021262373677891403,
        "mean_ci_high": 0.003948528611010442,
        "mean_ci_low": 0.00035530597948139355,
        "n": 63,
        "p_mean_gt_0": 0.9916666666666667
      },
      "folds": [
        {
          "fold_id": 1,
          "mean": 0.0027893234137329635,
          "n": 7,
          "test_end": "2025-11-11T00:00:00+00:00",
          "test_start": "2025-10-27T00:00:00+00:00"
        },
        {
          "fold_id": 2,
          "mean": 0.0008922244541025385,
          "n": 14,
          "test_end": "2025-11-26T00:00:00+00:00",
          "test_start": "2025-11-11T00:00:00+00:00"
        },
        {
          "fold_id": 3,
          "mean": 0.003224405153727367,
          "n": 13,
          "test_end": "2025-12-11T00:00:00+00:00",
          "test_start": "2025-11-26T00:00:00+00:00"
        },
        {
          "fold_id": 4,
          "mean": 0.0059666336896457145,
          "n": 8,
          "test_end": "2025-12-26T00:00:00+00:00",
          "test_start": "2025-12-11T00:00:00+00:00"
        },
        {
          "fold_id": 5,
          "mean": 0.0012604938709262915,
          "n": 8,
          "test_end": "2026-01-10T00:00:00+00:00",
          "test_start": "2025-12-26T00:00:00+00:00"
        },
        {
          "fold_id": 6,
          "mean": 3.4278876195689645e-05,
          "n": 6,
          "test_end": "2026-01-25T00:00:00+00:00",
          "test_start": "2026-01-10T00:00:00+00:00"
        },
        {
          "fold_id": 7,
          "mean": 0.000285226739563375,
          "n": 7,
          "test_end": "2026-02-09T00:00:00+00:00",
          "test_start": "2026-01-25T00:00:00+00:00"
        }
      ],
      "positive_folds": {
        "count": 7,
        "pct": 100.0,
        "total": 7
      },
      "split": {
        "step_days": 15,
        "test_days": 15,
        "train_days": 60
      }
    },
    "bps8": {
      "aggregate": {
        "mean": 0.0023262373677891413,
        "mean_ci_high": 0.004148528611010439,
        "mean_ci_low": 0.0005553059794813939,
        "n": 63,
        "p_mean_gt_0": 0.995
      },
      "folds": [
        {
          "fold_id": 1,
          "mean": 0.0029893234137329636,
          "n": 7,
          "test_end": "2025-11-11T00:00:00+00:00",
          "test_start": "2025-10-27T00:00:00+00:00"
        },
        {
          "fold_id": 2,
          "mean": 0.0010922244541025398,
          "n": 14,
          "test_end": "2025-11-26T00:00:00+00:00",
          "test_start": "2025-11-11T00:00:00+00:00"
        },
        {
          "fold_id": 3,
          "mean": 0.0034244051537273674,
          "n": 13,
          "test_end": "2025-12-11T00:00:00+00:00",
          "test_start": "2025-11-26T00:00:00+00:00"
        },
        {
          "fold_id": 4,
          "mean": 0.006166633689645714,
          "n": 8,
          "test_end": "2025-12-26T00:00:00+00:00",
          "test_start": "2025-12-11T00:00:00+00:00"
        },
        {
          "fold_id": 5,
          "mean": 0.0014604938709262916,
          "n": 8,
          "test_end": "2026-01-10T00:00:00+00:00",
          "test_start": "2025-12-26T00:00:00+00:00"
        },
        {
          "fold_id": 6,
          "mean": 0.00023427887619568974,
          "n": 6,
          "test_end": "2026-01-25T00:00:00+00:00",
          "test_start": "2026-01-10T00:00:00+00:00"
        },
        {
          "fold_id": 7,
          "mean": 0.0004852267395633751,
          "n": 7,
          "test_end": "2026-02-09T00:00:00+00:00",
          "test_start": "2026-01-25T00:00:00+00:00"
        }
      ],
      "positive_folds": {
        "count": 7,
        "pct": 100.0,
        "total": 7
      },
      "split": {
        "step_days": 15,
        "test_days": 15,
        "train_days": 60
      }
    },
    "gross": {
      "aggregate": {
        "mean": 0.003126237367789141,
        "mean_ci_high": 0.0049485286110104425,
        "mean_ci_low": 0.001355305979481394,
        "n": 63,
        "p_mean_gt_0": 1.0
      },
      "folds": [
        {
          "fold_id": 1,
          "mean": 0.003789323413732964,
          "n": 7,
          "test_end": "2025-11-11T00:00:00+00:00",
          "test_start": "2025-10-27T00:00:00+00:00"
        },
        {
          "fold_id": 2,
          "mean": 0.0018922244541025393,
          "n": 14,
          "test_end": "2025-11-26T00:00:00+00:00",
          "test_start": "2025-11-11T00:00:00+00:00"
        },
        {
          "fold_id": 3,
          "mean": 0.004224405153727368,
          "n": 13,
          "test_end": "2025-12-11T00:00:00+00:00",
          "test_start": "2025-11-26T00:00:00+00:00"
        },
        {
          "fold_id": 4,
          "mean": 0.006966633689645715,
          "n": 8,
          "test_end": "2025-12-26T00:00:00+00:00",
          "test_start": "2025-12-11T00:00:00+00:00"
        },
        {
          "fold_id": 5,
          "mean": 0.0022604938709262917,
          "n": 8,
          "test_end": "2026-01-10T00:00:00+00:00",
          "test_start": "2025-12-26T00:00:00+00:00"
        },
        {
          "fold_id": 6,