{
  "baseline": {
    "bps10": {
      "mean": 0.0028238878629245553,
      "mean_ci_high": 0.0037291517453969312,
      "mean_ci_low": 0.0019369025968574713,
      "n": 255,
      "p_mean_gt_0": 1.0,
      "std": 0.00708272001511609,
      "win_rate": 0.6509803921568628
    },
    "bps8": {
      "mean": 0.0030238878629245563,
      "mean_ci_high": 0.003929151745396933,
      "mean_ci_low": 0.0021369025968574723,
      "n": 255,
      "p_mean_gt_0": 1.0,
      "std": 0.0070827200151160905,
      "win_rate": 0.6666666666666666
    },
    "gross": {
      "mean": 0.0038238878629245562,
      "mean_ci_high": 0.0047291517453969326,
      "mean_ci_low": 0.002936902596857472,
      "n": 255,
      "p_mean_gt_0": 1.0,
      "std": 0.0070827200151160905,
      "win_rate": 0.7333333333333333
    }
  },
  "config": {
    "bootstrap_iters": 3000,
    "cost_mode": "all",
    "days": 365,
    "horizon": 8,
    "timeframe": "5m",
    "wf": {
      "step_days": 15,
      "test_days": 15,
      "train_days": 60
    }
  },
  "diagnostics_by_mode": {
    "bps10": {
      "mae_proxy_median": null,
      "median_hold_return": 0.0015617682552454557,
      "return_histogram_bins": [
        "(-inf,-1%)",
        "[-1%,-0.5%)",
        "[-0.5%,-0.2%)",
        "[-0.2%,0%)",
        "[0%,0.2%)",
        "[0.2%,0.5%)",
        "[0.5%,1%)",
        "[1%,inf)"
      ],
      "return_histogram_counts": [
        3,
        12,
        33,
        41,
        52,
        40,
        43,
        31
      ],
      "top10_pct_pnl_contribution": 0.6199980291555947,
      "trades_per_day": 0.7005494505494505
    },
    "bps8": {
      "mae_proxy_median": null,
      "median_hold_return": 0.0017617682552454558,
      "return_histogram_bins": [
        "(-inf,-1%)",
        "[-1%,-0.5%)",
        "[-0.5%,-0.2%)",
        "[-0.2%,0%)",
        "[0%,0.2%)",
        "[0.2%,0.5%)",
        "[0.5%,1%)",
        "[1%,inf)"
      ],
      "return_histogram_counts": [
        3,
        11,
        30,
        41,
        50,
        44,
        44,
        32
      ],
      "top10_pct_pnl_contribution": 0.5857350360602851,
      "trades_per_day": 0.7005494505494505
    },
    "gross": {
      "mae_proxy_median": null,
      "median_hold_return": 0.0025617682552454557,
      "return_histogram_bins": [
        "(-inf,-1%)",
        "[-1%,-0.5%)",
        "[-0.5%,-0.2%)",
        "[-0.2%,0%)",
        "[0%,0.2%)",
        "[0.2%,0.5%)",
        "[0.5%,1%)",
        "[1%,inf)"
      ],
      "return_histogram_counts": [
        3,
        8,
        22,
        35,
        44,
        54,
        50,
        39
      ],
      "top10_pct_pnl_contribution": 0.4845240656367826,
      "trades_per_day": 0.7005494505494505
    }
  },
  "family": "cross_asset_regime",
  "hypothesis_id": "H84",
  "timestamp_utc": "2026-02-23T06:52:48+00:00",
  "wf_by_mode": {
    "bps10": {
      "aggregate": {
        "mean": 0.0027186928791925213,
        "mean_ci_high": 0.003715346595534766,
        "mean_ci_low": 0.0017678307315360199,
        "n": 192,
        "p_mean_gt_0": 1.0
      },
      "folds": [
        {
          "fold_id": 1,
          "mean": 0.0025265235179266826,
          "n": 10,
          "test_end": "2025-05-09T00:00:00+00:00",
          "test_start": "2025-04-24T00:00:00+00:00"
        },
        {
          "fold_id": 2,
          "mean": -0.00015166845553389463,
          "n": 13,
          "test_end": "2025-05-24T00:00:00+00:00",
          "test_start": "2025-05-09T00:00:00+00:00"
        },
        {
          "fold_id": 3,
          "mean": 0.0021024677390992235,
          "n": 12,
          "test_end": "2025-06-08T00:00:00+00:00",
          "test_start": "2025-05-24T00:00:00+00:00"
        },
        {
          "fold_id": 4,
          "mean": 0.0030844448703830746,
          "n": 10,
          "test_end": "2025-06-23T00:00:00+00:00",
          "test_start": "2025-06-08T00:00:00+00:00"
        },
        {
          "fold_id": 5,
          "mean": 0.0002658474980125067,
          "n": 11,
          "test_end": "2025-07-08T00:00:00+00:00",
          "test_start": "2025-06-23T00:00:00+00:00"
        },
        {
          "fold_id": 6,
          "mean": 0.004910955570270882,
          "n": 4,
          "test_end": "2025-07-23T00:00:00+00:00",
          "test_start": "2025-07-08T00:00:00+00:00"
        },
        {
          "fold_id": 7,
          "mean": 0.0023970579323347157,
          "n": 13,
          "test_end": "2025-08-07T00:00:00+00:00",
          "test_start": "2025-07-23T00:00:00+00:00"
        },
        {
          "fold_id": 8,
          "mean": 0.008217990537324452,
          "n": 9,
          "test_end": "2025-08-22T00:00:00+00:00",
          "test_start": "2025-08-07T00:00:00+00:00"
        },
        {
          "fold_id": 9,
          "mean": 0.004120016744651884,
          "n": 14,
          "test_end": "2025-09-06T00:00:00+00:00",
          "test_start": "2025-08-22T00:00:00+00:00"
        },
        {
          "fold_id": 10,
          "mean": 0.002466954648064727,
          "n": 7,
          "test_end": "2025-09-21T00:00:00+00:00",
          "test_start": "2025-09-06T00:00:00+00:00"
        },
        {
          "fold_id": 11,
          "mean": 0.0026133923910570222,
          "n": 12,
          "test_end": "2025-10-06T00:00:00+00:00",
          "test_start": "2025-09-21T00:00:00+00:00"
        },
        {
          "fold_id": 12,
          "mean": 0.008126988647920682,
          "n": 6,
          "test_end": "2025-10-21T00:00:00+00:00",
          "test_start": "2025-10-06T00:00:00+00:00"
        },
        {
          "fold_id": 13,
          "mean": 0.004117155533756515,
          "n": 7,
          "test_end": "2025-11-05T00:00:00+00:00",
          "test_start": "2025-10-21T00:00:00+00:00"
        },
        {
          "fold_id": 14,
          "mean": 0.0011908400146583753,
          "n": 12,
          "test_end": "2025-11-20T00:00:00+00:00",
          "test_start": "2025-11-05T00:00:00+00:00"
        },
        {
          "fold_id": 15,
          "mean": 0.002334704787669014,
          "n": 14,
          "test_end": "2025-12-05T00:00:00+00:00",
          "test_start": "2025-11-20T00:00:00+00:00"
        },
        {
          "fold_id": 16,
          "mean": 0.004431263758379686,
          "n": 11,
          "test_end": "2025-12-20T00:00:00+00:00",
          "test_start": "2025-12-05T00:00:00+00:00"
        },
        {
          "fold_id": 17,
          "mean": 0.001605741135806555,
          "n": 8,
          "test_end": "2026-01-04T00:00:00+00:00",
          "test_start": "2025-12-20T00:00:00+00:00"
        },
        {
          "fold_id": 18,
          "mean": 0.0012283377698561289,
          "n": 6,
          "test_end": "2026-01-19T00:00:00+00:00",
          "test_start": "2026-01-04T00:00:00+00:00"
        },
        {
          "fold_id": 19,
          "mean": 0.0009813883824595147,
          "n": 5,
          "test_end": "2026-02-03T00:00:00+00:00",
          "test_start": "2026-01-19T00:00:00+00:00"
        },
        {
          "fold_id": 20,
          "mean": 0.0012744026022138153,
          "n": 8,
          "test_end": "2026-02-18T00:00:00+00:00",
          "test_start": "2026-02-03T00:00:00+00:00"
        }
      ],
      "positive_folds": {
        "count": 19,
        "pct": 95.0,
        "total": 20
      },
      "split": {
        "step_days": 15,
        "test_days": 15,
        "train_days": 60
      }
    },
    "bps8": {
      "aggregate": {
        "mean": 0.0029186928791925214,
        "mean_ci_high": 0.003915346595534767,
        "mean_ci_low": 0.00196783073153602,
        "n": 192,
        "p_mean_gt_0": 1.0
      },
      "folds": [
        {
          "fold_id": 1,
          "mean": 0.002726523517926683,
          "n": 10,
          "test_end": "2025-05-09T00:00:00+00:00",
          "test_start": "2025-04-24T00:00:00+00:00"
        },
        {
          "fold_id": 2,
          "mean": 4.833154446610576e-05,
          "n": 13,