{
  "baseline": {
    "bps10": {
      "mean": 0.002235424438687075,
      "mean_ci_high": 0.003641604448750335,
      "mean_ci_low": 0.0009131844333998023,
      "n": 100,
      "p_mean_gt_0": 1.0,
      "std": 0.006624884242654787,
      "win_rate": 0.61
    },
    "bps8": {
      "mean": 0.002435424438687075,
      "mean_ci_high": 0.0038416044487503353,
      "mean_ci_low": 0.001113184433399803,
      "n": 100,
      "p_mean_gt_0": 1.0,
      "std": 0.006624884242654787,
      "win_rate": 0.62
    },
    "gross": {
      "mean": 0.0032354244386870756,
      "mean_ci_high": 0.004641604448750336,
      "mean_ci_low": 0.0019131844333998027,
      "n": 100,
      "p_mean_gt_0": 1.0,
      "std": 0.006624884242654787,
      "win_rate": 0.71
    }
  },
  "config": {
    "bootstrap_iters": 3000,
    "cost_mode": "all",
    "days": 180,
    "horizon": 8,
    "timeframe": "5m",
    "wf": {
      "step_days": 15,
      "test_days": 15,
      "train_days": 60
    }
  },
  "diagnostics_by_mode": {
    "bps10": {
      "mae_proxy_median": null,
      "median_hold_return": 0.001087247428536887,
      "return_histogram_bins": [
        "(-inf,-1%)",
        "[-1%,-0.5%)",
        "[-0.5%,-0.2%)",
        "[-0.2%,0%)",
        "[0%,0.2%)",
        "[0.2%,0.5%)",
        "[0.5%,1%)",
        "[1%,inf)"
      ],
      "return_histogram_counts": [
        2,
        8,
        9,
        20,
        20,
        16,
        13,
        12
      ],
      "top10_pct_pnl_contribution": 0.7566433735771945,
      "trades_per_day": 0.5614035087719298
    },
    "bps8": {
      "mae_proxy_median": null,
      "median_hold_return": 0.001287247428536887,
      "return_histogram_bins": [
        "(-inf,-1%)",
        "[-1%,-0.5%)",
        "[-0.5%,-0.2%)",
        "[-0.2%,0%)",
        "[0%,0.2%)",
        "[0.2%,0.5%)",
        "[0.5%,1%)",
        "[1%,inf)"
      ],
      "return_histogram_counts": [
        2,
        7,
        9,
        20,
        21,
        15,
        14,
        12
      ],
      "top10_pct_pnl_contribution": 0.7027190256773937,
      "trades_per_day": 0.5614035087719298
    },
    "gross": {
      "mae_proxy_median": null,
      "median_hold_return": 0.002087247428536887,
      "return_histogram_bins": [
        "(-inf,-1%)",
        "[-1%,-0.5%)",
        "[-0.5%,-0.2%)",
        "[-0.2%,0%)",
        "[0%,0.2%)",
        "[0.2%,0.5%)",
        "[0.5%,1%)",
        "[1%,inf)"
      ],
      "return_histogram_counts": [
        0,
        7,
        7,
        15,
        20,
        21,
        17,
        13
      ],
      "top10_pct_pnl_contribution": 0.5536890515026358,
      "trades_per_day": 0.5614035087719298
    }
  },
  "family": "cross_asset_regime",
  "hypothesis_id": "H85",
  "timestamp_utc": "2026-02-23T06:27:49+00:00",
  "wf_by_mode": {
    "bps10": {
      "aggregate": {
        "mean": 0.002073767799596449,
        "mean_ci_high": 0.003866056990342151,
        "mean_ci_low": 0.00040823618269190644,
        "n": 62,
        "p_mean_gt_0": 0.9913333333333333
      },
      "folds": [
        {
          "fold_id": 1,
          "mean": 0.006017848309566143,
          "n": 8,
          "test_end": "2025-11-10T00:00:00+00:00",
          "test_start": "2025-10-26T00:00:00+00:00"
        },
        {
          "fold_id": 2,
          "mean": 0.0027911211973176593,
          "n": 5,
          "test_end": "2025-11-25T00:00:00+00:00",
          "test_start": "2025-11-10T00:00:00+00:00"
        },
        {
          "fold_id": 3,
          "mean": 0.002649806950779176,
          "n": 13,
          "test_end": "2025-12-10T00:00:00+00:00",
          "test_start": "2025-11-25T00:00:00+00:00"
        },
        {
          "fold_id": 4,
          "mean": 0.0037361498765557575,
          "n": 9,
          "test_end": "2025-12-25T00:00:00+00:00",
          "test_start": "2025-12-10T00:00:00+00:00"
        },
        {
          "fold_id": 5,
          "mean": 0.0015452212583997524,
          "n": 11,
          "test_end": "2026-01-09T00:00:00+00:00",
          "test_start": "2025-12-25T00:00:00+00:00"
        },
        {
          "fold_id": 6,
          "mean": 0.00025054504871223706,
          "n": 10,
          "test_end": "2026-01-24T00:00:00+00:00",
          "test_start": "2026-01-09T00:00:00+00:00"
        },
        {
          "fold_id": 7,
          "mean": -0.0035167520777980572,
          "n": 6,
          "test_end": "2026-02-08T00:00:00+00:00",
          "test_start": "2026-01-24T00:00:00+00:00"
        }
      ],
      "positive_folds": {
        "count": 6,
        "pct": 85.71428571428571,
        "total": 7
      },
      "split": {
        "step_days": 15,
        "test_days": 15,
        "train_days": 60
      }
    },
    "bps8": {
      "aggregate": {
        "mean": 0.00227376779959645,
        "mean_ci_high": 0.004066056990342151,
        "mean_ci_low": 0.0006082361826919067,
        "n": 62,
        "p_mean_gt_0": 0.9953333333333333
      },
      "folds": [
        {
          "fold_id": 1,
          "mean": 0.006217848309566144,
          "n": 8,
          "test_end": "2025-11-10T00:00:00+00:00",
          "test_start": "2025-10-26T00:00:00+00:00"
        },
        {
          "fold_id": 2,
          "mean": 0.0029911211973176594,
          "n": 5,
          "test_end": "2025-11-25T00:00:00+00:00",
          "test_start": "2025-11-10T00:00:00+00:00"
        },
        {
          "fold_id": 3,
          "mean": 0.0028498069507791757,
          "n": 13,
          "test_end": "2025-12-10T00:00:00+00:00",
          "test_start": "2025-11-25T00:00:00+00:00"
        },
        {
          "fold_id": 4,
          "mean": 0.003936149876555758,
          "n": 9,
          "test_end": "2025-12-25T00:00:00+00:00",
          "test_start": "2025-12-10T00:00:00+00:00"
        },
        {
          "fold_id": 5,
          "mean": 0.0017452212583997525,
          "n": 11,
          "test_end": "2026-01-09T00:00:00+00:00",
          "test_start": "2025-12-25T00:00:00+00:00"
        },
        {
          "fold_id": 6,
          "mean": 0.0004505450487122369,
          "n": 10,
          "test_end": "2026-01-24T00:00:00+00:00",
          "test_start": "2026-01-09T00:00:00+00:00"
        },
        {
          "fold_id": 7,
          "mean": -0.0033167520777980567,
          "n": 6,
          "test_end": "2026-02-08T00:00:00+00:00",
          "test_start": "2026-01-24T00:00:00+00:00"
        }
      ],
      "positive_folds": {
        "count": 6,
        "pct": 85.71428571428571,
        "total": 7
      },
      "split": {
        "step_days": 15,
        "test_days": 15,
        "train_days": 60
      }
    },
    "gross": {
      "aggregate": {
        "mean": 0.0030737677995964496,
        "mean_ci_high": 0.004866056990342152,
        "mean_ci_low": 0.001408236182691907,
        "n": 62,
        "p_mean_gt_0": 1.0
      },
      "folds": [
        {
          "fold_id": 1,
          "mean": 0.007017848309566144,
          "n": 8,
          "test_end": "2025-11-10T00:00:00+00:00",
          "test_start": "2025-10-26T00:00:00+00:00"
        },
        {
          "fold_id": 2,
          "mean": 0.0037911211973176593,
          "n": 5,
          "test_end": "2025-11-25T00:00:00+00:00",
          "test_start": "2025-11-10T00:00:00+00:00"
        },
        {
          "fold_id": 3,
          "mean": 0.0036498069507791765,
          "n": 13,
          "test_end": "2025-12-10T00:00:00+00:00",
          "test_start": "2025-11-25T00:00:00+00:00"
        },
        {
          "fold_id": 4,
          "mean": 0.004736149876555758,
          "n": 9,
          "test_end": "2025-12-25T00:00:00+00:00",
          "test_start": "2025-12-10T00:00:00+00:00"
        },
        {
          "fold_id": 5,
          "mean": 0.002545221258399753,
          "n": 11,
          "test_end": "2026-01-09T00:00:00+00:00",
          "test_start": "2025-12-25T00:00:00+00:00"
        },
        {
          "fold_id": 6,
          "mean": 0.0012505450487122372,