{
  "baseline": {
    "bps10": {
      "mean": -0.0003792963387078929,
      "mean_ci_high": -7.71938159912984e-05,
      "mean_ci_low": -0.000680467551158391,
      "n": 835,
      "p_mean_gt_0": 0.007666666666666666,
      "std": 0.004600504327596242,
      "win_rate": 0.38802395209580837
    },
    "bps8": {
      "mean": -0.0001792963387078926,
      "mean_ci_high": 0.0001228061840087019,
      "mean_ci_low": -0.00048046755115839057,
      "n": 835,
      "p_mean_gt_0": 0.12733333333333333,
      "std": 0.004600504327596242,
      "win_rate": 0.41317365269461076
    },
    "gross": {
      "mean": 0.0006207036612921075,
      "mean_ci_high": 0.0009228061840087019,
      "mean_ci_low": 0.00031953244884160947,
      "n": 835,
      "p_mean_gt_0": 1.0,
      "std": 0.004600504327596242,
      "win_rate": 0.5341317365269461
    }
  },
  "config": {
    "bootstrap_iters": 3000,
    "cost_mode": "all",
    "days": 365,
    "horizon": 6,
    "timeframe": "5m",
    "wf": {
      "step_days": 15,
      "test_days": 15,
      "train_days": 60
    }
  },
  "diagnostics_by_mode": {
    "bps10": {
      "mae_proxy_median": -0.001056491349695543,
      "median_hold_return": -0.0007972763419420428,
      "return_histogram_bins": [
        "(-inf,-1%)",
        "[-1%,-0.5%)",
        "[-0.5%,-0.2%)",
        "[-0.2%,0%)",
        "[0%,0.2%)",
        "[0.2%,0.5%)",
        "[0.5%,1%)",
        "[1%,inf)"
      ],
      "return_histogram_counts": [
        10,
        54,
        207,
        240,
        157,
        104,
        34,
        29
      ],
      "top10_pct_pnl_contribution": -2.3513846132226885,
      "trades_per_day": 3.0135338345864664
    },
    "bps8": {
      "mae_proxy_median": -0.001056491349695543,
      "median_hold_return": -0.0005972763419420428,
      "return_histogram_bins": [
        "(-inf,-1%)",
        "[-1%,-0.5%)",
        "[-0.5%,-0.2%)",
        "[-0.2%,0%)",
        "[0%,0.2%)",
        "[0.2%,0.5%)",
        "[0.5%,1%)",
        "[1%,inf)"
      ],
      "return_histogram_counts": [
        10,
        53,
        178,
        249,
        167,
        110,
        37,
        31
      ],
      "top10_pct_pnl_contribution": -5.086502835143151,
      "trades_per_day": 3.0135338345864664
    },
    "gross": {
      "mae_proxy_median": -0.001056491349695543,
      "median_hold_return": 0.00020272365805795722,
      "return_histogram_bins": [
        "(-inf,-1%)",
        "[-1%,-0.5%)",
        "[-0.5%,-0.2%)",
        "[-0.2%,0%)",
        "[0%,0.2%)",
        "[0.2%,0.5%)",
        "[0.5%,1%)",
        "[1%,inf)"
      ],
      "return_histogram_counts": [
        8,
        41,
        124,
        216,
        217,
        140,
        58,
        31
      ],
      "top10_pct_pnl_contribution": 1.5989439711353448,
      "trades_per_day": 3.0135338345864664
    }
  },
  "family": "cross_asset_regime",
  "hypothesis_id": "H87",
  "timestamp_utc": "2026-02-23T06:52:58+00:00",
  "wf_by_mode": {
    "bps10": {
      "aggregate": {
        "mean": -0.0005181013456579021,
        "mean_ci_high": -0.00014656472446142866,
        "mean_ci_low": -0.0008746187365366751,
        "n": 650,
        "p_mean_gt_0": 0.0013333333333333333
      },
      "folds": [
        {
          "fold_id": 1,
          "mean": -0.0009861736335363361,
          "n": 69,
          "test_end": "2025-08-01T00:00:00+00:00",
          "test_start": "2025-07-17T00:00:00+00:00"
        },
        {
          "fold_id": 2,
          "mean": -0.0005348137653070111,
          "n": 74,
          "test_end": "2025-08-16T00:00:00+00:00",
          "test_start": "2025-08-01T00:00:00+00:00"
        },
        {
          "fold_id": 3,
          "mean": -0.0007680972077154979,
          "n": 62,
          "test_end": "2025-08-31T00:00:00+00:00",
          "test_start": "2025-08-16T00:00:00+00:00"
        },
        {
          "fold_id": 4,
          "mean": -0.0014356675298127974,
          "n": 34,
          "test_end": "2025-09-15T00:00:00+00:00",
          "test_start": "2025-08-31T00:00:00+00:00"
        },
        {
          "fold_id": 5,
          "mean": -0.0007045896776451646,
          "n": 26,
          "test_end": "2025-09-30T00:00:00+00:00",
          "test_start": "2025-09-15T00:00:00+00:00"
        },
        {
          "fold_id": 6,
          "mean": -6.995409242523207e-05,
          "n": 36,
          "test_end": "2025-10-15T00:00:00+00:00",
          "test_start": "2025-09-30T00:00:00+00:00"
        },
        {
          "fold_id": 7,
          "mean": -0.0005095768790743796,
          "n": 32,
          "test_end": "2025-10-30T00:00:00+00:00",
          "test_start": "2025-10-15T00:00:00+00:00"
        },
        {
          "fold_id": 8,
          "mean": -0.0005558479008082914,
          "n": 58,
          "test_end": "2025-11-14T00:00:00+00:00",
          "test_start": "2025-10-30T00:00:00+00:00"
        },
        {
          "fold_id": 9,
          "mean": 0.00035166401822969397,
          "n": 60,
          "test_end": "2025-11-29T00:00:00+00:00",
          "test_start": "2025-11-14T00:00:00+00:00"
        },
        {
          "fold_id": 10,
          "mean": 0.0007951892399155543,
          "n": 44,
          "test_end": "2025-12-14T00:00:00+00:00",
          "test_start": "2025-11-29T00:00:00+00:00"
        },
        {
          "fold_id": 11,
          "mean": -0.0007924658015132823,
          "n": 24,
          "test_end": "2025-12-29T00:00:00+00:00",
          "test_start": "2025-12-14T00:00:00+00:00"
        },
        {
          "fold_id": 12,
          "mean": -0.0008207845405702733,
          "n": 18,
          "test_end": "2026-01-13T00:00:00+00:00",
          "test_start": "2025-12-29T00:00:00+00:00"
        },
        {
          "fold_id": 13,
          "mean": -0.0008014624435090556,
          "n": 39,
          "test_end": "2026-01-28T00:00:00+00:00",
          "test_start": "2026-01-13T00:00:00+00:00"
        },
        {
          "fold_id": 14,
          "mean": -0.000734641439218916,
          "n": 74,
          "test_end": "2026-02-12T00:00:00+00:00",
          "test_start": "2026-01-28T00:00:00+00:00"
        }
      ],
      "positive_folds": {
        "count": 2,
        "pct": 14.285714285714286,
        "total": 14
      },
      "split": {
        "step_days": 15,
        "test_days": 15,
        "train_days": 60
      }
    },
    "bps8": {
      "aggregate": {
        "mean": -0.0003181013456579019,
        "mean_ci_high": 5.34352755385716e-05,
        "mean_ci_low": -0.0006746187365366751,
        "n": 650,
        "p_mean_gt_0": 0.043666666666666666
      },
      "folds": [
        {
          "fold_id": 1,
          "mean": -0.0007861736335363363,
          "n": 69,
          "test_end": "2025-08-01T00:00:00+00:00",
          "test_start": "2025-07-17T00:00:00+00:00"
        },
        {
          "fold_id": 2,
          "mean": -0.000334813765307011,
          "n": 74,
          "test_end": "2025-08-16T00:00:00+00:00",
          "test_start": "2025-08-01T00:00:00+00:00"
        },
        {
          "fold_id": 3,
          "mean": -0.000568097207715498,
          "n": 62,
          "test_end": "2025-08-31T00:00:00+00:00",
          "test_start": "2025-08-16T00:00:00+00:00"
        },
        {
          "fold_id": 4,
          "mean": -0.0012356675298127973,
          "n": 34,
          "test_end": "2025-09-15T00:00:00+00:00",
          "test_start": "2025-08-31T00:00:00+00:00"
        },
        {
          "fold_id": 5,
          "mean": -0.0005045896776451645,
          "n": 26,
          "test_end": "2025-09-30T00:00:00+00:00",
          "test_start": "2025-09-15T00:00:00+00:00"
        },
        {
          "fold_id": 6,
          "mean": 0.0001300459075747679,
          "n": 36,
          "test_end": "2025-10-15T00:00:00+00:00",
          "test_start": "2025-09-30T00:00:00+00:00"
        },
        {
          "fold_id": 7,
          "mean": -0.00030957687907437963,
          "n": 32,