{
  "baseline": {
    "bps10": {
      "mean": -0.00016372647029754296,
      "mean_ci_high": 0.0005952045129300685,
      "mean_ci_low": -0.0009406802291868647,
      "n": 259,
      "p_mean_gt_0": 0.339,
      "std": 0.006195003904343412,
      "win_rate": 0.4362934362934363
    },
    "bps8": {
      "mean": 3.627352970245742e-05,
      "mean_ci_high": 0.0007952045129300686,
      "mean_ci_low": -0.0007406802291868643,
      "n": 259,
      "p_mean_gt_0": 0.5456666666666666,
      "std": 0.006195003904343412,
      "win_rate": 0.44787644787644787
    },
    "gross": {
      "mean": 0.0008362735297024576,
      "mean_ci_high": 0.0015952045129300689,
      "mean_ci_low": 5.931977081313569e-05,
      "n": 259,
      "p_mean_gt_0": 0.9826666666666667,
      "std": 0.006195003904343412,
      "win_rate": 0.5791505791505791
    }
  },
  "config": {
    "bootstrap_iters": 3000,
    "cost_mode": "all",
    "days": 180,
    "horizon": 6,
    "timeframe": "5m",
    "wf": {
      "step_days": 15,
      "test_days": 15,
      "train_days": 60
    }
  },
  "diagnostics_by_mode": {
    "bps10": {
      "mae_proxy_median": -0.0012001758699995424,
      "median_hold_return": -0.0005754449999836311,
      "return_histogram_bins": [
        "(-inf,-1%)",
        "[-1%,-0.5%)",
        "[-0.5%,-0.2%)",
        "[-0.2%,0%)",
        "[0%,0.2%)",
        "[0.2%,0.5%)",
        "[0.5%,1%)",
        "[1%,inf)"
      ],
      "return_histogram_counts": [
        9,
        23,
        52,
        62,
        44,
        41,
        10,
        18
      ],
      "top10_pct_pnl_contribution": -7.663514681296846,
      "trades_per_day": 2.803788903924222
    },
    "bps8": {
      "mae_proxy_median": -0.0012001758699995424,
      "median_hold_return": -0.0003754449999836311,
      "return_histogram_bins": [
        "(-inf,-1%)",
        "[-1%,-0.5%)",
        "[-0.5%,-0.2%)",
        "[-0.2%,0%)",
        "[0%,0.2%)",
        "[0.2%,0.5%)",
        "[0.5%,1%)",
        "[1%,inf)"
      ],
      "return_histogram_counts": [
        9,
        23,
        44,
        67,
        42,
        45,
        11,
        18
      ],
      "top10_pct_pnl_contribution": 35.14401381327356,
      "trades_per_day": 2.803788903924222
    },
    "gross": {
      "mae_proxy_median": -0.0012001758699995424,
      "median_hold_return": 0.0004245550000163689,
      "return_histogram_bins": [
        "(-inf,-1%)",
        "[-1%,-0.5%)",
        "[-0.5%,-0.2%)",
        "[-0.2%,0%)",
        "[0%,0.2%)",
        "[0.2%,0.5%)",
        "[0.5%,1%)",
        "[1%,inf)"
      ],
      "return_histogram_counts": [
        7,
        22,
        33,
        47,
        61,
        51,
        20,
        18
      ],
      "top10_pct_pnl_contribution": 1.620410381409984,
      "trades_per_day": 2.803788903924222
    }
  },
  "family": "cross_asset_regime",
  "hypothesis_id": "H87",
  "timestamp_utc": "2026-02-23T06:46:00+00:00",
  "wf_by_mode": {
    "bps10": {
      "aggregate": {
        "mean": -0.0006672673337587673,
        "mean_ci_high": 0.0006470526106545057,
        "mean_ci_low": -0.0019267928970361533,
        "n": 113,
        "p_mean_gt_0": 0.14966666666666667
      },
      "folds": [
        {
          "fold_id": 1,
          "mean": -0.0013111306845652283,
          "n": 44,
          "test_end": "2026-02-02T00:00:00+00:00",
          "test_start": "2026-01-18T00:00:00+00:00"
        },
        {
          "fold_id": 2,
          "mean": -0.0002566878057082705,
          "n": 69,
          "test_end": "2026-02-17T00:00:00+00:00",
          "test_start": "2026-02-02T00:00:00+00:00"
        }
      ],
      "positive_folds": {
        "count": 0,
        "pct": 0.0,
        "total": 2
      },
      "split": {
        "step_days": 15,
        "test_days": 15,
        "train_days": 60
      }
    },
    "bps8": {
      "aggregate": {
        "mean": -0.0004672673337587673,
        "mean_ci_high": 0.0008470526106545063,
        "mean_ci_low": -0.0017267928970361533,
        "n": 113,
        "p_mean_gt_0": 0.23466666666666666
      },
      "folds": [
        {
          "fold_id": 1,
          "mean": -0.0011111306845652284,
          "n": 44,
          "test_end": "2026-02-02T00:00:00+00:00",
          "test_start": "2026-01-18T00:00:00+00:00"
        },
        {
          "fold_id": 2,
          "mean": -5.668780570827009e-05,
          "n": 69,
          "test_end": "2026-02-17T00:00:00+00:00",
          "test_start": "2026-02-02T00:00:00+00:00"
        }
      ],
      "positive_folds": {
        "count": 0,
        "pct": 0.0,
        "total": 2
      },
      "split": {
        "step_days": 15,
        "test_days": 15,
        "train_days": 60
      }
    },
    "gross": {
      "aggregate": {
        "mean": 0.00033273266624123305,
        "mean_ci_high": 0.0016470526106545063,
        "mean_ci_low": -0.0009267928970361531,
        "n": 113,
        "p_mean_gt_0": 0.6873333333333334
      },
      "folds": [
        {
          "fold_id": 1,
          "mean": -0.0003111306845652281,
          "n": 44,
          "test_end": "2026-02-02T00:00:00+00:00",
          "test_start": "2026-01-18T00:00:00+00:00"
        },
        {
          "fold_id": 2,
          "mean": 0.00074331219429173,
          "n": 69,
          "test_end": "2026-02-17T00:00:00+00:00",
          "test_start": "2026-02-02T00:00:00+00:00"
        }
      ],
      "positive_folds": {
        "count": 1,
        "pct": 50.0,
        "total": 2
      },
      "split": {
        "step_days": 15,
        "test_days": 15,
        "train_days": 60
      }
    }
  }
}