{
  "baseline": {
    "bps10": {
      "mean": 3.4623404614447995e-05,
      "mean_ci_high": 0.0007739183673332602,
      "mean_ci_low": -0.0007262214842843888,
      "n": 259,
      "p_mean_gt_0": 0.541,
      "std": 0.006235946147556176,
      "win_rate": 0.4749034749034749
    },
    "bps8": {
      "mean": 0.00023462340461444833,
      "mean_ci_high": 0.0009739183673332605,
      "mean_ci_low": -0.0005262214842843883,
      "n": 259,
      "p_mean_gt_0": 0.7296666666666667,
      "std": 0.006235946147556176,
      "win_rate": 0.5019305019305019
    },
    "gross": {
      "mean": 0.0010346234046144486,
      "mean_ci_high": 0.0017739183673332606,
      "mean_ci_low": 0.0002737785157156116,
      "n": 259,
      "p_mean_gt_0": 0.9976666666666667,
      "std": 0.006235946147556176,
      "win_rate": 0.583011583011583
    }
  },
  "config": {
    "bootstrap_iters": 3000,
    "cost_mode": "all",
    "days": 180,
    "horizon": 8,
    "timeframe": "5m",
    "wf": {
      "step_days": 15,
      "test_days": 15,
      "train_days": 60
    }
  },
  "diagnostics_by_mode": {
    "bps10": {
      "mae_proxy_median": -0.0010160324241333951,
      "median_hold_return": -0.00018365516996587863,
      "return_histogram_bins": [
        "(-inf,-1%)",
        "[-1%,-0.5%)",
        "[-0.5%,-0.2%)",
        "[-0.2%,0%)",
        "[0%,0.2%)",
        "[0.2%,0.5%)",
        "[0.5%,1%)",
        "[1%,inf)"
      ],
      "return_histogram_counts": [
        8,
        29,
        41,
        58,
        53,
        35,
        18,
        17
      ],
      "top10_pct_pnl_contribution": 36.79011831868119,
      "trades_per_day": 2.803788903924222
    },
    "bps8": {
      "mae_proxy_median": -0.0010160324241333951,
      "median_hold_return": 1.6344830034121355e-05,
      "return_histogram_bins": [
        "(-inf,-1%)",
        "[-1%,-0.5%)",
        "[-0.5%,-0.2%)",
        "[-0.2%,0%)",
        "[0%,0.2%)",
        "[0.2%,0.5%)",
        "[0.5%,1%)",
        "[1%,inf)"
      ],
      "return_histogram_counts": [
        7,
        30,
        38,
        54,
        57,
        35,
        21,
        17
      ],
      "top10_pct_pnl_contribution": 5.514694386796294,
      "trades_per_day": 2.803788903924222
    },
    "gross": {
      "mae_proxy_median": -0.0010160324241333951,
      "median_hold_return": 0.0008163448300341214,
      "return_histogram_bins": [
        "(-inf,-1%)",
        "[-1%,-0.5%)",
        "[-0.5%,-0.2%)",
        "[-0.2%,0%)",
        "[0%,0.2%)",
        "[0.2%,0.5%)",
        "[0.5%,1%)",
        "[1%,inf)"
      ],
      "return_histogram_counts": [
        7,
        24,
        27,
        50,
        60,
        50,
        23,
        18
      ],
      "top10_pct_pnl_contribution": 1.3281984987178048,
      "trades_per_day": 2.803788903924222
    }
  },
  "family": "cross_asset_regime",
  "hypothesis_id": "H91",
  "timestamp_utc": "2026-02-23T06:46:03+00:00",
  "wf_by_mode": {
    "bps10": {
      "aggregate": {
        "mean": -0.0007083146132038588,
        "mean_ci_high": 0.000528592440343838,
        "mean_ci_low": -0.001990141504630994,
        "n": 113,
        "p_mean_gt_0": 0.12533333333333332
      },
      "folds": [
        {
          "fold_id": 1,
          "mean": -0.0008654680849954223,
          "n": 44,
          "test_end": "2026-02-02T00:00:00+00:00",
          "test_start": "2026-01-18T00:00:00+00:00"
        },
        {
          "fold_id": 2,
          "mean": -0.000608100805104891,
          "n": 69,
          "test_end": "2026-02-17T00:00:00+00:00",
          "test_start": "2026-02-02T00:00:00+00:00"
        }
      ],
      "positive_folds": {
        "count": 0,
        "pct": 0.0,
        "total": 2
      },
      "split": {
        "step_days": 15,
        "test_days": 15,
        "train_days": 60
      }
    },
    "bps8": {
      "aggregate": {
        "mean": -0.0005083146132038584,
        "mean_ci_high": 0.0007285924403438385,
        "mean_ci_low": -0.0017901415046309931,
        "n": 113,
        "p_mean_gt_0": 0.20766666666666667
      },
      "folds": [
        {
          "fold_id": 1,
          "mean": -0.0006654680849954221,
          "n": 44,
          "test_end": "2026-02-02T00:00:00+00:00",
          "test_start": "2026-01-18T00:00:00+00:00"
        },
        {
          "fold_id": 2,
          "mean": -0.0004081008051048905,
          "n": 69,
          "test_end": "2026-02-17T00:00:00+00:00",
          "test_start": "2026-02-02T00:00:00+00:00"
        }
      ],
      "positive_folds": {
        "count": 0,
        "pct": 0.0,
        "total": 2
      },
      "split": {
        "step_days": 15,
        "test_days": 15,
        "train_days": 60
      }
    },
    "gross": {
      "aggregate": {
        "mean": 0.0002916853867961416,
        "mean_ci_high": 0.0015285924403438385,
        "mean_ci_low": -0.000990141504630993,
        "n": 113,
        "p_mean_gt_0": 0.6636666666666666
      },
      "folds": [
        {
          "fold_id": 1,
          "mean": 0.000134531915004578,
          "n": 44,
          "test_end": "2026-02-02T00:00:00+00:00",
          "test_start": "2026-01-18T00:00:00+00:00"
        },
        {
          "fold_id": 2,
          "mean": 0.0003918991948951096,
          "n": 69,
          "test_end": "2026-02-17T00:00:00+00:00",
          "test_start": "2026-02-02T00:00:00+00:00"
        }
      ],
      "positive_folds": {
        "count": 2,
        "pct": 100.0,
        "total": 2
      },
      "split": {
        "step_days": 15,
        "test_days": 15,
        "train_days": 60
      }
    }
  }
}