{
  "baseline": {
    "bps10": {
      "mean": 0.00012896114455954115,
      "mean_ci_high": 0.0005024795168793269,
      "mean_ci_low": -0.00022894275187444212,
      "n": 922,
      "p_mean_gt_0": 0.7556666666666667,
      "std": 0.005704920548037442,
      "win_rate": 0.46203904555314534
    },
    "bps8": {
      "mean": 0.0003289611445595415,
      "mean_ci_high": 0.0007024795168793274,
      "mean_ci_low": -2.8942751874441788e-05,
      "n": 922,
      "p_mean_gt_0": 0.9633333333333334,
      "std": 0.005704920548037442,
      "win_rate": 0.48590021691973967
    },
    "gross": {
      "mean": 0.0011289611445595414,
      "mean_ci_high": 0.0015024795168793275,
      "mean_ci_low": 0.0007710572481255583,
      "n": 922,
      "p_mean_gt_0": 1.0,
      "std": 0.005704920548037442,
      "win_rate": 0.561822125813449
    }
  },
  "config": {
    "bootstrap_iters": 3000,
    "cost_mode": "all",
    "days": 180,
    "horizon": 10,
    "timeframe": "5m",
    "wf": {
      "step_days": 15,
      "test_days": 15,
      "train_days": 60
    }
  },
  "diagnostics_by_mode": {
    "bps10": {
      "mae_proxy_median": -0.0015455429374772178,
      "median_hold_return": -0.00034412590562538006,
      "return_histogram_bins": [
        "(-inf,-1%)",
        "[-1%,-0.5%)",
        "[-0.5%,-0.2%)",
        "[-0.2%,0%)",
        "[0%,0.2%)",
        "[0.2%,0.5%)",
        "[0.5%,1%)",
        "[1%,inf)"
      ],
      "return_histogram_counts": [
        24,
        81,
        199,
        192,
        177,
        121,
        83,
        45
      ],
      "top10_pct_pnl_contribution": 9.201663907202576,
      "trades_per_day": 5.9579967689822295
    },
    "bps8": {
      "mae_proxy_median": -0.0015455429374772178,
      "median_hold_return": -0.00014412590562538007,
      "return_histogram_bins": [
        "(-inf,-1%)",
        "[-1%,-0.5%)",
        "[-0.5%,-0.2%)",
        "[-0.2%,0%)",
        "[0%,0.2%)",
        "[0.2%,0.5%)",
        "[0.5%,1%)",
        "[1%,inf)"
      ],
      "return_histogram_counts": [
        22,
        74,
        184,
        194,
        188,
        129,
        83,
        48
      ],
      "top10_pct_pnl_contribution": 3.668611521681968,
      "trades_per_day": 5.9579967689822295
    },
    "gross": {
      "mae_proxy_median": -0.0015455429374772178,
      "median_hold_return": 0.00065587409437462,
      "return_histogram_bins": [
        "(-inf,-1%)",
        "[-1%,-0.5%)",
        "[-0.5%,-0.2%)",
        "[-0.2%,0%)",
        "[0%,0.2%)",
        "[0.2%,0.5%)",
        "[0.5%,1%)",
        "[1%,inf)"
      ],
      "return_histogram_counts": [
        17,
        54,
        145,
        187,
        202,
        160,
        102,
        55
      ],
      "top10_pct_pnl_contribution": 1.1404509309185928,
      "trades_per_day": 5.9579967689822295
    }
  },
  "family": "cross_asset_regime",
  "hypothesis_id": "H95",
  "timestamp_utc": "2026-02-23T06:28:00+00:00",
  "wf_by_mode": {
    "bps10": {
      "aggregate": {
        "mean": 0.000329763927753465,
        "mean_ci_high": 0.0008883923693407914,
        "mean_ci_low": -0.00020875455073339187,
        "n": 521,
        "p_mean_gt_0": 0.8773333333333333
      },
      "folds": [
        {
          "fold_id": 1,
          "mean": 0.001113797180271953,
          "n": 60,
          "test_end": "2025-11-30T00:00:00+00:00",
          "test_start": "2025-11-15T00:00:00+00:00"
        },
        {
          "fold_id": 2,
          "mean": -2.7963974534990005e-05,
          "n": 105,
          "test_end": "2025-12-15T00:00:00+00:00",
          "test_start": "2025-11-30T00:00:00+00:00"
        },
        {
          "fold_id": 3,
          "mean": 8.324339705595604e-06,
          "n": 45,
          "test_end": "2025-12-30T00:00:00+00:00",
          "test_start": "2025-12-15T00:00:00+00:00"
        },
        {
          "fold_id": 4,
          "mean": -0.00031562230907957746,
          "n": 82,
          "test_end": "2026-01-14T00:00:00+00:00",
          "test_start": "2025-12-30T00:00:00+00:00"
        },
        {
          "fold_id": 5,
          "mean": -8.267052035142225e-05,
          "n": 109,
          "test_end": "2026-01-29T00:00:00+00:00",
          "test_start": "2026-01-14T00:00:00+00:00"
        },
        {
          "fold_id": 6,
          "mean": 0.001186940947045755,
          "n": 120,
          "test_end": "2026-02-13T00:00:00+00:00",
          "test_start": "2026-01-29T00:00:00+00:00"
        }
      ],
      "positive_folds": {
        "count": 3,
        "pct": 50.0,
        "total": 6
      },
      "split": {
        "step_days": 15,
        "test_days": 15,
        "train_days": 60
      }
    },
    "bps8": {
      "aggregate": {
        "mean": 0.0005297639277534655,
        "mean_ci_high": 0.0010883923693407918,
        "mean_ci_low": -8.75455073339145e-06,
        "n": 521,
        "p_mean_gt_0": 0.973
      },
      "folds": [
        {
          "fold_id": 1,
          "mean": 0.001313797180271954,
          "n": 60,
          "test_end": "2025-11-30T00:00:00+00:00",
          "test_start": "2025-11-15T00:00:00+00:00"
        },
        {
          "fold_id": 2,
          "mean": 0.00017203602546501045,
          "n": 105,
          "test_end": "2025-12-15T00:00:00+00:00",
          "test_start": "2025-11-30T00:00:00+00:00"
        },
        {
          "fold_id": 3,
          "mean": 0.00020832433970559554,
          "n": 45,
          "test_end": "2025-12-30T00:00:00+00:00",
          "test_start": "2025-12-15T00:00:00+00:00"
        },
        {
          "fold_id": 4,
          "mean": -0.00011562230907957737,
          "n": 82,
          "test_end": "2026-01-14T00:00:00+00:00",
          "test_start": "2025-12-30T00:00:00+00:00"
        },
        {
          "fold_id": 5,
          "mean": 0.000117329479648578,
          "n": 109,
          "test_end": "2026-01-29T00:00:00+00:00",
          "test_start": "2026-01-14T00:00:00+00:00"
        },
        {
          "fold_id": 6,
          "mean": 0.0013869409470457566,
          "n": 120,
          "test_end": "2026-02-13T00:00:00+00:00",
          "test_start": "2026-01-29T00:00:00+00:00"
        }
      ],
      "positive_folds": {
        "count": 5,
        "pct": 83.33333333333333,
        "total": 6
      },
      "split": {
        "step_days": 15,
        "test_days": 15,
        "train_days": 60
      }
    },
    "gross": {
      "aggregate": {
        "mean": 0.0013297639277534655,
        "mean_ci_high": 0.0018883923693407917,
        "mean_ci_low": 0.0007912454492666086,
        "n": 521,
        "p_mean_gt_0": 1.0
      },
      "folds": [
        {
          "fold_id": 1,
          "mean": 0.0021137971802719533,
          "n": 60,
          "test_end": "2025-11-30T00:00:00+00:00",
          "test_start": "2025-11-15T00:00:00+00:00"
        },
        {
          "fold_id": 2,
          "mean": 0.0009720360254650104,
          "n": 105,
          "test_end": "2025-12-15T00:00:00+00:00",
          "test_start": "2025-11-30T00:00:00+00:00"
        },
        {
          "fold_id": 3,
          "mean": 0.0010083243397055958,
          "n": 45,
          "test_end": "2025-12-30T00:00:00+00:00",
          "test_start": "2025-12-15T00:00:00+00:00"
        },
        {
          "fold_id": 4,
          "mean": 0.0006843776909204228,
          "n": 82,
          "test_end": "2026-01-14T00:00:00+00:00",
          "test_start": "2025-12-30T00:00:00+00:00"
        },
        {
          "fold_id": 5,
          "mean": 0.0009173294796485781,
          "n": 109,
          "test_end": "2026-01-29T00:00:00+00:00",
          "test_start": "2026-01-14T00:00:00+00:00"
        },
        {
          "fold_id": 6,
          "mean": 0.0021869409470457557,
          "n": 120,
          "test_end": "2026-02-13T00:00:00+00:00",
          "test_start": "2026-01-29T00:00:00+00:00"
        }
      ],
      "positive_folds": {
        "count": 6,
        "pct": 100.0,
        "total": 6
      },