{
  "baseline": {
    "bps10": {
      "mean": -0.0022324217533044397,
      "mean_ci_high": -0.0013663636425924077,
      "mean_ci_low": -0.0030814552265155033,
      "n": 203,
      "p_mean_gt_0": 0.0,
      "std": 0.006164553744872495,
      "win_rate": 0.27586206896551724
    },
    "bps8": {
      "mean": -0.002032421753304439,
      "mean_ci_high": -0.0011663636425924071,
      "mean_ci_low": -0.002881455226515503,
      "n": 203,
      "p_mean_gt_0": 0.0,
      "std": 0.006164553744872494,
      "win_rate": 0.28078817733990147
    },
    "gross": {
      "mean": -0.001232421753304439,
      "mean_ci_high": -0.0003663636425924073,
      "mean_ci_low": -0.0020814552265155024,
      "n": 203,
      "p_mean_gt_0": 0.002,
      "std": 0.006164553744872494,
      "win_rate": 0.3793103448275862
    }
  },
  "config": {
    "bootstrap_iters": 3000,
    "cost_mode": "all",
    "days": 180,
    "horizon": 6,
    "timeframe": "5m",
    "wf": {
      "step_days": 15,
      "test_days": 15,
      "train_days": 60
    }
  },
  "diagnostics_by_mode": {
    "bps10": {
      "mae_proxy_median": -0.001818764091002234,
      "median_hold_return": -0.001682364525281809,
      "return_histogram_bins": [
        "(-inf,-1%)",
        "[-1%,-0.5%)",
        "[-0.5%,-0.2%)",
        "[-0.2%,0%)",
        "[0%,0.2%)",
        "[0.2%,0.5%)",
        "[0.5%,1%)",
        "[1%,inf)"
      ],
      "return_histogram_counts": [
        18,
        25,
        50,
        54,
        21,
        21,
        8,
        6
      ],
      "top10_pct_pnl_contribution": -0.3757775761116282,
      "trades_per_day": 2.1975642760487144
    },
    "bps8": {
      "mae_proxy_median": -0.001818764091002234,
      "median_hold_return": -0.0014823645252818088,
      "return_histogram_bins": [
        "(-inf,-1%)",
        "[-1%,-0.5%)",
        "[-0.5%,-0.2%)",
        "[-0.2%,0%)",
        "[0%,0.2%)",
        "[0.2%,0.5%)",
        "[0.5%,1%)",
        "[1%,inf)"
      ],
      "return_histogram_counts": [
        18,
        23,
        46,
        59,
        20,
        22,
        9,
        6
      ],
      "top10_pct_pnl_contribution": -0.4229356869903908,
      "trades_per_day": 2.1975642760487144
    },
    "gross": {
      "mae_proxy_median": -0.001818764091002234,
      "median_hold_return": -0.0006823645252818089,
      "return_histogram_bins": [
        "(-inf,-1%)",
        "[-1%,-0.5%)",
        "[-0.5%,-0.2%)",
        "[-0.2%,0%)",
        "[0%,0.2%)",
        "[0.2%,0.5%)",
        "[0.5%,1%)",
        "[1%,inf)"
      ],
      "return_histogram_counts": [
        14,
        19,
        36,
        57,
        37,
        19,
        15,
        6
      ],
      "top10_pct_pnl_contribution": -0.7646264833049409,
      "trades_per_day": 2.1975642760487144
    }
  },
  "family": "cross_asset_regime",
  "hypothesis_id": "H96",
  "timestamp_utc": "2026-02-23T06:28:03+00:00",
  "wf_by_mode": {
    "bps10": {
      "aggregate": {
        "mean": -0.001338353682275688,
        "mean_ci_high": 3.6629662053925874e-05,
        "mean_ci_low": -0.002781966196685453,
        "n": 88,
        "p_mean_gt_0": 0.029666666666666668
      },
      "folds": [
        {
          "fold_id": 1,
          "mean": -0.0004898553026471287,
          "n": 34,
          "test_end": "2026-02-02T00:00:00+00:00",
          "test_start": "2026-01-18T00:00:00+00:00"
        },
        {
          "fold_id": 2,
          "mean": -0.001872593402782559,
          "n": 54,
          "test_end": "2026-02-17T00:00:00+00:00",
          "test_start": "2026-02-02T00:00:00+00:00"
        }
      ],
      "positive_folds": {
        "count": 0,
        "pct": 0.0,
        "total": 2
      },
      "split": {
        "step_days": 15,
        "test_days": 15,
        "train_days": 60
      }
    },
    "bps8": {
      "aggregate": {
        "mean": -0.0011383536822756875,
        "mean_ci_high": 0.00023662966205392633,
        "mean_ci_low": -0.002581966196685453,
        "n": 88,
        "p_mean_gt_0": 0.058666666666666666
      },
      "folds": [
        {
          "fold_id": 1,
          "mean": -0.0002898553026471285,
          "n": 34,
          "test_end": "2026-02-02T00:00:00+00:00",
          "test_start": "2026-01-18T00:00:00+00:00"
        },
        {
          "fold_id": 2,
          "mean": -0.0016725934027825573,
          "n": 54,
          "test_end": "2026-02-17T00:00:00+00:00",
          "test_start": "2026-02-02T00:00:00+00:00"
        }
      ],
      "positive_folds": {
        "count": 0,
        "pct": 0.0,
        "total": 2
      },
      "split": {
        "step_days": 15,
        "test_days": 15,
        "train_days": 60
      }
    },
    "gross": {
      "aggregate": {
        "mean": -0.00033835368227568756,
        "mean_ci_high": 0.0010366296620539265,
        "mean_ci_low": -0.0017819661966854525,
        "n": 88,
        "p_mean_gt_0": 0.3353333333333333
      },
      "folds": [
        {
          "fold_id": 1,
          "mean": 0.0005101446973528714,
          "n": 34,
          "test_end": "2026-02-02T00:00:00+00:00",
          "test_start": "2026-01-18T00:00:00+00:00"
        },
        {
          "fold_id": 2,
          "mean": -0.000872593402782558,
          "n": 54,
          "test_end": "2026-02-17T00:00:00+00:00",
          "test_start": "2026-02-02T00:00:00+00:00"
        }
      ],
      "positive_folds": {
        "count": 1,
        "pct": 50.0,
        "total": 2
      },
      "split": {
        "step_days": 15,
        "test_days": 15,
        "train_days": 60
      }
    }
  }
}