{
  "baseline": {
    "bps10": {
      "mean": -0.0018582865354357162,
      "mean_ci_high": -0.001521540238961075,
      "mean_ci_low": -0.0022086415616645243,
      "n": 650,
      "p_mean_gt_0": 0.0,
      "std": 0.004605801109449441,
      "win_rate": 0.28307692307692306
    },
    "bps8": {
      "mean": -0.0016582865354357156,
      "mean_ci_high": -0.0013215402389610748,
      "mean_ci_low": -0.0020086415616645237,
      "n": 650,
      "p_mean_gt_0": 0.0,
      "std": 0.004605801109449441,
      "win_rate": 0.3046153846153846
    },
    "gross": {
      "mean": -0.0008582865354357158,
      "mean_ci_high": -0.0005215402389610748,
      "mean_ci_low": -0.0012086415616645238,
      "n": 650,
      "p_mean_gt_0": 0.0,
      "std": 0.004605801109449441,
      "win_rate": 0.41846153846153844
    }
  },
  "config": {
    "bootstrap_iters": 3000,
    "cost_mode": "all",
    "days": 365,
    "horizon": 6,
    "timeframe": "5m",
    "wf": {
      "step_days": 15,
      "test_days": 15,
      "train_days": 60
    }
  },
  "diagnostics_by_mode": {
    "bps10": {
      "mae_proxy_median": -0.0014908960617947553,
      "median_hold_return": -0.0016174568287198312,
      "return_histogram_bins": [
        "(-inf,-1%)",
        "[-1%,-0.5%)",
        "[-0.5%,-0.2%)",
        "[-0.2%,0%)",
        "[0%,0.2%)",
        "[0.2%,0.5%)",
        "[0.5%,1%)",
        "[1%,inf)"
      ],
      "return_histogram_counts": [
        27,
        69,
        188,
        182,
        103,
        55,
        18,
        8
      ],
      "top10_pct_pnl_contribution": -0.3006951900343931,
      "trades_per_day": 2.3458646616541357
    },
    "bps8": {
      "mae_proxy_median": -0.0014908960617947553,
      "median_hold_return": -0.0014174568287198311,
      "return_histogram_bins": [
        "(-inf,-1%)",
        "[-1%,-0.5%)",
        "[-0.5%,-0.2%)",
        "[-0.2%,0%)",
        "[0%,0.2%)",
        "[0.2%,0.5%)",
        "[0.5%,1%)",
        "[1%,inf)"
      ],
      "return_histogram_counts": [
        27,
        65,
        169,
        191,
        108,
        61,
        21,
        8
      ],
      "top10_pct_pnl_contribution": -0.34902160184224285,
      "trades_per_day": 2.3458646616541357
    },
    "gross": {
      "mae_proxy_median": -0.0014908960617947553,
      "median_hold_return": -0.0006174568287198312,
      "return_histogram_bins": [
        "(-inf,-1%)",
        "[-1%,-0.5%)",
        "[-0.5%,-0.2%)",
        "[-0.2%,0%)",
        "[0%,0.2%)",
        "[0.2%,0.5%)",
        "[0.5%,1%)",
        "[1%,inf)"
      ],
      "return_histogram_counts": [
        23,
        48,
        124,
        183,
        158,
        73,
        33,
        8
      ],
      "top10_pct_pnl_contribution": -0.7675499914218776,
      "trades_per_day": 2.3458646616541357
    }
  },
  "family": "cross_asset_regime",
  "hypothesis_id": "H96",
  "timestamp_utc": "2026-02-23T06:53:13+00:00",
  "wf_by_mode": {
    "bps10": {
      "aggregate": {
        "mean": -0.001839473791828201,
        "mean_ci_high": -0.0014268718528756045,
        "mean_ci_low": -0.0022578435686234854,
        "n": 505,
        "p_mean_gt_0": 0.0
      },
      "folds": [
        {
          "fold_id": 1,
          "mean": -0.0016053017726747115,
          "n": 50,
          "test_end": "2025-08-01T00:00:00+00:00",
          "test_start": "2025-07-17T00:00:00+00:00"
        },
        {
          "fold_id": 2,
          "mean": -0.0017520593383193162,
          "n": 56,
          "test_end": "2025-08-16T00:00:00+00:00",
          "test_start": "2025-08-01T00:00:00+00:00"
        },
        {
          "fold_id": 3,
          "mean": -0.001520786107362649,
          "n": 48,
          "test_end": "2025-08-31T00:00:00+00:00",
          "test_start": "2025-08-16T00:00:00+00:00"
        },
        {
          "fold_id": 4,
          "mean": -0.0004719088661777484,
          "n": 27,
          "test_end": "2025-09-15T00:00:00+00:00",
          "test_start": "2025-08-31T00:00:00+00:00"
        },
        {
          "fold_id": 5,
          "mean": -0.0017315727423580065,
          "n": 21,
          "test_end": "2025-09-30T00:00:00+00:00",
          "test_start": "2025-09-15T00:00:00+00:00"
        },
        {
          "fold_id": 6,
          "mean": -0.0017991061971717693,
          "n": 30,
          "test_end": "2025-10-15T00:00:00+00:00",
          "test_start": "2025-09-30T00:00:00+00:00"
        },
        {
          "fold_id": 7,
          "mean": -0.002073839369757299,
          "n": 25,
          "test_end": "2025-10-30T00:00:00+00:00",
          "test_start": "2025-10-15T00:00:00+00:00"
        },
        {
          "fold_id": 8,
          "mean": -0.0022980593425250117,
          "n": 45,
          "test_end": "2025-11-14T00:00:00+00:00",
          "test_start": "2025-10-30T00:00:00+00:00"
        },
        {
          "fold_id": 9,
          "mean": -0.002503528889565312,
          "n": 48,
          "test_end": "2025-11-29T00:00:00+00:00",
          "test_start": "2025-11-14T00:00:00+00:00"
        },
        {
          "fold_id": 10,
          "mean": -0.0032420690689219326,
          "n": 35,
          "test_end": "2025-12-14T00:00:00+00:00",
          "test_start": "2025-11-29T00:00:00+00:00"
        },
        {
          "fold_id": 11,
          "mean": -0.0035289554222729578,
          "n": 18,
          "test_end": "2025-12-29T00:00:00+00:00",
          "test_start": "2025-12-14T00:00:00+00:00"
        },
        {
          "fold_id": 12,
          "mean": -0.0001774437808523396,
          "n": 16,
          "test_end": "2026-01-13T00:00:00+00:00",
          "test_start": "2025-12-29T00:00:00+00:00"
        },
        {
          "fold_id": 13,
          "mean": -0.0011302097941568135,
          "n": 31,
          "test_end": "2026-01-28T00:00:00+00:00",
          "test_start": "2026-01-13T00:00:00+00:00"
        },
        {
          "fold_id": 14,
          "mean": -0.0015305655775704364,
          "n": 55,
          "test_end": "2026-02-12T00:00:00+00:00",
          "test_start": "2026-01-28T00:00:00+00:00"
        }
      ],
      "positive_folds": {
        "count": 0,
        "pct": 0.0,
        "total": 14
      },
      "split": {
        "step_days": 15,
        "test_days": 15,
        "train_days": 60
      }
    },
    "bps8": {
      "aggregate": {
        "mean": -0.0016394737918282005,
        "mean_ci_high": -0.0012268718528756044,
        "mean_ci_low": -0.0020578435686234853,
        "n": 505,
        "p_mean_gt_0": 0.0
      },
      "folds": [
        {
          "fold_id": 1,
          "mean": -0.0014053017726747114,
          "n": 50,
          "test_end": "2025-08-01T00:00:00+00:00",
          "test_start": "2025-07-17T00:00:00+00:00"
        },
        {
          "fold_id": 2,
          "mean": -0.0015520593383193165,
          "n": 56,
          "test_end": "2025-08-16T00:00:00+00:00",
          "test_start": "2025-08-01T00:00:00+00:00"
        },
        {
          "fold_id": 3,
          "mean": -0.001320786107362649,
          "n": 48,
          "test_end": "2025-08-31T00:00:00+00:00",
          "test_start": "2025-08-16T00:00:00+00:00"
        },
        {
          "fold_id": 4,
          "mean": -0.00027190886617774825,
          "n": 27,
          "test_end": "2025-09-15T00:00:00+00:00",
          "test_start": "2025-08-31T00:00:00+00:00"
        },
        {
          "fold_id": 5,
          "mean": -0.0015315727423580064,
          "n": 21,
          "test_end": "2025-09-30T00:00:00+00:00",
          "test_start": "2025-09-15T00:00:00+00:00"
        },
        {
          "fold_id": 6,
          "mean": -0.00159910619717177,
          "n": 30,
          "test_end": "2025-10-15T00:00:00+00:00",
          "test_start": "2025-09-30T00:00:00+00:00"
        },
        {
          "fold_id": 7,
          "mean": -0.0018738393697572992,
          "n": 25,
          "test_end": "2025-10-30T00:00:00+00:00",