{
  "baseline": {
    "bps10": {
      "mean": -0.0005322171371760091,
      "mean_ci_high": -0.000375717483084786,
      "mean_ci_low": -0.0006704690764565599,
      "n": 2742,
      "p_mean_gt_0": 0.0,
      "std": 0.00399014371471966,
      "win_rate": 0.37454412837345
    },
    "bps8": {
      "mean": -0.000332217137176009,
      "mean_ci_high": -0.00017571748308478578,
      "mean_ci_low": -0.0004704690764565597,
      "n": 2742,
      "p_mean_gt_0": 0.0,
      "std": 0.00399014371471966,
      "win_rate": 0.40299051787016776
    },
    "gross": {
      "mean": 0.00046778286282399116,
      "mean_ci_high": 0.0006242825169152143,
      "mean_ci_low": 0.00032953092354344037,
      "n": 2742,
      "p_mean_gt_0": 1.0,
      "std": 0.00399014371471966,
      "win_rate": 0.5200583515681984
    }
  },
  "config": {
    "bootstrap_iters": 3000,
    "cost_mode": "all",
    "days": 365,
    "horizon": 8,
    "timeframe": "5m",
    "wf": {
      "step_days": 15,
      "test_days": 15,
      "train_days": 60
    }
  },
  "diagnostics_by_mode": {
    "bps10": {
      "mae_proxy_median": -0.0012040363128407727,
      "median_hold_return": -0.000892109613455371,
      "return_histogram_bins": [
        "(-inf,-1%)",
        "[-1%,-0.5%)",
        "[-0.5%,-0.2%)",
        "[-0.2%,0%)",
        "[0%,0.2%)",
        "[0.2%,0.5%)",
        "[0.5%,1%)",
        "[1%,inf)"
      ],
      "return_histogram_counts": [
        32,
        180,
        654,
        849,
        561,
        300,
        116,
        50
      ],
      "top10_pct_pnl_contribution": -1.395116265708063,
      "trades_per_day": 10.031197601747879
    },
    "bps8": {
      "mae_proxy_median": -0.0012040363128407727,
      "median_hold_return": -0.000692109613455371,
      "return_histogram_bins": [
        "(-inf,-1%)",
        "[-1%,-0.5%)",
        "[-0.5%,-0.2%)",
        "[-0.2%,0%)",
        "[0%,0.2%)",
        "[0.2%,0.5%)",
        "[0.5%,1%)",
        "[1%,inf)"
      ],
      "return_histogram_counts": [
        32,
        159,
        601,
        845,
        597,
        325,
        130,
        53
      ],
      "top10_pct_pnl_contribution": -2.295375678127711,
      "trades_per_day": 10.031197601747879
    },
    "gross": {
      "mae_proxy_median": -0.0012040363128407727,
      "median_hold_return": 0.00010789038654462901,
      "return_histogram_bins": [
        "(-inf,-1%)",
        "[-1%,-0.5%)",
        "[-0.5%,-0.2%)",
        "[-0.2%,0%)",
        "[0%,0.2%)",
        "[0.2%,0.5%)",
        "[0.5%,1%)",
        "[1%,inf)"
      ],
      "return_histogram_counts": [
        28,
        100,
        424,
        762,
        700,
        485,
        183,
        60
      ],
      "top10_pct_pnl_contribution": 1.8016832376369767,
      "trades_per_day": 10.031197601747879
    }
  },
  "family": "cross_asset_regime",
  "hypothesis_id": "H97",
  "timestamp_utc": "2026-02-23T06:53:19+00:00",
  "wf_by_mode": {
    "bps10": {
      "aggregate": {
        "mean": -0.0005051533674344474,
        "mean_ci_high": -0.00032542442925091817,
        "mean_ci_low": -0.0006841524186067376,
        "n": 2065,
        "p_mean_gt_0": 0.0
      },
      "folds": [
        {
          "fold_id": 1,
          "mean": -0.0012552407652037213,
          "n": 219,
          "test_end": "2025-08-01T00:00:00+00:00",
          "test_start": "2025-07-17T00:00:00+00:00"
        },
        {
          "fold_id": 2,
          "mean": -0.0005995993969075664,
          "n": 234,
          "test_end": "2025-08-16T00:00:00+00:00",
          "test_start": "2025-08-01T00:00:00+00:00"
        },
        {
          "fold_id": 3,
          "mean": -0.0003317115303442758,
          "n": 125,
          "test_end": "2025-08-31T00:00:00+00:00",
          "test_start": "2025-08-16T00:00:00+00:00"
        },
        {
          "fold_id": 4,
          "mean": -0.0012283864092640755,
          "n": 131,
          "test_end": "2025-09-15T00:00:00+00:00",
          "test_start": "2025-08-31T00:00:00+00:00"
        },
        {
          "fold_id": 5,
          "mean": -0.0003148232288546395,
          "n": 108,
          "test_end": "2025-09-30T00:00:00+00:00",
          "test_start": "2025-09-15T00:00:00+00:00"
        },
        {
          "fold_id": 6,
          "mean": -0.00043175654091405643,
          "n": 227,
          "test_end": "2025-10-15T00:00:00+00:00",
          "test_start": "2025-09-30T00:00:00+00:00"
        },
        {
          "fold_id": 7,
          "mean": -0.0006986644455799241,
          "n": 97,
          "test_end": "2025-10-30T00:00:00+00:00",
          "test_start": "2025-10-15T00:00:00+00:00"
        },
        {
          "fold_id": 8,
          "mean": -0.00015360083511340274,
          "n": 123,
          "test_end": "2025-11-14T00:00:00+00:00",
          "test_start": "2025-10-30T00:00:00+00:00"
        },
        {
          "fold_id": 9,
          "mean": 0.0003603041902789242,
          "n": 87,
          "test_end": "2025-11-29T00:00:00+00:00",
          "test_start": "2025-11-14T00:00:00+00:00"
        },
        {
          "fold_id": 10,
          "mean": -0.00028169415709325835,
          "n": 171,
          "test_end": "2025-12-14T00:00:00+00:00",
          "test_start": "2025-11-29T00:00:00+00:00"
        },
        {
          "fold_id": 11,
          "mean": -0.0007447759465725867,
          "n": 85,
          "test_end": "2025-12-29T00:00:00+00:00",
          "test_start": "2025-12-14T00:00:00+00:00"
        },
        {
          "fold_id": 12,
          "mean": -0.0008334270428773506,
          "n": 137,
          "test_end": "2026-01-13T00:00:00+00:00",
          "test_start": "2025-12-29T00:00:00+00:00"
        },
        {
          "fold_id": 13,
          "mean": -0.0005749060469461128,
          "n": 164,
          "test_end": "2026-01-28T00:00:00+00:00",
          "test_start": "2026-01-13T00:00:00+00:00"
        },
        {
          "fold_id": 14,
          "mean": 0.0005204530534725057,
          "n": 157,
          "test_end": "2026-02-12T00:00:00+00:00",
          "test_start": "2026-01-28T00:00:00+00:00"
        }
      ],
      "positive_folds": {
        "count": 2,
        "pct": 14.285714285714286,
        "total": 14
      },
      "split": {
        "step_days": 15,
        "test_days": 15,
        "train_days": 60
      }
    },
    "bps8": {
      "aggregate": {
        "mean": -0.00030515336743444703,
        "mean_ci_high": -0.0001254244292509178,
        "mean_ci_low": -0.0004841524186067374,
        "n": 2065,
        "p_mean_gt_0": 0.0003333333333333333
      },
      "folds": [
        {
          "fold_id": 1,
          "mean": -0.0010552407652037207,
          "n": 219,
          "test_end": "2025-08-01T00:00:00+00:00",
          "test_start": "2025-07-17T00:00:00+00:00"
        },
        {
          "fold_id": 2,
          "mean": -0.00039959939690756627,
          "n": 234,
          "test_end": "2025-08-16T00:00:00+00:00",
          "test_start": "2025-08-01T00:00:00+00:00"
        },
        {
          "fold_id": 3,
          "mean": -0.00013171153034427543,
          "n": 125,
          "test_end": "2025-08-31T00:00:00+00:00",
          "test_start": "2025-08-16T00:00:00+00:00"
        },
        {
          "fold_id": 4,
          "mean": -0.0010283864092640754,
          "n": 131,
          "test_end": "2025-09-15T00:00:00+00:00",
          "test_start": "2025-08-31T00:00:00+00:00"
        },
        {
          "fold_id": 5,
          "mean": -0.00011482322885463915,
          "n": 108,
          "test_end": "2025-09-30T00:00:00+00:00",
          "test_start": "2025-09-15T00:00:00+00:00"
        },
        {
          "fold_id": 6,
          "mean": -0.00023175654091405626,
          "n": 227,
          "test_end": "2025-10-15T00:00:00+00:00",
          "test_start": "2025-09-30T00:00:00+00:00"
        },
        {
          "fold_id": 7,
          "mean": -0.0004986644455799238,
          "n": 97,