{
  "baseline": {
    "bps10": {
      "mean": -0.0002605048726841665,
      "mean_ci_high": 0.0001006023135122263,
      "mean_ci_low": -0.0006090120594799254,
      "n": 797,
      "p_mean_gt_0": 0.083,
      "std": 0.005183835950363283,
      "win_rate": 0.3989962358845671
    },
    "bps8": {
      "mean": -6.050487268416618e-05,
      "mean_ci_high": 0.0003006023135122266,
      "mean_ci_low": -0.0004090120594799252,
      "n": 797,
      "p_mean_gt_0": 0.36466666666666664,
      "std": 0.005183835950363283,
      "win_rate": 0.424090338770389
    },
    "gross": {
      "mean": 0.0007394951273158339,
      "mean_ci_high": 0.0011006023135122268,
      "mean_ci_low": 0.00039098794052007494,
      "n": 797,
      "p_mean_gt_0": 1.0,
      "std": 0.005183835950363283,
      "win_rate": 0.5420326223337516
    }
  },
  "config": {
    "bootstrap_iters": 3000,
    "cost_mode": "all",
    "days": 180,
    "horizon": 8,
    "timeframe": "5m",
    "wf": {
      "step_days": 15,
      "test_days": 15,
      "train_days": 60
    }
  },
  "diagnostics_by_mode": {
    "bps10": {
      "mae_proxy_median": -0.0014323976178811648,
      "median_hold_return": -0.0007440170940170568,
      "return_histogram_bins": [
        "(-inf,-1%)",
        "[-1%,-0.5%)",
        "[-0.5%,-0.2%)",
        "[-0.2%,0%)",
        "[0%,0.2%)",
        "[0.2%,0.5%)",
        "[0.5%,1%)",
        "[1%,inf)"
      ],
      "return_histogram_counts": [
        18,
        76,
        166,
        219,
        137,
        101,
        52,
        28
      ],
      "top10_pct_pnl_contribution": -3.96965123868583,
      "trades_per_day": 9.025479710600818
    },
    "bps8": {
      "mae_proxy_median": -0.0014323976178811648,
      "median_hold_return": -0.0005440170940170568,
      "return_histogram_bins": [
        "(-inf,-1%)",
        "[-1%,-0.5%)",
        "[-0.5%,-0.2%)",
        "[-0.2%,0%)",
        "[0%,0.2%)",
        "[0.2%,0.5%)",
        "[0.5%,1%)",
        "[1%,inf)"
      ],
      "return_histogram_counts": [
        18,
        69,
        154,
        218,
        140,
        112,
        55,
        31
      ],
      "top10_pct_pnl_contribution": -17.423204546613803,
      "trades_per_day": 9.025479710600818
    },
    "gross": {
      "mae_proxy_median": -0.0014323976178811648,
      "median_hold_return": 0.00025598290598294327,
      "return_histogram_bins": [
        "(-inf,-1%)",
        "[-1%,-0.5%)",
        "[-0.5%,-0.2%)",
        "[-0.2%,0%)",
        "[0%,0.2%)",
        "[0.2%,0.5%)",
        "[0.5%,1%)",
        "[1%,inf)"
      ],
      "return_histogram_counts": [
        17,
        45,
        120,
        181,
        186,
        144,
        70,
        34
      ],
      "top10_pct_pnl_contribution": 1.5341411459945289,
      "trades_per_day": 9.025479710600818
    }
  },
  "family": "cross_asset_regime",
  "hypothesis_id": "H97",
  "timestamp_utc": "2026-02-23T06:46:15+00:00",
  "wf_by_mode": {
    "bps10": {
      "aggregate": {
        "mean": -0.00015029253791209334,
        "mean_ci_high": 0.0006076266115821377,
        "mean_ci_low": -0.0009433137629385872,
        "n": 163,
        "p_mean_gt_0": 0.3556666666666667
      },
      "folds": [
        {
          "fold_id": 1,
          "mean": -0.00015029253791209334,
          "n": 163,
          "test_end": "2026-02-02T00:00:00+00:00",
          "test_start": "2026-01-18T00:00:00+00:00"
        }
      ],
      "positive_folds": {
        "count": 0,
        "pct": 0.0,
        "total": 1
      },
      "split": {
        "step_days": 15,
        "test_days": 15,
        "train_days": 60
      }
    },
    "bps8": {
      "aggregate": {
        "mean": 4.970746208790694e-05,
        "mean_ci_high": 0.000807626611582138,
        "mean_ci_low": -0.0007433137629385869,
        "n": 163,
        "p_mean_gt_0": 0.556
      },
      "folds": [
        {
          "fold_id": 1,
          "mean": 4.970746208790694e-05,
          "n": 163,
          "test_end": "2026-02-02T00:00:00+00:00",
          "test_start": "2026-01-18T00:00:00+00:00"
        }
      ],
      "positive_folds": {
        "count": 1,
        "pct": 100.0,
        "total": 1
      },
      "split": {
        "step_days": 15,
        "test_days": 15,
        "train_days": 60
      }
    },
    "gross": {
      "aggregate": {
        "mean": 0.000849707462087907,
        "mean_ci_high": 0.0016076266115821383,
        "mean_ci_low": 5.668623706141309e-05,
        "n": 163,
        "p_mean_gt_0": 0.9826666666666667
      },
      "folds": [
        {
          "fold_id": 1,
          "mean": 0.000849707462087907,
          "n": 163,
          "test_end": "2026-02-02T00:00:00+00:00",
          "test_start": "2026-01-18T00:00:00+00:00"
        }
      ],
      "positive_folds": {
        "count": 1,
        "pct": 100.0,
        "total": 1
      },
      "split": {
        "step_days": 15,
        "test_days": 15,
        "train_days": 60
      }
    }
  }
}