{
  "baseline": {
    "bps10": {
      "mean": 0.0011332023806697041,
      "mean_ci_high": 0.00207136830953717,
      "mean_ci_low": 0.00025094567238637876,
      "n": 31,
      "p_mean_gt_0": 0.9973333333333333,
      "std": 0.0025474932175343678,
      "win_rate": 0.6129032258064516
    },
    "bps8": {
      "mean": 0.0013332023806697042,
      "mean_ci_high": 0.002271368309537169,
      "mean_ci_low": 0.00045094567238637874,
      "n": 31,
      "p_mean_gt_0": 0.9996666666666667,
      "std": 0.0025474932175343678,
      "win_rate": 0.6774193548387096
    },
    "gross": {
      "mean": 0.0021332023806697044,
      "mean_ci_high": 0.00307136830953717,
      "mean_ci_low": 0.0012509456723863788,
      "n": 31,
      "p_mean_gt_0": 1.0,
      "std": 0.0025474932175343678,
      "win_rate": 0.8064516129032258
    }
  },
  "config": {
    "bootstrap_iters": 3000,
    "cost_mode": "all",
    "days": 180,
    "horizon": 6,
    "timeframe": "5m",
    "wf": {
      "step_days": 15,
      "test_days": 15,
      "train_days": 60
    }
  },
  "diagnostics_by_mode": {
    "bps10": {
      "mae_proxy_median": -0.00015674300345569492,
      "median_hold_return": 0.0006814156550660764,
      "return_histogram_bins": [
        "(-inf,-1%)",
        "[-1%,-0.5%)",
        "[-0.5%,-0.2%)",
        "[-0.2%,0%)",
        "[0%,0.2%)",
        "[0.2%,0.5%)",
        "[0.5%,1%)",
        "[1%,inf)"
      ],
      "return_histogram_counts": [
        0,
        0,
        3,
        9,
        9,
        8,
        2,
        0
      ],
      "top10_pct_pnl_contribution": 0.6764309776854998,
      "trades_per_day": 0.1804511278195489
    },
    "bps8": {
      "mae_proxy_median": -0.00015674300345569492,
      "median_hold_return": 0.0008814156550660763,
      "return_histogram_bins": [
        "(-inf,-1%)",
        "[-1%,-0.5%)",
        "[-0.5%,-0.2%)",
        "[-0.2%,0%)",
        "[0%,0.2%)",
        "[0.2%,0.5%)",
        "[0.5%,1%)",
        "[1%,inf)"
      ],
      "return_histogram_counts": [
        0,
        0,
        3,
        7,
        11,
        8,
        2,
        0
      ],
      "top10_pct_pnl_contribution": 0.5943131045766907,
      "trades_per_day": 0.1804511278195489
    },
    "gross": {
      "mae_proxy_median": -0.00015674300345569492,
      "median_hold_return": 0.0016814156550660764,
      "return_histogram_bins": [
        "(-inf,-1%)",
        "[-1%,-0.5%)",
        "[-0.5%,-0.2%)",
        "[-0.2%,0%)",
        "[0%,0.2%)",
        "[0.2%,0.5%)",
        "[0.5%,1%)",
        "[1%,inf)"
      ],
      "return_histogram_counts": [
        0,
        0,
        0,
        6,
        10,
        11,
        4,
        0
      ],
      "top10_pct_pnl_contribution": 0.41982207616668016,
      "trades_per_day": 0.1804511278195489
    }
  },
  "family": "cross_asset_regime",
  "hypothesis_id": "H99",
  "timestamp_utc": "2026-02-23T06:28:11+00:00",
  "wf_by_mode": {
    "bps10": {
      "aggregate": {
        "mean": 0.0010495814130417839,
        "mean_ci_high": 0.002249987165242698,
        "mean_ci_low": -8.869341597374795e-05,
        "n": 19,
        "p_mean_gt_0": 0.963
      },
      "folds": [
        {
          "fold_id": 1,
          "mean": 0.0005519252742629774,
          "n": 5,
          "test_end": "2025-11-16T00:00:00+00:00",
          "test_start": "2025-11-01T00:00:00+00:00"
        },
        {
          "fold_id": 2,
          "mean": 0.0010972295871910518,
          "n": 2,
          "test_end": "2025-12-01T00:00:00+00:00",
          "test_start": "2025-11-16T00:00:00+00:00"
        },
        {
          "fold_id": 3,
          "mean": 0.0013578401026579376,
          "n": 4,
          "test_end": "2025-12-16T00:00:00+00:00",
          "test_start": "2025-12-01T00:00:00+00:00"
        },
        {
          "fold_id": 4,
          "mean": 0.0006834095556905737,
          "n": 2,
          "test_end": "2025-12-31T00:00:00+00:00",
          "test_start": "2025-12-16T00:00:00+00:00"
        },
        {
          "fold_id": 5,
          "mean": 0.001663746219800145,
          "n": 2,
          "test_end": "2026-01-15T00:00:00+00:00",
          "test_start": "2025-12-31T00:00:00+00:00"
        },
        {
          "fold_id": 6,
          "mean": -0.0006791213158326972,
          "n": 2,
          "test_end": "2026-01-30T00:00:00+00:00",
          "test_start": "2026-01-15T00:00:00+00:00"
        },
        {
          "fold_id": 7,
          "mean": 0.003110265986074557,
          "n": 2,
          "test_end": "2026-02-14T00:00:00+00:00",
          "test_start": "2026-01-30T00:00:00+00:00"
        }
      ],
      "positive_folds": {
        "count": 6,
        "pct": 85.71428571428571,
        "total": 7
      },
      "split": {
        "step_days": 15,
        "test_days": 15,
        "train_days": 60
      }
    },
    "bps8": {
      "aggregate": {
        "mean": 0.0012495814130417842,
        "mean_ci_high": 0.002449987165242698,
        "mean_ci_low": 0.00011130658402625209,
        "n": 19,
        "p_mean_gt_0": 0.9866666666666667
      },
      "folds": [
        {
          "fold_id": 1,
          "mean": 0.0007519252742629774,
          "n": 5,
          "test_end": "2025-11-16T00:00:00+00:00",
          "test_start": "2025-11-01T00:00:00+00:00"
        },
        {
          "fold_id": 2,
          "mean": 0.0012972295871910519,
          "n": 2,
          "test_end": "2025-12-01T00:00:00+00:00",
          "test_start": "2025-11-16T00:00:00+00:00"
        },
        {
          "fold_id": 3,
          "mean": 0.0015578401026579377,
          "n": 4,
          "test_end": "2025-12-16T00:00:00+00:00",
          "test_start": "2025-12-01T00:00:00+00:00"
        },
        {
          "fold_id": 4,
          "mean": 0.0008834095556905736,
          "n": 2,
          "test_end": "2025-12-31T00:00:00+00:00",
          "test_start": "2025-12-16T00:00:00+00:00"
        },
        {
          "fold_id": 5,
          "mean": 0.001863746219800145,
          "n": 2,
          "test_end": "2026-01-15T00:00:00+00:00",
          "test_start": "2025-12-31T00:00:00+00:00"
        },
        {
          "fold_id": 6,
          "mean": -0.00047912131583269723,
          "n": 2,
          "test_end": "2026-01-30T00:00:00+00:00",
          "test_start": "2026-01-15T00:00:00+00:00"
        },
        {
          "fold_id": 7,
          "mean": 0.003310265986074557,
          "n": 2,
          "test_end": "2026-02-14T00:00:00+00:00",
          "test_start": "2026-01-30T00:00:00+00:00"
        }
      ],
      "positive_folds": {
        "count": 6,
        "pct": 85.71428571428571,
        "total": 7
      },
      "split": {
        "step_days": 15,
        "test_days": 15,
        "train_days": 60
      }
    },
    "gross": {
      "aggregate": {
        "mean": 0.0020495814130417843,
        "mean_ci_high": 0.003249987165242698,
        "mean_ci_low": 0.000911306584026252,
        "n": 19,
        "p_mean_gt_0": 1.0
      },
      "folds": [
        {
          "fold_id": 1,
          "mean": 0.0015519252742629774,
          "n": 5,
          "test_end": "2025-11-16T00:00:00+00:00",
          "test_start": "2025-11-01T00:00:00+00:00"
        },
        {
          "fold_id": 2,
          "mean": 0.002097229587191052,
          "n": 2,
          "test_end": "2025-12-01T00:00:00+00:00",
          "test_start": "2025-11-16T00:00:00+00:00"
        },
        {
          "fold_id": 3,
          "mean": 0.0023578401026579376,
          "n": 4,
          "test_end": "2025-12-16T00:00:00+00:00",
          "test_start": "2025-12-01T00:00:00+00:00"
        },
        {
          "fold_id": 4,
          "mean": 0.0016834095556905737,
          "n": 2,
          "test_end": "2025-12-31T00:00:00+00:00",
          "test_start": "2025-12-16T00:00:00+00:00"
        },
        {
          "fold_id": 5,
          "mean": 0.002663746219800145,
          "n": 2,
          "test_end": "2026-01-15T00:00:00+00:00",