{
  "baseline": {
    "bps10": {
      "mean": 0.0010271566809205623,
      "mean_ci_high": 0.001793696066164697,
      "mean_ci_low": 0.00040257633436351835,
      "n": 70,
      "p_mean_gt_0": 1.0,
      "std": 0.002876124628299943,
      "win_rate": 0.5571428571428572
    },
    "bps8": {
      "mean": 0.0012271566809205626,
      "mean_ci_high": 0.0019936960661646975,
      "mean_ci_low": 0.0006025763343635181,
      "n": 70,
      "p_mean_gt_0": 1.0,
      "std": 0.0028761246282999428,
      "win_rate": 0.6142857142857143
    },
    "gross": {
      "mean": 0.0020271566809205626,
      "mean_ci_high": 0.0027936960661646974,
      "mean_ci_low": 0.0014025763343635184,
      "n": 70,
      "p_mean_gt_0": 1.0,
      "std": 0.002876124628299943,
      "win_rate": 0.8428571428571429
    }
  },
  "config": {
    "bootstrap_iters": 3000,
    "cost_mode": "all",
    "days": 365,
    "horizon": 6,
    "timeframe": "5m",
    "wf": {
      "step_days": 15,
      "test_days": 15,
      "train_days": 60
    }
  },
  "diagnostics_by_mode": {
    "bps10": {
      "mae_proxy_median": -8.797662484638646e-05,
      "median_hold_return": 0.00014370611971320588,
      "return_histogram_bins": [
        "(-inf,-1%)",
        "[-1%,-0.5%)",
        "[-0.5%,-0.2%)",
        "[-0.2%,0%)",
        "[0%,0.2%)",
        "[0.2%,0.5%)",
        "[0.5%,1%)",
        "[1%,inf)"
      ],
      "return_histogram_counts": [
        0,
        0,
        5,
        26,
        19,
        15,
        4,
        1
      ],
      "top10_pct_pnl_contribution": 0.7106088964506581,
      "trades_per_day": 0.1929482025956127
    },
    "bps8": {
      "mae_proxy_median": -8.797662484638646e-05,
      "median_hold_return": 0.00034370611971320587,
      "return_histogram_bins": [
        "(-inf,-1%)",
        "[-1%,-0.5%)",
        "[-0.5%,-0.2%)",
        "[-0.2%,0%)",
        "[0%,0.2%)",
        "[0.2%,0.5%)",
        "[0.5%,1%)",
        "[1%,inf)"
      ],
      "return_histogram_counts": [
        0,
        0,
        5,
        22,
        23,
        15,
        4,
        1
      ],
      "top10_pct_pnl_contribution": 0.611092851605821,
      "trades_per_day": 0.1929482025956127
    },
    "gross": {
      "mae_proxy_median": -8.797662484638646e-05,
      "median_hold_return": 0.001143706119713206,
      "return_histogram_bins": [
        "(-inf,-1%)",
        "[-1%,-0.5%)",
        "[-0.5%,-0.2%)",
        "[-0.2%,0%)",
        "[0%,0.2%)",
        "[0.2%,0.5%)",
        "[0.5%,1%)",
        "[1%,inf)"
      ],
      "return_histogram_counts": [
        0,
        0,
        2,
        9,
        30,
        21,
        7,
        1
      ],
      "top10_pct_pnl_contribution": 0.4093944406576448,
      "trades_per_day": 0.1929482025956127
    }
  },
  "family": "cross_asset_regime",
  "hypothesis_id": "H99",
  "timestamp_utc": "2026-02-23T06:53:24+00:00",
  "wf_by_mode": {
    "bps10": {
      "aggregate": {
        "mean": 0.0009845011986838906,
        "mean_ci_high": 0.0017833986702146618,
        "mean_ci_low": 0.00023889506392791665,
        "n": 56,
        "p_mean_gt_0": 0.996
      },
      "folds": [
        {
          "fold_id": 1,
          "mean": -0.0005243201565143787,
          "n": 4,
          "test_end": "2025-05-09T00:00:00+00:00",
          "test_start": "2025-04-24T00:00:00+00:00"
        },
        {
          "fold_id": 2,
          "mean": 0.002050661285634193,
          "n": 2,
          "test_end": "2025-05-24T00:00:00+00:00",
          "test_start": "2025-05-09T00:00:00+00:00"
        },
        {
          "fold_id": 3,
          "mean": -0.0004840850970336255,
          "n": 4,
          "test_end": "2025-06-08T00:00:00+00:00",
          "test_start": "2025-05-24T00:00:00+00:00"
        },
        {
          "fold_id": 4,
          "mean": 0.0028632834015582262,
          "n": 2,
          "test_end": "2025-06-23T00:00:00+00:00",
          "test_start": "2025-06-08T00:00:00+00:00"
        },
        {
          "fold_id": 5,
          "mean": -0.0002970842080277416,
          "n": 5,
          "test_end": "2025-07-08T00:00:00+00:00",
          "test_start": "2025-06-23T00:00:00+00:00"
        },
        {
          "fold_id": 6,
          "mean": 0.0,
          "n": 0,
          "test_end": "2025-07-23T00:00:00+00:00",
          "test_start": "2025-07-08T00:00:00+00:00"
        },
        {
          "fold_id": 7,
          "mean": -0.0004985922889579692,
          "n": 6,
          "test_end": "2025-08-07T00:00:00+00:00",
          "test_start": "2025-07-23T00:00:00+00:00"
        },
        {
          "fold_id": 8,
          "mean": 0.005890317991831595,
          "n": 3,
          "test_end": "2025-08-22T00:00:00+00:00",
          "test_start": "2025-08-07T00:00:00+00:00"
        },
        {
          "fold_id": 9,
          "mean": 0.0017903872321349554,
          "n": 4,
          "test_end": "2025-09-06T00:00:00+00:00",
          "test_start": "2025-08-22T00:00:00+00:00"
        },
        {
          "fold_id": 10,
          "mean": 5.796207428898723e-05,
          "n": 1,
          "test_end": "2025-09-21T00:00:00+00:00",
          "test_start": "2025-09-06T00:00:00+00:00"
        },
        {
          "fold_id": 11,
          "mean": -0.001229126766203569,
          "n": 2,
          "test_end": "2025-10-06T00:00:00+00:00",
          "test_start": "2025-09-21T00:00:00+00:00"
        },
        {
          "fold_id": 12,
          "mean": 0.0038172249628007924,
          "n": 1,
          "test_end": "2025-10-21T00:00:00+00:00",
          "test_start": "2025-10-06T00:00:00+00:00"
        },
        {
          "fold_id": 13,
          "mean": 0.00026601061052078465,
          "n": 2,
          "test_end": "2025-11-05T00:00:00+00:00",
          "test_start": "2025-10-21T00:00:00+00:00"
        },
        {
          "fold_id": 14,
          "mean": 0.0007077265065281415,
          "n": 7,
          "test_end": "2025-11-20T00:00:00+00:00",
          "test_start": "2025-11-05T00:00:00+00:00"
        },
        {
          "fold_id": 15,
          "mean": 0.0013681004963942431,
          "n": 1,
          "test_end": "2025-12-05T00:00:00+00:00",
          "test_start": "2025-11-20T00:00:00+00:00"
        },
        {
          "fold_id": 16,
          "mean": 0.0013544199714125025,
          "n": 3,
          "test_end": "2025-12-20T00:00:00+00:00",
          "test_start": "2025-12-05T00:00:00+00:00"
        },
        {
          "fold_id": 17,
          "mean": 0.0011735778877453593,
          "n": 4,
          "test_end": "2026-01-04T00:00:00+00:00",
          "test_start": "2025-12-20T00:00:00+00:00"
        },
        {
          "fold_id": 18,
          "mean": 0.0,
          "n": 0,
          "test_end": "2026-01-19T00:00:00+00:00",
          "test_start": "2026-01-04T00:00:00+00:00"
        },
        {
          "fold_id": 19,
          "mean": -0.0009752136294920065,
          "n": 3,
          "test_end": "2026-02-03T00:00:00+00:00",
          "test_start": "2026-01-19T00:00:00+00:00"
        },
        {
          "fold_id": 20,
          "mean": 0.007439599645699292,
          "n": 2,
          "test_end": "2026-02-18T00:00:00+00:00",
          "test_start": "2026-02-03T00:00:00+00:00"
        }
      ],
      "positive_folds": {
        "count": 12,
        "pct": 60.0,
        "total": 20
      },
      "split": {
        "step_days": 15,
        "test_days": 15,
        "train_days": 60
      }
    },
    "bps8": {
      "aggregate": {
        "mean": 0.0011845011986838902,
        "mean_ci_high": 0.0019833986702146623,
        "mean_ci_low": 0.0004388950639279167,
        "n": 56,
        "p_mean_gt_0": 0.9993333333333333
      },
      "folds": [
        {
          "fold_id": 1,
          "mean": -0.0003243201565143787,
          "n": 4,
          "test_end": "2025-05-09T00:00:00+00:00",
          "test_start": "2025-04-24T00:00:00+00:00"
        },
        {
          "fold_id": 2,