{
  "baseline": {
    "bps10": {
      "ci_high": -0.0007655496562436221,
      "ci_low": -0.000983117697402328,
      "mean": -0.0008757192310880842,
      "n": 3747,
      "p_mean_gt_0": 0.0,
      "std": 0.0034231936006102457,
      "win_rate": 0.303709634374166
    },
    "bps8": {
      "ci_high": -0.0005655496562436219,
      "ci_low": -0.0007831176974023279,
      "mean": -0.0006757192310880838,
      "n": 3747,
      "p_mean_gt_0": 0.0,
      "std": 0.0034231936006102457,
      "win_rate": 0.3322658126501201
    },
    "gross": {
      "ci_high": 0.00023445034375637827,
      "ci_low": 1.6882302597672192e-05,
      "mean": 0.0001242807689119162,
      "n": 3747,
      "p_mean_gt_0": 0.9883333333333333,
      "std": 0.0034231936006102457,
      "win_rate": 0.5038697624766479
    }
  },
  "classification": "FAIL",
  "commands": [
    "PYTHONPATH=. .venv/bin/python scripts/research_family_runner.py --hypothesis-id H37 --family cross_asset_regime --days 180 --timeframe 5m --horizon 6 --cost-mode gross --wf 60 15 15 --bootstrap-iters 3000 --output-json results/archive/h37_runner_20260217T174736Z_gross.json",
    "PYTHONPATH=. .venv/bin/python scripts/research_family_runner.py --hypothesis-id H37 --family cross_asset_regime --days 180 --timeframe 5m --horizon 6 --cost-mode bps8 --wf 60 15 15 --bootstrap-iters 3000 --output-json results/archive/h37_runner_20260217T174737Z_bps8.json",
    "PYTHONPATH=. .venv/bin/python scripts/research_family_runner.py --hypothesis-id H37 --family cross_asset_regime --days 180 --timeframe 5m --horizon 6 --cost-mode bps10 --wf 60 15 15 --bootstrap-iters 3000 --output-json results/archive/h37_runner_20260217T174739Z_bps10.json"
  ],
  "dataset": {
    "horizon_bars": 6,
    "lookback_days": 180,
    "primary_symbols": [
      "BTC-USD"
    ],
    "secondary_symbols": [
      "ETH-USD"
    ],
    "timeframe": "5m"
  },
  "hypothesis_id": "H37",
  "notes": "Adapter executed scripts/research_family_runner.py for cross_asset_regime gross/bps8/bps10 and combined machine JSON outputs.",
  "timestamp_utc": "2026-02-17T17:47:40+00:00",
  "walkforward": {
    "modes": {
      "bps10": {
        "aggregate": {
          "mean": -0.0007950443633725125,
          "mean_ci_high": -0.000558934879199211,
          "mean_ci_low": -0.0010344375287873213,
          "n": 1066,
          "p_mean_gt_0": 0.0
        },
        "folds": [
          {
            "fold_id": 1,
            "mean": -0.0008970508249884333,
            "n": 600,
            "test_end": "2026-01-27T00:00:00+00:00",
            "test_start": "2026-01-12T00:00:00+00:00"
          },
          {
            "fold_id": 2,
            "mean": -0.000663705571592357,
            "n": 466,
            "test_end": "2026-02-11T00:00:00+00:00",
            "test_start": "2026-01-27T00:00:00+00:00"
          }
        ],
        "positive_folds": {
          "count": 0,
          "pct": 0.0,
          "total": 2
        }
      },
      "bps8": {
        "aggregate": {
          "mean": -0.0005950443633725123,
          "mean_ci_high": -0.0003589348791992108,
          "mean_ci_low": -0.0008344375287873209,
          "n": 1066,
          "p_mean_gt_0": 0.0
        },
        "folds": [
          {
            "fold_id": 1,
            "mean": -0.0006970508249884332,
            "n": 600,
            "test_end": "2026-01-27T00:00:00+00:00",
            "test_start": "2026-01-12T00:00:00+00:00"
          },
          {
            "fold_id": 2,
            "mean": -0.0004637055715923568,
            "n": 466,
            "test_end": "2026-02-11T00:00:00+00:00",
            "test_start": "2026-01-27T00:00:00+00:00"
          }
        ],
        "positive_folds": {
          "count": 0,
          "pct": 0.0,
          "total": 2
        }
      },
      "gross": {
        "aggregate": {
          "mean": 0.00020495563662748775,
          "mean_ci_high": 0.0004410651208007892,
          "mean_ci_low": -3.443752878732085e-05,
          "n": 1066,
          "p_mean_gt_0": 0.9483333333333334
        },
        "folds": [
          {
            "fold_id": 1,
            "mean": 0.00010294917501156686,
            "n": 600,
            "test_end": "2026-01-27T00:00:00+00:00",
            "test_start": "2026-01-12T00:00:00+00:00"
          },
          {
            "fold_id": 2,
            "mean": 0.0003362944284076434,
            "n": 466,
            "test_end": "2026-02-11T00:00:00+00:00",
            "test_start": "2026-01-27T00:00:00+00:00"
          }
        ],
        "positive_folds": {
          "count": 2,
          "pct": 100.0,
          "total": 2
        }
      }
    },
    "split": {
      "step_days": 15,
      "test_days": 15,
      "train_days": 60
    }
  }
}