{
  "baseline": {
    "bps10": {
      "ci_high": -0.0010737761748586248,
      "ci_low": -0.0012741288618606191,
      "mean": -0.0011707259739250242,
      "n": 5092,
      "p_mean_gt_0": 0.0,
      "std": 0.003676716040449532,
      "win_rate": 0.2700314218381775
    },
    "bps8": {
      "ci_high": -0.0008737761748586249,
      "ci_low": -0.0010741288618606188,
      "mean": -0.0009707259739250243,
      "n": 5092,
      "p_mean_gt_0": 0.0,
      "std": 0.003676716040449532,
      "win_rate": 0.30243519245875883
    },
    "gross": {
      "ci_high": -7.37761748586248e-05,
      "ci_low": -0.0002741288618606189,
      "mean": -0.00017072597392502409,
      "n": 5092,
      "p_mean_gt_0": 0.0006666666666666666,
      "std": 0.003676716040449532,
      "win_rate": 0.46504320502749413
    }
  },
  "classification": "FAIL",
  "commands": [
    "PYTHONPATH=. .venv/bin/python scripts/research_family_runner.py --hypothesis-id H56 --family range_structure --days 180 --timeframe 5m --horizon 6 --cost-mode gross --wf 60 15 15 --bootstrap-iters 3000 --output-json results/archive/h56_runner_20260217T180422Z_gross.json",
    "PYTHONPATH=. .venv/bin/python scripts/research_family_runner.py --hypothesis-id H56 --family range_structure --days 180 --timeframe 5m --horizon 6 --cost-mode bps8 --wf 60 15 15 --bootstrap-iters 3000 --output-json results/archive/h56_runner_20260217T180424Z_bps8.json",
    "PYTHONPATH=. .venv/bin/python scripts/research_family_runner.py --hypothesis-id H56 --family range_structure --days 180 --timeframe 5m --horizon 6 --cost-mode bps10 --wf 60 15 15 --bootstrap-iters 3000 --output-json results/archive/h56_runner_20260217T180425Z_bps10.json"
  ],
  "dataset": {
    "horizon_bars": 6,
    "lookback_days": 180,
    "primary_symbols": [
      "BTC-USD"
    ],
    "secondary_symbols": [
      "ETH-USD"
    ],
    "timeframe": "5m"
  },
  "hypothesis_id": "H56",
  "notes": "Adapter executed scripts/research_family_runner.py for range_structure gross/bps8/bps10 and combined machine JSON outputs.",
  "timestamp_utc": "2026-02-17T18:04:26+00:00",
  "walkforward": {
    "modes": {
      "bps10": {
        "aggregate": {
          "mean": -0.0012278733088273667,
          "mean_ci_high": -0.0010959300089516224,
          "mean_ci_low": -0.0013645006647184182,
          "n": 3379,
          "p_mean_gt_0": 0.0
        },
        "folds": [
          {
            "fold_id": 1,
            "mean": -0.0013360631087274923,
            "n": 419,
            "test_end": "2025-11-04T00:00:00+00:00",
            "test_start": "2025-10-20T00:00:00+00:00"
          },
          {
            "fold_id": 2,
            "mean": -0.0012360447001175715,
            "n": 434,
            "test_end": "2025-11-19T00:00:00+00:00",
            "test_start": "2025-11-04T00:00:00+00:00"
          },
          {
            "fold_id": 3,
            "mean": -0.0012545651110787929,
            "n": 425,
            "test_end": "2025-12-04T00:00:00+00:00",
            "test_start": "2025-11-19T00:00:00+00:00"
          },
          {
            "fold_id": 4,
            "mean": -0.001165606114060697,
            "n": 415,
            "test_end": "2025-12-19T00:00:00+00:00",
            "test_start": "2025-12-04T00:00:00+00:00"
          },
          {
            "fold_id": 5,
            "mean": -0.001223488570703694,
            "n": 411,
            "test_end": "2026-01-03T00:00:00+00:00",
            "test_start": "2025-12-19T00:00:00+00:00"
          },
          {
            "fold_id": 6,
            "mean": -0.0011205325715800776,
            "n": 427,
            "test_end": "2026-01-18T00:00:00+00:00",
            "test_start": "2026-01-03T00:00:00+00:00"
          },
          {
            "fold_id": 7,
            "mean": -0.001195187996104322,
            "n": 443,
            "test_end": "2026-02-02T00:00:00+00:00",
            "test_start": "2026-01-18T00:00:00+00:00"
          },
          {
            "fold_id": 8,
            "mean": -0.0012963552238963564,
            "n": 405,
            "test_end": "2026-02-17T00:00:00+00:00",
            "test_start": "2026-02-02T00:00:00+00:00"
          }
        ],
        "positive_folds": {
          "count": 0,
          "pct": 0.0,
          "total": 8
        }
      },
      "bps8": {
        "aggregate": {
          "mean": -0.0010278733088273664,
          "mean_ci_high": -0.000895930008951622,
          "mean_ci_low": -0.0011645006647184176,
          "n": 3379,
          "p_mean_gt_0": 0.0
        },
        "folds": [
          {
            "fold_id": 1,
            "mean": -0.0011360631087274917,
            "n": 419,
            "test_end": "2025-11-04T00:00:00+00:00",
            "test_start": "2025-10-20T00:00:00+00:00"
          },
          {
            "fold_id": 2,
            "mean": -0.0010360447001175714,
            "n": 434,
            "test_end": "2025-11-19T00:00:00+00:00",
            "test_start": "2025-11-04T00:00:00+00:00"
          },
          {
            "fold_id": 3,
            "mean": -0.0010545651110787926,
            "n": 425,
            "test_end": "2025-12-04T00:00:00+00:00",
            "test_start": "2025-11-19T00:00:00+00:00"
          },
          {
            "fold_id": 4,
            "mean": -0.0009656061140606969,
            "n": 415,
            "test_end": "2025-12-19T00:00:00+00:00",
            "test_start": "2025-12-04T00:00:00+00:00"
          },
          {
            "fold_id": 5,
            "mean": -0.0010234885707036936,
            "n": 411,
            "test_end": "2026-01-03T00:00:00+00:00",
            "test_start": "2025-12-19T00:00:00+00:00"
          },
          {
            "fold_id": 6,
            "mean": -0.0009205325715800773,
            "n": 427,
            "test_end": "2026-01-18T00:00:00+00:00",
            "test_start": "2026-01-03T00:00:00+00:00"
          },
          {
            "fold_id": 7,
            "mean": -0.0009951879961043214,
            "n": 443,
            "test_end": "2026-02-02T00:00:00+00:00",
            "test_start": "2026-01-18T00:00:00+00:00"
          },
          {
            "fold_id": 8,
            "mean": -0.0010963552238963563,
            "n": 405,
            "test_end": "2026-02-17T00:00:00+00:00",
            "test_start": "2026-02-02T00:00:00+00:00"
          }
        ],
        "positive_folds": {
          "count": 0,
          "pct": 0.0,
          "total": 8
        }
      },
      "gross": {
        "aggregate": {
          "mean": -0.0002278733088273663,
          "mean_ci_high": -9.593000895162189e-05,
          "mean_ci_low": -0.00036450066471841754,
          "n": 3379,
          "p_mean_gt_0": 0.001
        },
        "folds": [
          {
            "fold_id": 1,
            "mean": -0.0003360631087274918,
            "n": 419,
            "test_end": "2025-11-04T00:00:00+00:00",
            "test_start": "2025-10-20T00:00:00+00:00"
          },
          {
            "fold_id": 2,
            "mean": -0.0002360447001175712,
            "n": 434,
            "test_end": "2025-11-19T00:00:00+00:00",
            "test_start": "2025-11-04T00:00:00+00:00"
          },
          {
            "fold_id": 3,
            "mean": -0.0002545651110787925,
            "n": 425,
            "test_end": "2025-12-04T00:00:00+00:00",
            "test_start": "2025-11-19T00:00:00+00:00"
          },
          {
            "fold_id": 4,
            "mean": -0.00016560611406069684,
            "n": 415,
            "test_end": "2025-12-19T00:00:00+00:00",
            "test_start": "2025-12-04T00:00:00+00:00"
          },
          {
            "fold_id": 5,
            "mean": -0.00022348857070369354,
            "n": 411,
            "test_end": "2026-01-03T00:00:00+00:00",
            "test_start": "2025-12-19T00:00:00+00:00"
          },
          {
            "fold_id": 6,
            "mean": -0.0001205325715800772,
            "n": 427,