{
  "baseline": {
    "bps10": {
      "mean": 0.000600799660912315,
      "mean_ci_high": 0.0009059492301307924,
      "mean_ci_low": 0.000279826855758527,
      "n": 1474,
      "p_mean_gt_0": 0.9996666666666667,
      "std": 0.006076166813010851,
      "win_rate": 0.5576662143826323
    },
    "bps8": {
      "mean": 0.0008007996609123155,
      "mean_ci_high": 0.0011059492301307928,
      "mean_ci_low": 0.0004798268557585273,
      "n": 1474,
      "p_mean_gt_0": 1.0,
      "std": 0.006076166813010851,
      "win_rate": 0.5725915875169606
    },
    "gross": {
      "mean": 0.0016007996609123157,
      "mean_ci_high": 0.001905949230130793,
      "mean_ci_low": 0.0012798268557585276,
      "n": 1474,
      "p_mean_gt_0": 1.0,
      "std": 0.006076166813010851,
      "win_rate": 0.6512890094979648
    }
  },
  "config": {
    "bootstrap_iters": 3000,
    "cost_mode": "all",
    "days": 365,
    "horizon": 8,
    "timeframe": "5m",
    "wf": {
      "step_days": 15,
      "test_days": 15,
      "train_days": 60
    }
  },
  "diagnostics_by_mode": {
    "bps10": {
      "mae_proxy_median": -0.0009154378986793166,
      "median_hold_return": 0.0005646014203479774,
      "return_histogram_bins": [
        "(-inf,-1%)",
        "[-1%,-0.5%)",
        "[-0.5%,-0.2%)",
        "[-0.2%,0%)",
        "[0%,0.2%)",
        "[0.2%,0.5%)",
        "[0.5%,1%)",
        "[1%,inf)"
      ],
      "return_histogram_counts": [
        62,
        82,
        221,
        287,
        292,
        284,
        188,
        58
      ],
      "top10_pct_pnl_contribution": 1.8540916015439568,
      "trades_per_day": 4.435491285994901
    },
    "bps8": {
      "mae_proxy_median": -0.0009154378986793166,
      "median_hold_return": 0.0007646014203479774,
      "return_histogram_bins": [
        "(-inf,-1%)",
        "[-1%,-0.5%)",
        "[-0.5%,-0.2%)",
        "[-0.2%,0%)",
        "[0%,0.2%)",
        "[0.2%,0.5%)",
        "[0.5%,1%)",
        "[1%,inf)"
      ],
      "return_histogram_counts": [
        58,
        82,
        212,
        278,
        286,
        292,
        202,
        64
      ],
      "top10_pct_pnl_contribution": 1.4161082627610382,
      "trades_per_day": 4.435491285994901
    },
    "gross": {
      "mae_proxy_median": -0.0009154378986793166,
      "median_hold_return": 0.0015646014203479774,
      "return_histogram_bins": [
        "(-inf,-1%)",
        "[-1%,-0.5%)",
        "[-0.5%,-0.2%)",
        "[-0.2%,0%)",
        "[0%,0.2%)",
        "[0.2%,0.5%)",
        "[0.5%,1%)",
        "[1%,inf)"
      ],
      "return_histogram_counts": [
        52,
        66,
        151,
        245,
        294,
        332,
        254,
        80
      ],
      "top10_pct_pnl_contribution": 0.7585862808384444,
      "trades_per_day": 4.435491285994901
    }
  },
  "family": "oi_liq",
  "hypothesis_id": "H178",
  "timestamp_utc": "2026-02-24T01:17:16+00:00",
  "wf_by_mode": {
    "bps10": {
      "aggregate": {
        "mean": 0.00048411181178073623,
        "mean_ci_high": 0.0008153770600917239,
        "mean_ci_low": 0.00013188134783001236,
        "n": 1194,
        "p_mean_gt_0": 0.9966666666666667
      },
      "folds": [
        {
          "fold_id": 1,
          "mean": 0.0005204507279445695,
          "n": 44,
          "test_end": "2025-06-09T00:00:00+00:00",
          "test_start": "2025-05-25T00:00:00+00:00"
        },
        {
          "fold_id": 2,
          "mean": 2.247050519971491e-05,
          "n": 79,
          "test_end": "2025-06-24T00:00:00+00:00",
          "test_start": "2025-06-09T00:00:00+00:00"
        },
        {
          "fold_id": 3,
          "mean": 0.00026996555646643505,
          "n": 44,
          "test_end": "2025-07-09T00:00:00+00:00",
          "test_start": "2025-06-24T00:00:00+00:00"
        },
        {
          "fold_id": 4,
          "mean": 0.0014801349671343385,
          "n": 63,
          "test_end": "2025-07-24T00:00:00+00:00",
          "test_start": "2025-07-09T00:00:00+00:00"
        },
        {
          "fold_id": 5,
          "mean": 0.00023632911203138565,
          "n": 58,
          "test_end": "2025-08-08T00:00:00+00:00",
          "test_start": "2025-07-24T00:00:00+00:00"
        },
        {
          "fold_id": 6,
          "mean": 0.0005040284683118963,
          "n": 66,
          "test_end": "2025-08-23T00:00:00+00:00",
          "test_start": "2025-08-08T00:00:00+00:00"
        },
        {
          "fold_id": 7,
          "mean": -1.0758958685280275e-05,
          "n": 67,
          "test_end": "2025-09-07T00:00:00+00:00",
          "test_start": "2025-08-23T00:00:00+00:00"
        },
        {
          "fold_id": 8,
          "mean": 0.0006533829722521486,
          "n": 46,
          "test_end": "2025-09-22T00:00:00+00:00",
          "test_start": "2025-09-07T00:00:00+00:00"
        },
        {
          "fold_id": 9,
          "mean": 0.0006315198125920907,
          "n": 96,
          "test_end": "2025-10-07T00:00:00+00:00",
          "test_start": "2025-09-22T00:00:00+00:00"
        },
        {
          "fold_id": 10,
          "mean": 0.0010351482391075108,
          "n": 63,
          "test_end": "2025-10-22T00:00:00+00:00",
          "test_start": "2025-10-07T00:00:00+00:00"
        },
        {
          "fold_id": 11,
          "mean": 0.000755716550212372,
          "n": 62,
          "test_end": "2025-11-06T00:00:00+00:00",
          "test_start": "2025-10-22T00:00:00+00:00"
        },
        {
          "fold_id": 12,
          "mean": 0.0005497467610174627,
          "n": 71,
          "test_end": "2025-11-21T00:00:00+00:00",
          "test_start": "2025-11-06T00:00:00+00:00"
        },
        {
          "fold_id": 13,
          "mean": 0.0008934596083857357,
          "n": 96,
          "test_end": "2025-12-06T00:00:00+00:00",
          "test_start": "2025-11-21T00:00:00+00:00"
        },
        {
          "fold_id": 14,
          "mean": 0.0010579754326187447,
          "n": 48,
          "test_end": "2025-12-21T00:00:00+00:00",
          "test_start": "2025-12-06T00:00:00+00:00"
        },
        {
          "fold_id": 15,
          "mean": 0.0006930525403050046,
          "n": 48,
          "test_end": "2026-01-05T00:00:00+00:00",
          "test_start": "2025-12-21T00:00:00+00:00"
        },
        {
          "fold_id": 16,
          "mean": 0.0010251982681773492,
          "n": 65,
          "test_end": "2026-01-20T00:00:00+00:00",
          "test_start": "2026-01-05T00:00:00+00:00"
        },
        {
          "fold_id": 17,
          "mean": -0.0007808389067729629,
          "n": 87,
          "test_end": "2026-02-04T00:00:00+00:00",
          "test_start": "2026-01-20T00:00:00+00:00"
        },
        {
          "fold_id": 18,
          "mean": -9.157444892184418e-05,
          "n": 91,
          "test_end": "2026-02-19T00:00:00+00:00",
          "test_start": "2026-02-04T00:00:00+00:00"
        }
      ],
      "positive_folds": {
        "count": 15,
        "pct": 83.33333333333333,
        "total": 18
      },
      "split": {
        "step_days": 15,
        "test_days": 15,
        "train_days": 60
      }
    },
    "bps8": {
      "aggregate": {
        "mean": 0.0006841118117807365,
        "mean_ci_high": 0.0010153770600917242,
        "mean_ci_low": 0.0003318813478300126,
        "n": 1194,
        "p_mean_gt_0": 1.0
      },
      "folds": [
        {
          "fold_id": 1,
          "mean": 0.0007204507279445695,
          "n": 44,
          "test_end": "2025-06-09T00:00:00+00:00",
          "test_start": "2025-05-25T00:00:00+00:00"
        },
        {
          "fold_id": 2,
          "mean": 0.00022247050519971496,
          "n": 79,
          "test_end": "2025-06-24T00:00:00+00:00",
          "test_start": "2025-06-09T00:00:00+00:00"
        },
        {
          "fold_id": 3,
          "mean": 0.0004699655564664352,
          "n": 44,
          "test_end": "2025-07-09T00:00:00+00:00",