{
  "baseline": {
    "bps10": {
      "ci_high": -0.0007194301700578627,
      "ci_low": -0.0012037976897359606,
      "mean": -0.0009603113856433169,
      "n": 2017,
      "p_mean_gt_0": 0.0,
      "std": 0.005406426009252119,
      "win_rate": 0.37580565195835397
    },
    "bps8": {
      "ci_high": -0.0005194301700578624,
      "ci_low": -0.00100379768973596,
      "mean": -0.0007603113856433166,
      "n": 2017,
      "p_mean_gt_0": 0.0,
      "std": 0.005406426009252119,
      "win_rate": 0.39018344075359446
    },
    "gross": {
      "ci_high": 0.0002805698299421377,
      "ci_low": -0.0002037976897359599,
      "mean": 3.968861435668354e-05,
      "n": 2017,
      "p_mean_gt_0": 0.619,
      "std": 0.005406426009252119,
      "win_rate": 0.47942488844819037
    }
  },
  "classification": "FAIL",
  "commands": [
    "PYTHONPATH=. .venv/bin/python scripts/research_family_runner.py --hypothesis-id H47 --family volatility_conditioning --days 180 --timeframe 5m --horizon 6 --cost-mode gross --wf 60 15 15 --bootstrap-iters 3000 --output-json results/archive/h47_runner_20260217T180346Z_gross.json",
    "PYTHONPATH=. .venv/bin/python scripts/research_family_runner.py --hypothesis-id H47 --family volatility_conditioning --days 180 --timeframe 5m --horizon 6 --cost-mode bps8 --wf 60 15 15 --bootstrap-iters 3000 --output-json results/archive/h47_runner_20260217T180348Z_bps8.json",
    "PYTHONPATH=. .venv/bin/python scripts/research_family_runner.py --hypothesis-id H47 --family volatility_conditioning --days 180 --timeframe 5m --horizon 6 --cost-mode bps10 --wf 60 15 15 --bootstrap-iters 3000 --output-json results/archive/h47_runner_20260217T180349Z_bps10.json"
  ],
  "dataset": {
    "horizon_bars": 6,
    "lookback_days": 180,
    "primary_symbols": [
      "BTC-USD"
    ],
    "secondary_symbols": [
      "ETH-USD"
    ],
    "timeframe": "5m"
  },
  "hypothesis_id": "H47",
  "notes": "Adapter executed scripts/research_family_runner.py for volatility_conditioning gross/bps8/bps10 and combined machine JSON outputs.",
  "timestamp_utc": "2026-02-17T18:03:51+00:00",
  "walkforward": {
    "modes": {
      "bps10": {
        "aggregate": {
          "mean": -0.0009860825099800095,
          "mean_ci_high": -0.0006114911525494627,
          "mean_ci_low": -0.0013452063966455572,
          "n": 1083,
          "p_mean_gt_0": 0.0
        },
        "folds": [
          {
            "fold_id": 1,
            "mean": -0.000999737188029929,
            "n": 219,
            "test_end": "2025-11-24T00:00:00+00:00",
            "test_start": "2025-11-09T00:00:00+00:00"
          },
          {
            "fold_id": 2,
            "mean": -0.0015136064741841022,
            "n": 111,
            "test_end": "2025-12-09T00:00:00+00:00",
            "test_start": "2025-11-24T00:00:00+00:00"
          },
          {
            "fold_id": 3,
            "mean": -0.000667643242487809,
            "n": 156,
            "test_end": "2025-12-24T00:00:00+00:00",
            "test_start": "2025-12-09T00:00:00+00:00"
          },
          {
            "fold_id": 4,
            "mean": -0.0010957361366365499,
            "n": 104,
            "test_end": "2026-01-08T00:00:00+00:00",
            "test_start": "2025-12-24T00:00:00+00:00"
          },
          {
            "fold_id": 5,
            "mean": -0.0012392364858410077,
            "n": 199,
            "test_end": "2026-01-23T00:00:00+00:00",
            "test_start": "2026-01-08T00:00:00+00:00"
          },
          {
            "fold_id": 6,
            "mean": -0.0007355701727030631,
            "n": 294,
            "test_end": "2026-02-07T00:00:00+00:00",
            "test_start": "2026-01-23T00:00:00+00:00"
          }
        ],
        "positive_folds": {
          "count": 0,
          "pct": 0.0,
          "total": 6
        }
      },
      "bps8": {
        "aggregate": {
          "mean": -0.0007860825099800092,
          "mean_ci_high": -0.00041149115254946237,
          "mean_ci_low": -0.001145206396645557,
          "n": 1083,
          "p_mean_gt_0": 0.0
        },
        "folds": [
          {
            "fold_id": 1,
            "mean": -0.0007997371880299287,
            "n": 219,
            "test_end": "2025-11-24T00:00:00+00:00",
            "test_start": "2025-11-09T00:00:00+00:00"
          },
          {
            "fold_id": 2,
            "mean": -0.0013136064741841016,
            "n": 111,
            "test_end": "2025-12-09T00:00:00+00:00",
            "test_start": "2025-11-24T00:00:00+00:00"
          },
          {
            "fold_id": 3,
            "mean": -0.0004676432424878088,
            "n": 156,
            "test_end": "2025-12-24T00:00:00+00:00",
            "test_start": "2025-12-09T00:00:00+00:00"
          },
          {
            "fold_id": 4,
            "mean": -0.0008957361366365494,
            "n": 104,
            "test_end": "2026-01-08T00:00:00+00:00",
            "test_start": "2025-12-24T00:00:00+00:00"
          },
          {
            "fold_id": 5,
            "mean": -0.0010392364858410072,
            "n": 199,
            "test_end": "2026-01-23T00:00:00+00:00",
            "test_start": "2026-01-08T00:00:00+00:00"
          },
          {
            "fold_id": 6,
            "mean": -0.0005355701727030625,
            "n": 294,
            "test_end": "2026-02-07T00:00:00+00:00",
            "test_start": "2026-01-23T00:00:00+00:00"
          }
        ],
        "positive_folds": {
          "count": 0,
          "pct": 0.0,
          "total": 6
        }
      },
      "gross": {
        "aggregate": {
          "mean": 1.3917490019990983e-05,
          "mean_ci_high": 0.0003885088474505378,
          "mean_ci_low": -0.0003452063966455567,
          "n": 1083,
          "p_mean_gt_0": 0.5406666666666666
        },
        "folds": [
          {
            "fold_id": 1,
            "mean": 2.628119700713272e-07,
            "n": 219,
            "test_end": "2025-11-24T00:00:00+00:00",
            "test_start": "2025-11-09T00:00:00+00:00"
          },
          {
            "fold_id": 2,
            "mean": -0.0005136064741841017,
            "n": 111,
            "test_end": "2025-12-09T00:00:00+00:00",
            "test_start": "2025-11-24T00:00:00+00:00"
          },
          {
            "fold_id": 3,
            "mean": 0.00033235675751219133,
            "n": 156,
            "test_end": "2025-12-24T00:00:00+00:00",
            "test_start": "2025-12-09T00:00:00+00:00"
          },
          {
            "fold_id": 4,
            "mean": -9.573613663654941e-05,
            "n": 104,
            "test_end": "2026-01-08T00:00:00+00:00",
            "test_start": "2025-12-24T00:00:00+00:00"
          },
          {
            "fold_id": 5,
            "mean": -0.0002392364858410073,
            "n": 199,
            "test_end": "2026-01-23T00:00:00+00:00",
            "test_start": "2026-01-08T00:00:00+00:00"
          },
          {
            "fold_id": 6,
            "mean": 0.00026442982729693755,
            "n": 294,
            "test_end": "2026-02-07T00:00:00+00:00",
            "test_start": "2026-01-23T00:00:00+00:00"
          }
        ],
        "positive_folds": {
          "count": 3,
          "pct": 50.0,
          "total": 6
        }
      }
    },
    "split": {
      "step_days": 15,
      "test_days": 15,
      "train_days": 60
    }
  }
}