{
  "baseline": {
    "bps10": {
      "ci_high": 0.0019190865006821743,
      "ci_low": 0.0008107200516362473,
      "mean": 0.0013565755365926636,
      "n": 170,
      "p_mean_gt_0": 1.0,
      "std": 0.003639868241443093,
      "win_rate": 0.6235294117647059
    },
    "bps8": {
      "ci_high": 0.002119086500682174,
      "ci_low": 0.0010107200516362475,
      "mean": 0.0015565755365926637,
      "n": 170,
      "p_mean_gt_0": 1.0,
      "std": 0.003639868241443093,
      "win_rate": 0.6529411764705882
    },
    "gross": {
      "ci_high": 0.0029190865006821745,
      "ci_low": 0.0018107200516362474,
      "mean": 0.0023565755365926636,
      "n": 170,
      "p_mean_gt_0": 1.0,
      "std": 0.003639868241443093,
      "win_rate": 0.7823529411764706
    }
  },
  "classification": "INCONCLUSIVE",
  "commands": [
    "PYTHONPATH=. .venv/bin/python scripts/research_family_runner.py --hypothesis-id H68 --family cross_asset_regime --days 180 --timeframe 5m --horizon 8 --cost-mode gross --wf 60 15 15 --bootstrap-iters 3000 --output-json results/archive/h68_runner_20260218T074311Z_gross.json",
    "PYTHONPATH=. .venv/bin/python scripts/research_family_runner.py --hypothesis-id H68 --family cross_asset_regime --days 180 --timeframe 5m --horizon 8 --cost-mode bps8 --wf 60 15 15 --bootstrap-iters 3000 --output-json results/archive/h68_runner_20260218T074312Z_bps8.json",
    "PYTHONPATH=. .venv/bin/python scripts/research_family_runner.py --hypothesis-id H68 --family cross_asset_regime --days 180 --timeframe 5m --horizon 8 --cost-mode bps10 --wf 60 15 15 --bootstrap-iters 3000 --output-json results/archive/h68_runner_20260218T074314Z_bps10.json"
  ],
  "dataset": {
    "horizon_bars": 8,
    "lookback_days": 180,
    "primary_symbols": [
      "BTC-USD"
    ],
    "secondary_symbols": [
      "ETH-USD"
    ],
    "timeframe": "5m"
  },
  "hypothesis_id": "H68",
  "notes": "Adapter executed scripts/research_family_runner.py for cross_asset_regime gross/bps8/bps10 and combined machine JSON outputs.",
  "timestamp_utc": "2026-02-18T07:43:15+00:00",
  "walkforward": {
    "modes": {
      "bps10": {
        "aggregate": {
          "mean": 0.0013079081630144429,
          "mean_ci_high": 0.002112233126978835,
          "mean_ci_low": 0.0005923570445081442,
          "n": 93,
          "p_mean_gt_0": 1.0
        },
        "folds": [
          {
            "fold_id": 1,
            "mean": -0.0007082737402521118,
            "n": 9,
            "test_end": "2025-11-06T00:00:00+00:00",
            "test_start": "2025-10-22T00:00:00+00:00"
          },
          {
            "fold_id": 2,
            "mean": 0.0020381241954893466,
            "n": 18,
            "test_end": "2025-11-21T00:00:00+00:00",
            "test_start": "2025-11-06T00:00:00+00:00"
          },
          {
            "fold_id": 3,
            "mean": -0.00010935125132911101,
            "n": 7,
            "test_end": "2025-12-06T00:00:00+00:00",
            "test_start": "2025-11-21T00:00:00+00:00"
          },
          {
            "fold_id": 4,
            "mean": 0.002004631615065359,
            "n": 14,
            "test_end": "2025-12-21T00:00:00+00:00",
            "test_start": "2025-12-06T00:00:00+00:00"
          },
          {
            "fold_id": 5,
            "mean": 0.001143469838360693,
            "n": 13,
            "test_end": "2026-01-05T00:00:00+00:00",
            "test_start": "2025-12-21T00:00:00+00:00"
          },
          {
            "fold_id": 6,
            "mean": 0.00020976267316862198,
            "n": 17,
            "test_end": "2026-01-20T00:00:00+00:00",
            "test_start": "2026-01-05T00:00:00+00:00"
          },
          {
            "fold_id": 7,
            "mean": 0.003039548673975808,
            "n": 15,
            "test_end": "2026-02-04T00:00:00+00:00",
            "test_start": "2026-01-20T00:00:00+00:00"
          }
        ],
        "positive_folds": {
          "count": 5,
          "pct": 71.42857142857143,
          "total": 7
        }
      },
      "bps8": {
        "aggregate": {
          "mean": 0.0015079081630144436,
          "mean_ci_high": 0.0023122331269788358,
          "mean_ci_low": 0.0007923570445081444,
          "n": 93,
          "p_mean_gt_0": 1.0
        },
        "folds": [
          {
            "fold_id": 1,
            "mean": -0.0005082737402521118,
            "n": 9,
            "test_end": "2025-11-06T00:00:00+00:00",
            "test_start": "2025-10-22T00:00:00+00:00"
          },
          {
            "fold_id": 2,
            "mean": 0.0022381241954893463,
            "n": 18,
            "test_end": "2025-11-21T00:00:00+00:00",
            "test_start": "2025-11-06T00:00:00+00:00"
          },
          {
            "fold_id": 3,
            "mean": 9.064874867088884e-05,
            "n": 7,
            "test_end": "2025-12-06T00:00:00+00:00",
            "test_start": "2025-11-21T00:00:00+00:00"
          },
          {
            "fold_id": 4,
            "mean": 0.0022046316150653596,
            "n": 14,
            "test_end": "2025-12-21T00:00:00+00:00",
            "test_start": "2025-12-06T00:00:00+00:00"
          },
          {
            "fold_id": 5,
            "mean": 0.0013434698383606933,
            "n": 13,
            "test_end": "2026-01-05T00:00:00+00:00",
            "test_start": "2025-12-21T00:00:00+00:00"
          },
          {
            "fold_id": 6,
            "mean": 0.00040976267316862196,
            "n": 17,
            "test_end": "2026-01-20T00:00:00+00:00",
            "test_start": "2026-01-05T00:00:00+00:00"
          },
          {
            "fold_id": 7,
            "mean": 0.003239548673975808,
            "n": 15,
            "test_end": "2026-02-04T00:00:00+00:00",
            "test_start": "2026-01-20T00:00:00+00:00"
          }
        ],
        "positive_folds": {
          "count": 6,
          "pct": 85.71428571428571,
          "total": 7
        }
      },
      "gross": {
        "aggregate": {
          "mean": 0.002307908163014443,
          "mean_ci_high": 0.0031122331269788357,
          "mean_ci_low": 0.001592357044508144,
          "n": 93,
          "p_mean_gt_0": 1.0
        },
        "folds": [
          {
            "fold_id": 1,
            "mean": 0.0002917262597478882,
            "n": 9,
            "test_end": "2025-11-06T00:00:00+00:00",
            "test_start": "2025-10-22T00:00:00+00:00"
          },
          {
            "fold_id": 2,
            "mean": 0.003038124195489347,
            "n": 18,
            "test_end": "2025-11-21T00:00:00+00:00",
            "test_start": "2025-11-06T00:00:00+00:00"
          },
          {
            "fold_id": 3,
            "mean": 0.000890648748670889,
            "n": 7,
            "test_end": "2025-12-06T00:00:00+00:00",
            "test_start": "2025-11-21T00:00:00+00:00"
          },
          {
            "fold_id": 4,
            "mean": 0.0030046316150653595,
            "n": 14,
            "test_end": "2025-12-21T00:00:00+00:00",
            "test_start": "2025-12-06T00:00:00+00:00"
          },
          {
            "fold_id": 5,
            "mean": 0.002143469838360693,
            "n": 13,
            "test_end": "2026-01-05T00:00:00+00:00",
            "test_start": "2025-12-21T00:00:00+00:00"
          },
          {
            "fold_id": 6,
            "mean": 0.001209762673168622,
            "n": 17,
            "test_end": "2026-01-20T00:00:00+00:00",
            "test_start": "2026-01-05T00:00:00+00:00"
          },
          {
            "fold_id": 7,
            "mean": 0.004039548673975809,
            "n": 15,
            "test_end": "2026-02-04T00:00:00+00:00",
            "test_start": "2026-01-20T00:00:00+00:00"
          }
        ],
        "positive_folds": {
          "count": 7,
          "pct": 100.0,
          "total": 7
        }
      }
    },
    "split": {
      "step_days": 15,
      "test_days": 15,