{
  "baseline": {
    "bps10": {
      "ci_high": 0.0008404452820248765,
      "ci_low": 1.0731399530431646e-05,
      "mean": 0.00040853122168187084,
      "n": 326,
      "p_mean_gt_0": 0.9773333333333334,
      "std": 0.0037742144041527457,
      "win_rate": 0.43558282208588955
    },
    "bps8": {
      "ci_high": 0.0010404452820248768,
      "ci_low": 0.00021073139953043185,
      "mean": 0.000608531221681871,
      "n": 326,
      "p_mean_gt_0": 0.9983333333333333,
      "std": 0.0037742144041527457,
      "win_rate": 0.4754601226993865
    },
    "gross": {
      "ci_high": 0.001840445282024877,
      "ci_low": 0.0010107313995304317,
      "mean": 0.001408531221681871,
      "n": 326,
      "p_mean_gt_0": 1.0,
      "std": 0.0037742144041527457,
      "win_rate": 0.6503067484662577
    }
  },
  "classification": "PASS",
  "commands": [
    "PYTHONPATH=. .venv/bin/python scripts/research_family_runner.py --hypothesis-id H39 --family cross_asset_regime --days 180 --timeframe 5m --horizon 6 --cost-mode gross --wf 60 15 15 --bootstrap-iters 3000 --output-json results/archive/h39_runner_20260217T174744Z_gross.json",
    "PYTHONPATH=. .venv/bin/python scripts/research_family_runner.py --hypothesis-id H39 --family cross_asset_regime --days 180 --timeframe 5m --horizon 6 --cost-mode bps8 --wf 60 15 15 --bootstrap-iters 3000 --output-json results/archive/h39_runner_20260217T174745Z_bps8.json",
    "PYTHONPATH=. .venv/bin/python scripts/research_family_runner.py --hypothesis-id H39 --family cross_asset_regime --days 180 --timeframe 5m --horizon 6 --cost-mode bps10 --wf 60 15 15 --bootstrap-iters 3000 --output-json results/archive/h39_runner_20260217T174746Z_bps10.json"
  ],
  "dataset": {
    "horizon_bars": 6,
    "lookback_days": 180,
    "primary_symbols": [
      "BTC-USD"
    ],
    "secondary_symbols": [
      "ETH-USD"
    ],
    "timeframe": "5m"
  },
  "hypothesis_id": "H39",
  "notes": "Adapter executed scripts/research_family_runner.py for cross_asset_regime gross/bps8/bps10 and combined machine JSON outputs.",
  "timestamp_utc": "2026-02-17T17:47:48+00:00",
  "walkforward": {
    "modes": {
      "bps10": {
        "aggregate": {
          "mean": 0.0007142505375646333,
          "mean_ci_high": 0.0012703208833297081,
          "mean_ci_low": 0.00017077702018148931,
          "n": 222,
          "p_mean_gt_0": 0.9943333333333333
        },
        "folds": [
          {
            "fold_id": 1,
            "mean": 0.0013544833458143666,
            "n": 29,
            "test_end": "2025-11-04T00:00:00+00:00",
            "test_start": "2025-10-20T00:00:00+00:00"
          },
          {
            "fold_id": 2,
            "mean": -0.00025462766666496976,
            "n": 25,
            "test_end": "2025-11-19T00:00:00+00:00",
            "test_start": "2025-11-04T00:00:00+00:00"
          },
          {
            "fold_id": 3,
            "mean": 0.0012727558514032211,
            "n": 34,
            "test_end": "2025-12-04T00:00:00+00:00",
            "test_start": "2025-11-19T00:00:00+00:00"
          },
          {
            "fold_id": 4,
            "mean": 0.0021745487016278033,
            "n": 33,
            "test_end": "2025-12-19T00:00:00+00:00",
            "test_start": "2025-12-04T00:00:00+00:00"
          },
          {
            "fold_id": 5,
            "mean": -0.0003593312952872226,
            "n": 31,
            "test_end": "2026-01-03T00:00:00+00:00",
            "test_start": "2025-12-19T00:00:00+00:00"
          },
          {
            "fold_id": 6,
            "mean": 0.00044010041995277385,
            "n": 22,
            "test_end": "2026-01-18T00:00:00+00:00",
            "test_start": "2026-01-03T00:00:00+00:00"
          },
          {
            "fold_id": 7,
            "mean": 5.0327883435339505e-05,
            "n": 19,
            "test_end": "2026-02-02T00:00:00+00:00",
            "test_start": "2026-01-18T00:00:00+00:00"
          },
          {
            "fold_id": 8,
            "mean": 0.0003833213450207117,
            "n": 29,
            "test_end": "2026-02-17T00:00:00+00:00",
            "test_start": "2026-02-02T00:00:00+00:00"
          }
        ],
        "positive_folds": {
          "count": 6,
          "pct": 75.0,
          "total": 8
        }
      },
      "bps8": {
        "aggregate": {
          "mean": 0.0009142505375646338,
          "mean_ci_high": 0.0014703208833297086,
          "mean_ci_low": 0.00037077702018148976,
          "n": 222,
          "p_mean_gt_0": 0.9993333333333333
        },
        "folds": [
          {
            "fold_id": 1,
            "mean": 0.001554483345814366,
            "n": 29,
            "test_end": "2025-11-04T00:00:00+00:00",
            "test_start": "2025-10-20T00:00:00+00:00"
          },
          {
            "fold_id": 2,
            "mean": -5.4627666664969537e-05,
            "n": 25,
            "test_end": "2025-11-19T00:00:00+00:00",
            "test_start": "2025-11-04T00:00:00+00:00"
          },
          {
            "fold_id": 3,
            "mean": 0.0014727558514032208,
            "n": 34,
            "test_end": "2025-12-04T00:00:00+00:00",
            "test_start": "2025-11-19T00:00:00+00:00"
          },
          {
            "fold_id": 4,
            "mean": 0.002374548701627804,
            "n": 33,
            "test_end": "2025-12-19T00:00:00+00:00",
            "test_start": "2025-12-04T00:00:00+00:00"
          },
          {
            "fold_id": 5,
            "mean": -0.00015933129528722249,
            "n": 31,
            "test_end": "2026-01-03T00:00:00+00:00",
            "test_start": "2025-12-19T00:00:00+00:00"
          },
          {
            "fold_id": 6,
            "mean": 0.0006401004199527743,
            "n": 22,
            "test_end": "2026-01-18T00:00:00+00:00",
            "test_start": "2026-01-03T00:00:00+00:00"
          },
          {
            "fold_id": 7,
            "mean": 0.00025032788343533953,
            "n": 19,
            "test_end": "2026-02-02T00:00:00+00:00",
            "test_start": "2026-01-18T00:00:00+00:00"
          },
          {
            "fold_id": 8,
            "mean": 0.0005833213450207116,
            "n": 29,
            "test_end": "2026-02-17T00:00:00+00:00",
            "test_start": "2026-02-02T00:00:00+00:00"
          }
        ],
        "positive_folds": {
          "count": 6,
          "pct": 75.0,
          "total": 8
        }
      },
      "gross": {
        "aggregate": {
          "mean": 0.0017142505375646337,
          "mean_ci_high": 0.002270320883329708,
          "mean_ci_low": 0.0011707770201814897,
          "n": 222,
          "p_mean_gt_0": 1.0
        },
        "folds": [
          {
            "fold_id": 1,
            "mean": 0.002354483345814367,
            "n": 29,
            "test_end": "2025-11-04T00:00:00+00:00",
            "test_start": "2025-10-20T00:00:00+00:00"
          },
          {
            "fold_id": 2,
            "mean": 0.0007453723333350304,
            "n": 25,
            "test_end": "2025-11-19T00:00:00+00:00",
            "test_start": "2025-11-04T00:00:00+00:00"
          },
          {
            "fold_id": 3,
            "mean": 0.0022727558514032214,
            "n": 34,
            "test_end": "2025-12-04T00:00:00+00:00",
            "test_start": "2025-11-19T00:00:00+00:00"
          },
          {
            "fold_id": 4,
            "mean": 0.0031745487016278037,
            "n": 33,
            "test_end": "2025-12-19T00:00:00+00:00",
            "test_start": "2025-12-04T00:00:00+00:00"
          },
          {
            "fold_id": 5,
            "mean": 0.0006406687047127776,
            "n": 31,
            "test_end": "2026-01-03T00:00:00+00:00",
            "test_start": "2025-12-19T00:00:00+00:00"
          },
          {
            "fold_id": 6,
            "mean": 0.0014401004199527743,
            "n": 22,