{
  "baseline": {
    "bps10": {
      "ci_high": 0.002593071476449847,
      "ci_low": 0.0012936038350879978,
      "mean": 0.0019329845860695397,
      "n": 324,
      "p_mean_gt_0": 1.0,
      "std": 0.00595002405252593,
      "win_rate": 0.5895061728395061
    },
    "bps8": {
      "ci_high": 0.0027930714764498477,
      "ci_low": 0.0014936038350879986,
      "mean": 0.00213298458606954,
      "n": 324,
      "p_mean_gt_0": 1.0,
      "std": 0.00595002405252593,
      "win_rate": 0.6111111111111112
    },
    "gross": {
      "ci_high": 0.0035930714764498477,
      "ci_low": 0.0022936038350879983,
      "mean": 0.00293298458606954,
      "n": 324,
      "p_mean_gt_0": 1.0,
      "std": 0.00595002405252593,
      "win_rate": 0.7006172839506173
    }
  },
  "classification": "PASS",
  "commands": [
    "PYTHONPATH=. .venv/bin/python scripts/research_family_runner.py --hypothesis-id H77 --family cross_asset_regime --days 180 --timeframe 5m --horizon 8 --cost-mode gross --wf 60 15 15 --bootstrap-iters 3000 --output-json results/archive/h77_runner_20260218T211324Z_gross.json",
    "PYTHONPATH=. .venv/bin/python scripts/research_family_runner.py --hypothesis-id H77 --family cross_asset_regime --days 180 --timeframe 5m --horizon 8 --cost-mode bps8 --wf 60 15 15 --bootstrap-iters 3000 --output-json results/archive/h77_runner_20260218T211325Z_bps8.json",
    "PYTHONPATH=. .venv/bin/python scripts/research_family_runner.py --hypothesis-id H77 --family cross_asset_regime --days 180 --timeframe 5m --horizon 8 --cost-mode bps10 --wf 60 15 15 --bootstrap-iters 3000 --output-json results/archive/h77_runner_20260218T211327Z_bps10.json"
  ],
  "dataset": {
    "horizon_bars": 8,
    "lookback_days": 180,
    "primary_symbols": [
      "BTC-USD"
    ],
    "secondary_symbols": [
      "ETH-USD"
    ],
    "timeframe": "5m"
  },
  "hypothesis_id": "H77",
  "notes": "Adapter executed scripts/research_family_runner.py for cross_asset_regime gross/bps8/bps10 and combined machine JSON outputs.",
  "timestamp_utc": "2026-02-18T21:13:28+00:00",
  "walkforward": {
    "modes": {
      "bps10": {
        "aggregate": {
          "mean": 0.0017903163752861022,
          "mean_ci_high": 0.0026649396305698445,
          "mean_ci_low": 0.0008814392527400274,
          "n": 194,
          "p_mean_gt_0": 1.0
        },
        "diagnostics": {
          "mae_proxy_median": -0.000795462013099768,
          "median_hold_return": 0.0009189612585002735,
          "return_histogram_bins": [
            "(-inf,-1%)",
            "[-1%,-0.5%)",
            "[-0.5%,-0.2%)",
            "[-0.2%,0%)",
            "[0%,0.2%)",
            "[0.2%,0.5%)",
            "[0.5%,1%)",
            "[1%,inf)"
          ],
          "return_histogram_counts": [
            4,
            17,
            38,
            74,
            68,
            53,
            41,
            29
          ],
          "top10_pct_pnl_contribution": 0.7569059072059461,
          "trades_per_day": 1.826209488022546
        },
        "folds": [
          {
            "fold_id": 1,
            "mean": 0.0018160744931723866,
            "n": 25,
            "test_end": "2025-11-06T00:00:00+00:00",
            "test_start": "2025-10-22T00:00:00+00:00"
          },
          {
            "fold_id": 2,
            "mean": 0.001917899991605364,
            "n": 29,
            "test_end": "2025-11-21T00:00:00+00:00",
            "test_start": "2025-11-06T00:00:00+00:00"
          },
          {
            "fold_id": 3,
            "mean": 0.0026256594505793675,
            "n": 34,
            "test_end": "2025-12-06T00:00:00+00:00",
            "test_start": "2025-11-21T00:00:00+00:00"
          },
          {
            "fold_id": 4,
            "mean": 0.0047408283164279775,
            "n": 29,
            "test_end": "2025-12-21T00:00:00+00:00",
            "test_start": "2025-12-06T00:00:00+00:00"
          },
          {
            "fold_id": 5,
            "mean": 0.0006650454286544734,
            "n": 34,
            "test_end": "2026-01-05T00:00:00+00:00",
            "test_start": "2025-12-21T00:00:00+00:00"
          },
          {
            "fold_id": 6,
            "mean": 0.0006509623220513552,
            "n": 21,
            "test_end": "2026-01-20T00:00:00+00:00",
            "test_start": "2026-01-05T00:00:00+00:00"
          },
          {
            "fold_id": 7,
            "mean": -0.0007608082324455339,
            "n": 22,
            "test_end": "2026-02-04T00:00:00+00:00",
            "test_start": "2026-01-20T00:00:00+00:00"
          }
        ],
        "positive_folds": {
          "count": 6,
          "pct": 85.71428571428571,
          "total": 7
        }
      },
      "bps8": {
        "aggregate": {
          "mean": 0.0019903163752861028,
          "mean_ci_high": 0.0028649396305698463,
          "mean_ci_low": 0.0010814392527400275,
          "n": 194,
          "p_mean_gt_0": 1.0
        },
        "diagnostics": {
          "mae_proxy_median": -0.000795462013099768,
          "median_hold_return": 0.0011189612585002736,
          "return_histogram_bins": [
            "(-inf,-1%)",
            "[-1%,-0.5%)",
            "[-0.5%,-0.2%)",
            "[-0.2%,0%)",
            "[0%,0.2%)",
            "[0.2%,0.5%)",
            "[0.5%,1%)",
            "[1%,inf)"
          ],
          "return_histogram_counts": [
            4,
            14,
            35,
            73,
            69,
            56,
            43,
            30
          ],
          "top10_pct_pnl_contribution": 0.6954845486427165,
          "trades_per_day": 1.826209488022546
        },
        "folds": [
          {
            "fold_id": 1,
            "mean": 0.0020160744931723863,
            "n": 25,
            "test_end": "2025-11-06T00:00:00+00:00",
            "test_start": "2025-10-22T00:00:00+00:00"
          },
          {
            "fold_id": 2,
            "mean": 0.002117899991605364,
            "n": 29,
            "test_end": "2025-11-21T00:00:00+00:00",
            "test_start": "2025-11-06T00:00:00+00:00"
          },
          {
            "fold_id": 3,
            "mean": 0.0028256594505793684,
            "n": 34,
            "test_end": "2025-12-06T00:00:00+00:00",
            "test_start": "2025-11-21T00:00:00+00:00"
          },
          {
            "fold_id": 4,
            "mean": 0.004940828316427979,
            "n": 29,
            "test_end": "2025-12-21T00:00:00+00:00",
            "test_start": "2025-12-06T00:00:00+00:00"
          },
          {
            "fold_id": 5,
            "mean": 0.0008650454286544735,
            "n": 34,
            "test_end": "2026-01-05T00:00:00+00:00",
            "test_start": "2025-12-21T00:00:00+00:00"
          },
          {
            "fold_id": 6,
            "mean": 0.0008509623220513552,
            "n": 21,
            "test_end": "2026-01-20T00:00:00+00:00",
            "test_start": "2026-01-05T00:00:00+00:00"
          },
          {
            "fold_id": 7,
            "mean": -0.0005608082324455336,
            "n": 22,
            "test_end": "2026-02-04T00:00:00+00:00",
            "test_start": "2026-01-20T00:00:00+00:00"
          }
        ],
        "positive_folds": {
          "count": 6,
          "pct": 85.71428571428571,
          "total": 7
        }
      },
      "gross": {
        "aggregate": {
          "mean": 0.0027903163752861027,
          "mean_ci_high": 0.0036649396305698453,
          "mean_ci_low": 0.0018814392527400278,
          "n": 194,
          "p_mean_gt_0": 1.0
        },
        "diagnostics": {
          "mae_proxy_median": -0.000795462013099768,
          "median_hold_return": 0.0019189612585002735,
          "return_histogram_bins": [
            "(-inf,-1%)",
            "[-1%,-0.5%)",
            "[-0.5%,-0.2%)",
            "[-0.2%,0%)",
            "[0%,0.2%)",
            "[0.2%,0.5%)",
            "[0.5%,1%)",
            "[1%,inf)"
          ],