{
  "baseline": {
    "bps10": {
      "mean": 0.000530043504999692,
      "mean_ci_high": 0.0008215241158320599,
      "mean_ci_low": 0.0002496144479811393,
      "n": 655,
      "p_mean_gt_0": 1.0,
      "std": 0.003816864748868252,
      "win_rate": 0.4763358778625954
    },
    "bps8": {
      "mean": 0.0007300435049996922,
      "mean_ci_high": 0.00102152411583206,
      "mean_ci_low": 0.0004496144479811395,
      "n": 655,
      "p_mean_gt_0": 1.0,
      "std": 0.0038168647488682522,
      "win_rate": 0.5129770992366413
    },
    "gross": {
      "mean": 0.001530043504999692,
      "mean_ci_high": 0.00182152411583206,
      "mean_ci_low": 0.0012496144479811394,
      "n": 655,
      "p_mean_gt_0": 1.0,
      "std": 0.003816864748868252,
      "win_rate": 0.6442748091603053
    }
  },
  "config": {
    "bootstrap_iters": 3000,
    "cost_mode": "all",
    "days": 365,
    "horizon": 8,
    "timeframe": "5m",
    "wf": {
      "step_days": 20,
      "test_days": 20,
      "train_days": 120
    }
  },
  "diagnostics_by_mode": {
    "bps10": {
      "mae_proxy_median": -0.0005707687893161673,
      "median_hold_return": -0.00012428684545662174,
      "return_histogram_bins": [
        "(-inf,-1%)",
        "[-1%,-0.5%)",
        "[-0.5%,-0.2%)",
        "[-0.2%,0%)",
        "[0%,0.2%)",
        "[0.2%,0.5%)",
        "[0.5%,1%)",
        "[1%,inf)"
      ],
      "return_histogram_counts": [
        0,
        22,
        127,
        194,
        150,
        93,
        53,
        16
      ],
      "top10_pct_pnl_contribution": 1.6915208970172597,
      "trades_per_day": 1.8851181196786186
    },
    "bps8": {
      "mae_proxy_median": -0.0005707687893161673,
      "median_hold_return": 7.571315454337824e-05,
      "return_histogram_bins": [
        "(-inf,-1%)",
        "[-1%,-0.5%)",
        "[-0.5%,-0.2%)",
        "[-0.2%,0%)",
        "[0%,0.2%)",
        "[0.2%,0.5%)",
        "[0.5%,1%)",
        "[1%,inf)"
      ],
      "return_histogram_counts": [
        0,
        19,
        115,
        185,
        161,
        102,
        55,
        18
      ],
      "top10_pct_pnl_contribution": 1.2557228857085208,
      "trades_per_day": 1.8851181196786186
    },
    "gross": {
      "mae_proxy_median": -0.0005707687893161673,
      "median_hold_return": 0.0008757131545433783,
      "return_histogram_bins": [
        "(-inf,-1%)",
        "[-1%,-0.5%)",
        "[-0.5%,-0.2%)",
        "[-0.2%,0%)",
        "[0%,0.2%)",
        "[0.2%,0.5%)",
        "[0.5%,1%)",
        "[1%,inf)"
      ],
      "return_histogram_counts": [
        0,
        10,
        68,
        154,
        200,
        130,
        68,
        25
      ],
      "top10_pct_pnl_contribution": 0.651839650673252,
      "trades_per_day": 1.8851181196786186
    }
  },
  "family": "exit_logic",
  "hypothesis_id": "H198",
  "timestamp_utc": "2026-03-11T15:46:25+00:00",
  "wf_by_mode": {
    "bps10": {
      "aggregate": {
        "mean": 0.00047336608284826847,
        "mean_ci_high": 0.0008739514073007941,
        "mean_ci_low": 0.00010549442193023247,
        "n": 376,
        "p_mean_gt_0": 0.9943333333333333
      },
      "folds": [
        {
          "fold_id": 1,
          "mean": 0.000268459186406431,
          "n": 27,
          "test_end": "2025-07-30T00:00:00+00:00",
          "test_start": "2025-07-10T00:00:00+00:00"
        },
        {
          "fold_id": 2,
          "mean": 0.0004566057375941905,
          "n": 26,
          "test_end": "2025-08-19T00:00:00+00:00",
          "test_start": "2025-07-30T00:00:00+00:00"
        },
        {
          "fold_id": 3,
          "mean": 0.00019710856134284367,
          "n": 37,
          "test_end": "2025-09-08T00:00:00+00:00",
          "test_start": "2025-08-19T00:00:00+00:00"
        },
        {
          "fold_id": 4,
          "mean": -0.0004169254650535045,
          "n": 38,
          "test_end": "2025-09-28T00:00:00+00:00",
          "test_start": "2025-09-08T00:00:00+00:00"
        },
        {
          "fold_id": 5,
          "mean": 0.0007589913076674344,
          "n": 28,
          "test_end": "2025-10-18T00:00:00+00:00",
          "test_start": "2025-09-28T00:00:00+00:00"
        },
        {
          "fold_id": 6,
          "mean": 0.0011470337466893004,
          "n": 35,
          "test_end": "2025-11-07T00:00:00+00:00",
          "test_start": "2025-10-18T00:00:00+00:00"
        },
        {
          "fold_id": 7,
          "mean": 0.0006085031559528037,
          "n": 43,
          "test_end": "2025-11-27T00:00:00+00:00",
          "test_start": "2025-11-07T00:00:00+00:00"
        },
        {
          "fold_id": 8,
          "mean": 0.0020429791796219214,
          "n": 42,
          "test_end": "2025-12-17T00:00:00+00:00",
          "test_start": "2025-11-27T00:00:00+00:00"
        },
        {
          "fold_id": 9,
          "mean": 0.0003763934336195443,
          "n": 42,
          "test_end": "2026-01-06T00:00:00+00:00",
          "test_start": "2025-12-17T00:00:00+00:00"
        },
        {
          "fold_id": 10,
          "mean": 8.812338971898626e-05,
          "n": 31,
          "test_end": "2026-01-26T00:00:00+00:00",
          "test_start": "2026-01-06T00:00:00+00:00"
        },
        {
          "fold_id": 11,
          "mean": -0.0009071628684940768,
          "n": 27,
          "test_end": "2026-02-15T00:00:00+00:00",
          "test_start": "2026-01-26T00:00:00+00:00"
        }
      ],
      "positive_folds": {
        "count": 9,
        "pct": 81.81818181818181,
        "total": 11
      },
      "split": {
        "step_days": 20,
        "test_days": 20,
        "train_days": 120
      }
    },
    "bps8": {
      "aggregate": {
        "mean": 0.0006733660828482686,
        "mean_ci_high": 0.0010739514073007945,
        "mean_ci_low": 0.0003054944219302326,
        "n": 376,
        "p_mean_gt_0": 1.0
      },
      "folds": [
        {
          "fold_id": 1,
          "mean": 0.0004684591864064309,
          "n": 27,
          "test_end": "2025-07-30T00:00:00+00:00",
          "test_start": "2025-07-10T00:00:00+00:00"
        },
        {
          "fold_id": 2,
          "mean": 0.0006566057375941906,
          "n": 26,
          "test_end": "2025-08-19T00:00:00+00:00",
          "test_start": "2025-07-30T00:00:00+00:00"
        },
        {
          "fold_id": 3,
          "mean": 0.00039710856134284376,
          "n": 37,
          "test_end": "2025-09-08T00:00:00+00:00",
          "test_start": "2025-08-19T00:00:00+00:00"
        },
        {
          "fold_id": 4,
          "mean": -0.00021692546505350436,
          "n": 38,
          "test_end": "2025-09-28T00:00:00+00:00",
          "test_start": "2025-09-08T00:00:00+00:00"
        },
        {
          "fold_id": 5,
          "mean": 0.0009589913076674345,
          "n": 28,
          "test_end": "2025-10-18T00:00:00+00:00",
          "test_start": "2025-09-28T00:00:00+00:00"
        },
        {
          "fold_id": 6,
          "mean": 0.0013470337466893,
          "n": 35,
          "test_end": "2025-11-07T00:00:00+00:00",
          "test_start": "2025-10-18T00:00:00+00:00"
        },
        {
          "fold_id": 7,
          "mean": 0.0008085031559528036,
          "n": 43,
          "test_end": "2025-11-27T00:00:00+00:00",
          "test_start": "2025-11-07T00:00:00+00:00"
        },
        {
          "fold_id": 8,
          "mean": 0.002242979179621922,
          "n": 42,
          "test_end": "2025-12-17T00:00:00+00:00",
          "test_start": "2025-11-27T00:00:00+00:00"
        },
        {
          "fold_id": 9,
          "mean": 0.0005763934336195445,
          "n": 42,
          "test_end": "2026-01-06T00:00:00+00:00",
          "test_start": "2025-12-17T00:00:00+00:00"
        },
        {
          "fold_id": 10,
          "mean": 0.0002881233897189863,
          "n": 31,
          "test_end": "2026-01-26T00:00:00+00:00",