{
  "baseline": {
    "bps10": {
      "mean": 0.001022796813230645,
      "mean_ci_high": 0.003932132789095502,
      "mean_ci_low": -0.0014902611244729889,
      "n": 25,
      "p_mean_gt_0": 0.7573333333333333,
      "std": 0.007103432265151966,
      "win_rate": 0.4
    },
    "bps8": {
      "mean": 0.0012227968132306453,
      "mean_ci_high": 0.0041321327890955035,
      "mean_ci_low": -0.001290261124472989,
      "n": 25,
      "p_mean_gt_0": 0.8043333333333333,
      "std": 0.007103432265151966,
      "win_rate": 0.4
    },
    "gross": {
      "mean": 0.002022796813230645,
      "mean_ci_high": 0.004932132789095503,
      "mean_ci_low": -0.0004902611244729891,
      "n": 25,
      "p_mean_gt_0": 0.9316666666666666,
      "std": 0.007103432265151966,
      "win_rate": 0.48
    }
  },
  "config": {
    "bootstrap_iters": 3000,
    "cost_mode": "all",
    "days": 365,
    "horizon": 12,
    "timeframe": "5m",
    "wf": {
      "step_days": 15,
      "test_days": 15,
      "train_days": 60
    }
  },
  "diagnostics_by_mode": {
    "bps10": {
      "mae_proxy_median": -0.0012719671756173945,
      "median_hold_return": -0.0012677714791778918,
      "return_histogram_bins": [
        "(-inf,-1%)",
        "[-1%,-0.5%)",
        "[-0.5%,-0.2%)",
        "[-0.2%,0%)",
        "[0%,0.2%)",
        "[0.2%,0.5%)",
        "[0.5%,1%)",
        "[1%,inf)"
      ],
      "return_histogram_counts": [
        0,
        3,
        6,
        6,
        1,
        4,
        3,
        2
      ],
      "top10_pct_pnl_contribution": 1.9503354529526475,
      "trades_per_day": 0.08777062609713283
    },
    "bps8": {
      "mae_proxy_median": -0.0012719671756173945,
      "median_hold_return": -0.0010677714791778917,
      "return_histogram_bins": [
        "(-inf,-1%)",
        "[-1%,-0.5%)",
        "[-0.5%,-0.2%)",
        "[-0.2%,0%)",
        "[0%,0.2%)",
        "[0.2%,0.5%)",
        "[0.5%,1%)",
        "[1%,inf)"
      ],
      "return_histogram_counts": [
        0,
        3,
        6,
        6,
        1,
        4,
        3,
        2
      ],
      "top10_pct_pnl_contribution": 1.6509667543841782,
      "trades_per_day": 0.08777062609713283
    },
    "gross": {
      "mae_proxy_median": -0.0012719671756173945,
      "median_hold_return": -0.0002677714791778918,
      "return_histogram_bins": [
        "(-inf,-1%)",
        "[-1%,-0.5%)",
        "[-0.5%,-0.2%)",
        "[-0.2%,0%)",
        "[0%,0.2%)",
        "[0.2%,0.5%)",
        "[0.5%,1%)",
        "[1%,inf)"
      ],
      "return_histogram_counts": [
        0,
        2,
        5,
        6,
        3,
        4,
        3,
        2
      ],
      "top10_pct_pnl_contribution": 1.045481618409876,
      "trades_per_day": 0.08777062609713283
    }
  },
  "family": "funding_regime",
  "hypothesis_id": "H175",
  "timestamp_utc": "2026-02-24T00:37:10+00:00",
  "wf_by_mode": {
    "bps10": {
      "aggregate": {
        "mean": -0.00097957266386901,
        "mean_ci_high": 0.001189130101814194,
        "mean_ci_low": -0.002964079371205656,
        "n": 15,
        "p_mean_gt_0": 0.18366666666666667
      },
      "folds": [
        {
          "fold_id": 1,
          "mean": -0.0011155370418778178,
          "n": 7,
          "test_end": "2025-07-25T00:00:00+00:00",
          "test_start": "2025-07-10T00:00:00+00:00"
        },
        {
          "fold_id": 2,
          "mean": -0.006818984199261301,
          "n": 1,
          "test_end": "2025-08-09T00:00:00+00:00",
          "test_start": "2025-07-25T00:00:00+00:00"
        },
        {
          "fold_id": 3,
          "mean": 0.0,
          "n": 0,
          "test_end": "2025-08-24T00:00:00+00:00",
          "test_start": "2025-08-09T00:00:00+00:00"
        },
        {
          "fold_id": 4,
          "mean": -0.004982350280485658,
          "n": 1,
          "test_end": "2025-09-08T00:00:00+00:00",
          "test_start": "2025-08-24T00:00:00+00:00"
        },
        {
          "fold_id": 5,
          "mean": 0.0,
          "n": 0,
          "test_end": "2025-09-23T00:00:00+00:00",
          "test_start": "2025-09-08T00:00:00+00:00"
        },
        {
          "fold_id": 6,
          "mean": 0.0006274366439406051,
          "n": 2,
          "test_end": "2025-10-08T00:00:00+00:00",
          "test_start": "2025-09-23T00:00:00+00:00"
        },
        {
          "fold_id": 7,
          "mean": 0.0,
          "n": 0,
          "test_end": "2025-10-23T00:00:00+00:00",
          "test_start": "2025-10-08T00:00:00+00:00"
        },
        {
          "fold_id": 8,
          "mean": 0.0,
          "n": 0,
          "test_end": "2025-11-07T00:00:00+00:00",
          "test_start": "2025-10-23T00:00:00+00:00"
        },
        {
          "fold_id": 9,
          "mean": 0.0,
          "n": 0,
          "test_end": "2025-11-22T00:00:00+00:00",
          "test_start": "2025-11-07T00:00:00+00:00"
        },
        {
          "fold_id": 10,
          "mean": 0.0,
          "n": 0,
          "test_end": "2025-12-07T00:00:00+00:00",
          "test_start": "2025-11-22T00:00:00+00:00"
        },
        {
          "fold_id": 11,
          "mean": 0.0,
          "n": 0,
          "test_end": "2025-12-22T00:00:00+00:00",
          "test_start": "2025-12-07T00:00:00+00:00"
        },
        {
          "fold_id": 12,
          "mean": 0.0019778659008642405,
          "n": 3,
          "test_end": "2026-01-06T00:00:00+00:00",
          "test_start": "2025-12-22T00:00:00+00:00"
        },
        {
          "fold_id": 13,
          "mean": 0.0,
          "n": 0,
          "test_end": "2026-01-21T00:00:00+00:00",
          "test_start": "2026-01-06T00:00:00+00:00"
        },
        {
          "fold_id": 14,
          "mean": 0.0,
          "n": 0,
          "test_end": "2026-02-05T00:00:00+00:00",
          "test_start": "2026-01-21T00:00:00+00:00"
        },
        {
          "fold_id": 15,
          "mean": -0.0022719671756173945,
          "n": 1,
          "test_end": "2026-02-20T00:00:00+00:00",
          "test_start": "2026-02-05T00:00:00+00:00"
        }
      ],
      "positive_folds": {
        "count": 2,
        "pct": 13.333333333333334,
        "total": 15
      },
      "split": {
        "step_days": 15,
        "test_days": 15,
        "train_days": 60
      }
    },
    "bps8": {
      "aggregate": {
        "mean": -0.0007795726638690099,
        "mean_ci_high": 0.0013891301018141944,
        "mean_ci_low": -0.002764079371205657,
        "n": 15,
        "p_mean_gt_0": 0.23833333333333334
      },
      "folds": [
        {
          "fold_id": 1,
          "mean": -0.0009155370418778176,
          "n": 7,
          "test_end": "2025-07-25T00:00:00+00:00",
          "test_start": "2025-07-10T00:00:00+00:00"
        },
        {
          "fold_id": 2,
          "mean": -0.0066189841992613015,
          "n": 1,
          "test_end": "2025-08-09T00:00:00+00:00",
          "test_start": "2025-07-25T00:00:00+00:00"
        },
        {
          "fold_id": 3,
          "mean": 0.0,
          "n": 0,
          "test_end": "2025-08-24T00:00:00+00:00",
          "test_start": "2025-08-09T00:00:00+00:00"
        },
        {
          "fold_id": 4,
          "mean": -0.0047823502804856585,
          "n": 1,
          "test_end": "2025-09-08T00:00:00+00:00",
          "test_start": "2025-08-24T00:00:00+00:00"
        },
        {
          "fold_id": 5,
          "mean": 0.0,
          "n": 0,
          "test_end": "2025-09-23T00:00:00+00:00",
          "test_start": "2025-09-08T00:00:00+00:00"
        },
        {
          "fold_id": 6,
          "mean": 0.0008274366439406048,
          "n": 2,
          "test_end": "2025-10-08T00:00:00+00:00",
          "test_start": "2025-09-23T00:00:00+00:00"
        },
        {
          "fold_id": 7,
          "mean": 0.0,
          "n": 0,
          "test_end": "2025-10-23T00:00:00+00:00",