{
  "baseline": {
    "bps10": {
      "ci_high": 0.0038525875775497183,
      "ci_low": 0.0013162841525486257,
      "mean": 0.002532654466568436,
      "n": 109,
      "p_mean_gt_0": 1.0,
      "std": 0.006712175594833373,
      "win_rate": 0.6605504587155964
    },
    "bps8": {
      "ci_high": 0.004052587577549717,
      "ci_low": 0.0015162841525486266,
      "mean": 0.002732654466568435,
      "n": 109,
      "p_mean_gt_0": 1.0,
      "std": 0.0067121755948333734,
      "win_rate": 0.6788990825688074
    },
    "gross": {
      "ci_high": 0.004852587577549719,
      "ci_low": 0.002316284152548626,
      "mean": 0.0035326544665684368,
      "n": 109,
      "p_mean_gt_0": 1.0,
      "std": 0.0067121755948333734,
      "win_rate": 0.7614678899082569
    }
  },
  "classification": "INCONCLUSIVE",
  "commands": [
    "PYTHONPATH=. .venv/bin/python scripts/research_family_runner.py --hypothesis-id H84 --family cross_asset_regime --days 180 --timeframe 5m --horizon 8 --cost-mode gross --wf 60 15 15 --bootstrap-iters 3000 --output-json results/archive/h84_runner_20260218T211351Z_gross.json",
    "PYTHONPATH=. .venv/bin/python scripts/research_family_runner.py --hypothesis-id H84 --family cross_asset_regime --days 180 --timeframe 5m --horizon 8 --cost-mode bps8 --wf 60 15 15 --bootstrap-iters 3000 --output-json results/archive/h84_runner_20260218T211352Z_bps8.json",
    "PYTHONPATH=. .venv/bin/python scripts/research_family_runner.py --hypothesis-id H84 --family cross_asset_regime --days 180 --timeframe 5m --horizon 8 --cost-mode bps10 --wf 60 15 15 --bootstrap-iters 3000 --output-json results/archive/h84_runner_20260218T211354Z_bps10.json"
  ],
  "dataset": {
    "horizon_bars": 8,
    "lookback_days": 180,
    "primary_symbols": [
      "BTC-USD"
    ],
    "secondary_symbols": [
      "ETH-USD"
    ],
    "timeframe": "5m"
  },
  "hypothesis_id": "H84",
  "notes": "Adapter executed scripts/research_family_runner.py for cross_asset_regime gross/bps8/bps10 and combined machine JSON outputs.",
  "timestamp_utc": "2026-02-18T21:13:55+00:00",
  "walkforward": {
    "modes": {
      "bps10": {
        "aggregate": {
          "mean": 0.0021198403515230945,
          "mean_ci_high": 0.003989594716411636,
          "mean_ci_low": 0.00036787064257341403,
          "n": 63,
          "p_mean_gt_0": 0.9906666666666667
        },
        "diagnostics": {
          "mae_proxy_median": null,
          "median_hold_return": 0.0013669612218408797,
          "return_histogram_bins": [
            "(-inf,-1%)",
            "[-1%,-0.5%)",
            "[-0.5%,-0.2%)",
            "[-0.2%,0%)",
            "[0%,0.2%)",
            "[0.2%,0.5%)",
            "[0.5%,1%)",
            "[1%,inf)"
          ],
          "return_histogram_counts": [
            2,
            4,
            13,
            18,
            27,
            21,
            12,
            12
          ],
          "top10_pct_pnl_contribution": 0.6490142944942267,
          "trades_per_day": 0.6185859541262709
        },
        "folds": [
          {
            "fold_id": 1,
            "mean": 0.0023585279095728533,
            "n": 7,
            "test_end": "2025-11-07T00:00:00+00:00",
            "test_start": "2025-10-23T00:00:00+00:00"
          },
          {
            "fold_id": 2,
            "mean": 0.0009318354496231272,
            "n": 12,
            "test_end": "2025-11-22T00:00:00+00:00",
            "test_start": "2025-11-07T00:00:00+00:00"
          },
          {
            "fold_id": 3,
            "mean": 0.0028981771422354214,
            "n": 15,
            "test_end": "2025-12-07T00:00:00+00:00",
            "test_start": "2025-11-22T00:00:00+00:00"
          },
          {
            "fold_id": 4,
            "mean": 0.004359315259749396,
            "n": 10,
            "test_end": "2025-12-22T00:00:00+00:00",
            "test_start": "2025-12-07T00:00:00+00:00"
          },
          {
            "fold_id": 5,
            "mean": 0.001018470613302292,
            "n": 8,
            "test_end": "2026-01-06T00:00:00+00:00",
            "test_start": "2025-12-22T00:00:00+00:00"
          },
          {
            "fold_id": 6,
            "mean": 0.0016822340833418715,
            "n": 5,
            "test_end": "2026-01-21T00:00:00+00:00",
            "test_start": "2026-01-06T00:00:00+00:00"
          },
          {
            "fold_id": 7,
            "mean": 0.00037224605488574695,
            "n": 6,
            "test_end": "2026-02-05T00:00:00+00:00",
            "test_start": "2026-01-21T00:00:00+00:00"
          }
        ],
        "positive_folds": {
          "count": 7,
          "pct": 100.0,
          "total": 7
        }
      },
      "bps8": {
        "aggregate": {
          "mean": 0.002319840351523096,
          "mean_ci_high": 0.0041895947164116345,
          "mean_ci_low": 0.0005678706425734143,
          "n": 63,
          "p_mean_gt_0": 0.9956666666666667
        },
        "diagnostics": {
          "mae_proxy_median": null,
          "median_hold_return": 0.0015669612218408798,
          "return_histogram_bins": [
            "(-inf,-1%)",
            "[-1%,-0.5%)",
            "[-0.5%,-0.2%)",
            "[-0.2%,0%)",
            "[0%,0.2%)",
            "[0.2%,0.5%)",
            "[0.5%,1%)",
            "[1%,inf)"
          ],
          "return_histogram_counts": [
            2,
            3,
            11,
            19,
            26,
            23,
            12,
            13
          ],
          "top10_pct_pnl_contribution": 0.6088996828587613,
          "trades_per_day": 0.6185859541262709
        },
        "folds": [
          {
            "fold_id": 1,
            "mean": 0.0025585279095728533,
            "n": 7,
            "test_end": "2025-11-07T00:00:00+00:00",
            "test_start": "2025-10-23T00:00:00+00:00"
          },
          {
            "fold_id": 2,
            "mean": 0.0011318354496231279,
            "n": 12,
            "test_end": "2025-11-22T00:00:00+00:00",
            "test_start": "2025-11-07T00:00:00+00:00"
          },
          {
            "fold_id": 3,
            "mean": 0.003098177142235423,
            "n": 15,
            "test_end": "2025-12-07T00:00:00+00:00",
            "test_start": "2025-11-22T00:00:00+00:00"
          },
          {
            "fold_id": 4,
            "mean": 0.004559315259749397,
            "n": 10,
            "test_end": "2025-12-22T00:00:00+00:00",
            "test_start": "2025-12-07T00:00:00+00:00"
          },
          {
            "fold_id": 5,
            "mean": 0.0012184706133022921,
            "n": 8,
            "test_end": "2026-01-06T00:00:00+00:00",
            "test_start": "2025-12-22T00:00:00+00:00"
          },
          {
            "fold_id": 6,
            "mean": 0.001882234083341872,
            "n": 5,
            "test_end": "2026-01-21T00:00:00+00:00",
            "test_start": "2026-01-06T00:00:00+00:00"
          },
          {
            "fold_id": 7,
            "mean": 0.0005722460548857469,
            "n": 6,
            "test_end": "2026-02-05T00:00:00+00:00",
            "test_start": "2026-01-21T00:00:00+00:00"
          }
        ],
        "positive_folds": {
          "count": 7,
          "pct": 100.0,
          "total": 7
        }
      },
      "gross": {
        "aggregate": {
          "mean": 0.0031198403515230954,
          "mean_ci_high": 0.004989594716411637,
          "mean_ci_low": 0.0013678706425734144,
          "n": 63,
          "p_mean_gt_0": 0.9996666666666667
        },
        "diagnostics": {
          "mae_proxy_median": null,
          "median_hold_return": 0.0023669612218408798,
          "return_histogram_bins": [
            "(-inf,-1%)",
            "[-1%,-0.5%)",
            "[-0.5%,-0.2%)",
            "[-0.2%,0%)",
            "[0%,0.2%)",
            "[0.2%,0.5%)",
            "[0.5%,1%)",
            "[1%,inf)"
          ],