{
  "baseline": {
    "bps10": {
      "mean": 0.0010096538664856746,
      "mean_ci_high": 0.0034361258772042064,
      "mean_ci_low": -0.0008560049720587304,
      "n": 25,
      "p_mean_gt_0": 0.814,
      "std": 0.005639248207288763,
      "win_rate": 0.44
    },
    "bps8": {
      "mean": 0.0012096538664856746,
      "mean_ci_high": 0.0036361258772042077,
      "mean_ci_low": -0.0006560049720587302,
      "n": 25,
      "p_mean_gt_0": 0.8653333333333333,
      "std": 0.005639248207288763,
      "win_rate": 0.44
    },
    "gross": {
      "mean": 0.0020096538664856746,
      "mean_ci_high": 0.004436125877204207,
      "mean_ci_low": 0.0001439950279412696,
      "n": 25,
      "p_mean_gt_0": 0.983,
      "std": 0.005639248207288763,
      "win_rate": 0.52
    }
  },
  "config": {
    "bootstrap_iters": 3000,
    "cost_mode": "all",
    "days": 365,
    "horizon": 8,
    "timeframe": "5m",
    "wf": {
      "step_days": 15,
      "test_days": 15,
      "train_days": 60
    }
  },
  "diagnostics_by_mode": {
    "bps10": {
      "mae_proxy_median": -0.0008178696089227167,
      "median_hold_return": -0.0007689057396977885,
      "return_histogram_bins": [
        "(-inf,-1%)",
        "[-1%,-0.5%)",
        "[-0.5%,-0.2%)",
        "[-0.2%,0%)",
        "[0%,0.2%)",
        "[0.2%,0.5%)",
        "[0.5%,1%)",
        "[1%,inf)"
      ],
      "return_histogram_counts": [
        0,
        1,
        6,
        7,
        4,
        4,
        2,
        1
      ],
      "top10_pct_pnl_contribution": 1.4976278133329073,
      "trades_per_day": 0.08777062609713283
    },
    "bps8": {
      "mae_proxy_median": -0.0008178696089227167,
      "median_hold_return": -0.0005689057396977886,
      "return_histogram_bins": [
        "(-inf,-1%)",
        "[-1%,-0.5%)",
        "[-0.5%,-0.2%)",
        "[-0.2%,0%)",
        "[0%,0.2%)",
        "[0.2%,0.5%)",
        "[0.5%,1%)",
        "[1%,inf)"
      ],
      "return_histogram_counts": [
        0,
        1,
        6,
        7,
        3,
        5,
        2,
        1
      ],
      "top10_pct_pnl_contribution": 1.2698555800517892,
      "trades_per_day": 0.08777062609713283
    },
    "gross": {
      "mae_proxy_median": -0.0008178696089227167,
      "median_hold_return": 0.00023109426030221147,
      "return_histogram_bins": [
        "(-inf,-1%)",
        "[-1%,-0.5%)",
        "[-0.5%,-0.2%)",
        "[-0.2%,0%)",
        "[0%,0.2%)",
        "[0.2%,0.5%)",
        "[0.5%,1%)",
        "[1%,inf)"
      ],
      "return_histogram_counts": [
        0,
        0,
        3,
        9,
        4,
        5,
        3,
        1
      ],
      "top10_pct_pnl_contribution": 0.8121227936341694,
      "trades_per_day": 0.08777062609713283
    }
  },
  "family": "funding_regime",
  "hypothesis_id": "H174",
  "timestamp_utc": "2026-02-24T00:37:10+00:00",
  "wf_by_mode": {
    "bps10": {
      "aggregate": {
        "mean": -5.9158492482738806e-05,
        "mean_ci_high": 0.0015507706035124136,
        "mean_ci_low": -0.001562528424103099,
        "n": 15,
        "p_mean_gt_0": 0.473
      },
      "folds": [
        {
          "fold_id": 1,
          "mean": 0.0002651786716864859,
          "n": 7,
          "test_end": "2025-07-25T00:00:00+00:00",
          "test_start": "2025-07-10T00:00:00+00:00"
        },
        {
          "fold_id": 2,
          "mean": -0.002860938837346282,
          "n": 1,
          "test_end": "2025-08-09T00:00:00+00:00",
          "test_start": "2025-07-25T00:00:00+00:00"
        },
        {
          "fold_id": 3,
          "mean": 0.0,
          "n": 0,
          "test_end": "2025-08-24T00:00:00+00:00",
          "test_start": "2025-08-09T00:00:00+00:00"
        },
        {
          "fold_id": 4,
          "mean": -0.0057129963650045515,
          "n": 1,
          "test_end": "2025-09-08T00:00:00+00:00",
          "test_start": "2025-08-24T00:00:00+00:00"
        },
        {
          "fold_id": 5,
          "mean": 0.0,
          "n": 0,
          "test_end": "2025-09-23T00:00:00+00:00",
          "test_start": "2025-09-08T00:00:00+00:00"
        },
        {
          "fold_id": 6,
          "mean": 0.0021743022548910704,
          "n": 2,
          "test_end": "2025-10-08T00:00:00+00:00",
          "test_start": "2025-09-23T00:00:00+00:00"
        },
        {
          "fold_id": 7,
          "mean": 0.0,
          "n": 0,
          "test_end": "2025-10-23T00:00:00+00:00",
          "test_start": "2025-10-08T00:00:00+00:00"
        },
        {
          "fold_id": 8,
          "mean": 0.0,
          "n": 0,
          "test_end": "2025-11-07T00:00:00+00:00",
          "test_start": "2025-10-23T00:00:00+00:00"
        },
        {
          "fold_id": 9,
          "mean": 0.0,
          "n": 0,
          "test_end": "2025-11-22T00:00:00+00:00",
          "test_start": "2025-11-07T00:00:00+00:00"
        },
        {
          "fold_id": 10,
          "mean": 0.0,
          "n": 0,
          "test_end": "2025-12-07T00:00:00+00:00",
          "test_start": "2025-11-22T00:00:00+00:00"
        },
        {
          "fold_id": 11,
          "mean": 0.0,
          "n": 0,
          "test_end": "2025-12-22T00:00:00+00:00",
          "test_start": "2025-12-07T00:00:00+00:00"
        },
        {
          "fold_id": 12,
          "mean": 0.0009628352004491534,
          "n": 3,
          "test_end": "2026-01-06T00:00:00+00:00",
          "test_start": "2025-12-22T00:00:00+00:00"
        },
        {
          "fold_id": 13,
          "mean": 0.0,
          "n": 0,
          "test_end": "2026-01-21T00:00:00+00:00",
          "test_start": "2026-01-06T00:00:00+00:00"
        },
        {
          "fold_id": 14,
          "mean": 0.0,
          "n": 0,
          "test_end": "2026-02-05T00:00:00+00:00",
          "test_start": "2026-01-21T00:00:00+00:00"
        },
        {
          "fold_id": 15,
          "mean": -0.0014068029978252508,
          "n": 1,
          "test_end": "2026-02-20T00:00:00+00:00",
          "test_start": "2026-02-05T00:00:00+00:00"
        }
      ],
      "positive_folds": {
        "count": 3,
        "pct": 20.0,
        "total": 15
      },
      "split": {
        "step_days": 15,
        "test_days": 15,
        "train_days": 60
      }
    },
    "bps8": {
      "aggregate": {
        "mean": 0.0001408415075172612,
        "mean_ci_high": 0.0017507706035124139,
        "mean_ci_low": -0.0013625284241030983,
        "n": 15,
        "p_mean_gt_0": 0.5786666666666667
      },
      "folds": [
        {
          "fold_id": 1,
          "mean": 0.00046517867168648596,
          "n": 7,
          "test_end": "2025-07-25T00:00:00+00:00",
          "test_start": "2025-07-10T00:00:00+00:00"
        },
        {
          "fold_id": 2,
          "mean": -0.002660938837346282,
          "n": 1,
          "test_end": "2025-08-09T00:00:00+00:00",
          "test_start": "2025-07-25T00:00:00+00:00"
        },
        {
          "fold_id": 3,
          "mean": 0.0,
          "n": 0,
          "test_end": "2025-08-24T00:00:00+00:00",
          "test_start": "2025-08-09T00:00:00+00:00"
        },
        {
          "fold_id": 4,
          "mean": -0.005512996365004552,
          "n": 1,
          "test_end": "2025-09-08T00:00:00+00:00",
          "test_start": "2025-08-24T00:00:00+00:00"
        },
        {
          "fold_id": 5,
          "mean": 0.0,
          "n": 0,
          "test_end": "2025-09-23T00:00:00+00:00",
          "test_start": "2025-09-08T00:00:00+00:00"
        },
        {
          "fold_id": 6,
          "mean": 0.00237430225489107,
          "n": 2,
          "test_end": "2025-10-08T00:00:00+00:00",
          "test_start": "2025-09-23T00:00:00+00:00"
        },
        {
          "fold_id": 7,
          "mean": 0.0,
          "n": 0,
          "test_end": "2025-10-23T00:00:00+00:00",
          "test_start": "2025-10-08T00:00:00+00:00"
        },
        {
          "fold_id": 8,
          "mean": 0.0,
          "n": 0,