{
  "baseline": {
    "bps10": {
      "mean": 5.472328424500732e-05,
      "mean_ci_high": 0.00030361560486570356,
      "mean_ci_low": -0.0001952124043883035,
      "n": 655,
      "p_mean_gt_0": 0.6563333333333333,
      "std": 0.0033260179013288615,
      "win_rate": 0.41374045801526715
    },
    "bps8": {
      "mean": 0.0002547232842450074,
      "mean_ci_high": 0.0005036156048657038,
      "mean_ci_low": 4.787595611696598e-06,
      "n": 655,
      "p_mean_gt_0": 0.9773333333333334,
      "std": 0.0033260179013288615,
      "win_rate": 0.44732824427480916
    },
    "gross": {
      "mean": 0.0010547232842450076,
      "mean_ci_high": 0.0013036156048657037,
      "mean_ci_low": 0.0008047875956116967,
      "n": 655,
      "p_mean_gt_0": 1.0,
      "std": 0.0033260179013288615,
      "win_rate": 0.5786259541984733
    }
  },
  "config": {
    "bootstrap_iters": 3000,
    "cost_mode": "all",
    "days": 365,
    "horizon": 8,
    "timeframe": "5m",
    "wf": {
      "step_days": 20,
      "test_days": 20,
      "train_days": 120
    }
  },
  "diagnostics_by_mode": {
    "bps10": {
      "mae_proxy_median": -0.0005707687893161673,
      "median_hold_return": -0.000519612237002475,
      "return_histogram_bins": [
        "(-inf,-1%)",
        "[-1%,-0.5%)",
        "[-0.5%,-0.2%)",
        "[-0.2%,0%)",
        "[0%,0.2%)",
        "[0.2%,0.5%)",
        "[0.5%,1%)",
        "[1%,inf)"
      ],
      "return_histogram_counts": [
        1,
        8,
        175,
        200,
        145,
        82,
        32,
        12
      ],
      "top10_pct_pnl_contribution": 13.719070038478366,
      "trades_per_day": 1.8851181196786186
    },
    "bps8": {
      "mae_proxy_median": -0.0005707687893161673,
      "median_hold_return": -0.000319612237002475,
      "return_histogram_bins": [
        "(-inf,-1%)",
        "[-1%,-0.5%)",
        "[-0.5%,-0.2%)",
        "[-0.2%,0%)",
        "[0%,0.2%)",
        "[0.2%,0.5%)",
        "[0.5%,1%)",
        "[1%,inf)"
      ],
      "return_histogram_counts": [
        1,
        7,
        164,
        190,
        150,
        95,
        35,
        13
      ],
      "top10_pct_pnl_contribution": 3.02644198127973,
      "trades_per_day": 1.8851181196786186
    },
    "gross": {
      "mae_proxy_median": -0.0005707687893161673,
      "median_hold_return": 0.00048038776299752506,
      "return_histogram_bins": [
        "(-inf,-1%)",
        "[-1%,-0.5%)",
        "[-0.5%,-0.2%)",
        "[-0.2%,0%)",
        "[0%,0.2%)",
        "[0.2%,0.5%)",
        "[0.5%,1%)",
        "[1%,inf)"
      ],
      "return_histogram_counts": [
        0,
        3,
        70,
        202,
        198,
        117,
        48,
        17
      ],
      "top10_pct_pnl_contribution": 0.8073358584104584,
      "trades_per_day": 1.8851181196786186
    }
  },
  "family": "exit_logic",
  "hypothesis_id": "H200",
  "timestamp_utc": "2026-03-11T15:46:36+00:00",
  "wf_by_mode": {
    "bps10": {
      "aggregate": {
        "mean": 0.00010101451483907145,
        "mean_ci_high": 0.0004471752456502757,
        "mean_ci_low": -0.0002151504483946168,
        "n": 376,
        "p_mean_gt_0": 0.724
      },
      "folds": [
        {
          "fold_id": 1,
          "mean": -0.00013480176772726692,
          "n": 27,
          "test_end": "2025-07-30T00:00:00+00:00",
          "test_start": "2025-07-10T00:00:00+00:00"
        },
        {
          "fold_id": 2,
          "mean": -0.0003758690833342348,
          "n": 26,
          "test_end": "2025-08-19T00:00:00+00:00",
          "test_start": "2025-07-30T00:00:00+00:00"
        },
        {
          "fold_id": 3,
          "mean": 0.00048130519345047495,
          "n": 37,
          "test_end": "2025-09-08T00:00:00+00:00",
          "test_start": "2025-08-19T00:00:00+00:00"
        },
        {
          "fold_id": 4,
          "mean": -0.00043527909065373127,
          "n": 38,
          "test_end": "2025-09-28T00:00:00+00:00",
          "test_start": "2025-09-08T00:00:00+00:00"
        },
        {
          "fold_id": 5,
          "mean": -8.734591516123234e-06,
          "n": 28,
          "test_end": "2025-10-18T00:00:00+00:00",
          "test_start": "2025-09-28T00:00:00+00:00"
        },
        {
          "fold_id": 6,
          "mean": 0.0005108997283777552,
          "n": 35,
          "test_end": "2025-11-07T00:00:00+00:00",
          "test_start": "2025-10-18T00:00:00+00:00"
        },
        {
          "fold_id": 7,
          "mean": 0.0001200700093660428,
          "n": 43,
          "test_end": "2025-11-27T00:00:00+00:00",
          "test_start": "2025-11-07T00:00:00+00:00"
        },
        {
          "fold_id": 8,
          "mean": 0.001279551079665101,
          "n": 42,
          "test_end": "2025-12-17T00:00:00+00:00",
          "test_start": "2025-11-27T00:00:00+00:00"
        },
        {
          "fold_id": 9,
          "mean": 0.00011119261965479184,
          "n": 42,
          "test_end": "2026-01-06T00:00:00+00:00",
          "test_start": "2025-12-17T00:00:00+00:00"
        },
        {
          "fold_id": 10,
          "mean": 2.4928450780572482e-05,
          "n": 31,
          "test_end": "2026-01-26T00:00:00+00:00",
          "test_start": "2026-01-06T00:00:00+00:00"
        },
        {
          "fold_id": 11,
          "mean": -0.0011799235154500629,
          "n": 27,
          "test_end": "2026-02-15T00:00:00+00:00",
          "test_start": "2026-01-26T00:00:00+00:00"
        }
      ],
      "positive_folds": {
        "count": 6,
        "pct": 54.54545454545455,
        "total": 11
      },
      "split": {
        "step_days": 20,
        "test_days": 20,
        "train_days": 120
      }
    },
    "bps8": {
      "aggregate": {
        "mean": 0.00030101451483907144,
        "mean_ci_high": 0.0006471752456502757,
        "mean_ci_low": -1.5150448394616707e-05,
        "n": 376,
        "p_mean_gt_0": 0.9653333333333334
      },
      "folds": [
        {
          "fold_id": 1,
          "mean": 6.519823227273307e-05,
          "n": 27,
          "test_end": "2025-07-30T00:00:00+00:00",
          "test_start": "2025-07-10T00:00:00+00:00"
        },
        {
          "fold_id": 2,
          "mean": -0.00017586908333423485,
          "n": 26,
          "test_end": "2025-08-19T00:00:00+00:00",
          "test_start": "2025-07-30T00:00:00+00:00"
        },
        {
          "fold_id": 3,
          "mean": 0.0006813051934504754,
          "n": 37,
          "test_end": "2025-09-08T00:00:00+00:00",
          "test_start": "2025-08-19T00:00:00+00:00"
        },
        {
          "fold_id": 4,
          "mean": -0.00023527909065373115,
          "n": 38,
          "test_end": "2025-09-28T00:00:00+00:00",
          "test_start": "2025-09-08T00:00:00+00:00"
        },
        {
          "fold_id": 5,
          "mean": 0.0001912654084838768,
          "n": 28,
          "test_end": "2025-10-18T00:00:00+00:00",
          "test_start": "2025-09-28T00:00:00+00:00"
        },
        {
          "fold_id": 6,
          "mean": 0.0007108997283777553,
          "n": 35,
          "test_end": "2025-11-07T00:00:00+00:00",
          "test_start": "2025-10-18T00:00:00+00:00"
        },
        {
          "fold_id": 7,
          "mean": 0.00032007000936604287,
          "n": 43,
          "test_end": "2025-11-27T00:00:00+00:00",
          "test_start": "2025-11-07T00:00:00+00:00"
        },
        {
          "fold_id": 8,
          "mean": 0.0014795510796651013,
          "n": 42,
          "test_end": "2025-12-17T00:00:00+00:00",
          "test_start": "2025-11-27T00:00:00+00:00"
        },
        {
          "fold_id": 9,
          "mean": 0.00031119261965479185,
          "n": 42,
          "test_end": "2026-01-06T00:00:00+00:00",
          "test_start": "2025-12-17T00:00:00+00:00"
        },
        {
          "fold_id": 10,
          "mean": 0.0002249284507805725,
          "n": 31,
          "test_end": "2026-01-26T00:00:00+00:00",