{
  "baseline": {
    "bps10": {
      "ci_high": -0.0007526443148796828,
      "ci_low": -0.0012332005975901057,
      "mean": -0.0009966581332502243,
      "n": 1929,
      "p_mean_gt_0": 0.0,
      "std": 0.005380416986849786,
      "win_rate": 0.3556246759979264
    },
    "bps8": {
      "ci_high": -0.0005526443148796825,
      "ci_low": -0.0010332005975901054,
      "mean": -0.0007966581332502239,
      "n": 1929,
      "p_mean_gt_0": 0.0,
      "std": 0.005380416986849786,
      "win_rate": 0.3789528252980819
    },
    "gross": {
      "ci_high": 0.00024735568512031773,
      "ci_low": -0.0002332005975901054,
      "mean": 3.341866749776154e-06,
      "n": 1929,
      "p_mean_gt_0": 0.5156666666666667,
      "std": 0.005380416986849786,
      "win_rate": 0.465526179367548
    }
  },
  "classification": "FAIL",
  "commands": [
    "PYTHONPATH=. .venv/bin/python scripts/research_family_runner.py --hypothesis-id H50 --family volatility_conditioning --days 180 --timeframe 5m --horizon 6 --cost-mode gross --wf 60 15 15 --bootstrap-iters 3000 --output-json results/archive/h50_runner_20260217T180359Z_gross.json",
    "PYTHONPATH=. .venv/bin/python scripts/research_family_runner.py --hypothesis-id H50 --family volatility_conditioning --days 180 --timeframe 5m --horizon 6 --cost-mode bps8 --wf 60 15 15 --bootstrap-iters 3000 --output-json results/archive/h50_runner_20260217T180400Z_bps8.json",
    "PYTHONPATH=. .venv/bin/python scripts/research_family_runner.py --hypothesis-id H50 --family volatility_conditioning --days 180 --timeframe 5m --horizon 6 --cost-mode bps10 --wf 60 15 15 --bootstrap-iters 3000 --output-json results/archive/h50_runner_20260217T180401Z_bps10.json"
  ],
  "dataset": {
    "horizon_bars": 6,
    "lookback_days": 180,
    "primary_symbols": [
      "BTC-USD"
    ],
    "secondary_symbols": [
      "ETH-USD"
    ],
    "timeframe": "5m"
  },
  "hypothesis_id": "H50",
  "notes": "Adapter executed scripts/research_family_runner.py for volatility_conditioning gross/bps8/bps10 and combined machine JSON outputs.",
  "timestamp_utc": "2026-02-17T18:04:02+00:00",
  "walkforward": {
    "modes": {
      "bps10": {
        "aggregate": {
          "mean": -0.000976235720308448,
          "mean_ci_high": -0.0006488674816060052,
          "mean_ci_low": -0.001316887351691737,
          "n": 1094,
          "p_mean_gt_0": 0.0
        },
        "folds": [
          {
            "fold_id": 1,
            "mean": -0.0008568422200313393,
            "n": 194,
            "test_end": "2025-11-24T00:00:00+00:00",
            "test_start": "2025-11-09T00:00:00+00:00"
          },
          {
            "fold_id": 2,
            "mean": -0.0004405304511143601,
            "n": 116,
            "test_end": "2025-12-09T00:00:00+00:00",
            "test_start": "2025-11-24T00:00:00+00:00"
          },
          {
            "fold_id": 3,
            "mean": -0.0007090359227656768,
            "n": 160,
            "test_end": "2025-12-24T00:00:00+00:00",
            "test_start": "2025-12-09T00:00:00+00:00"
          },
          {
            "fold_id": 4,
            "mean": -0.0011640509818791251,
            "n": 116,
            "test_end": "2026-01-08T00:00:00+00:00",
            "test_start": "2025-12-24T00:00:00+00:00"
          },
          {
            "fold_id": 5,
            "mean": -0.0011398357862863865,
            "n": 212,
            "test_end": "2026-01-23T00:00:00+00:00",
            "test_start": "2026-01-08T00:00:00+00:00"
          },
          {
            "fold_id": 6,
            "mean": -0.00121808144178681,
            "n": 296,
            "test_end": "2026-02-07T00:00:00+00:00",
            "test_start": "2026-01-23T00:00:00+00:00"
          }
        ],
        "positive_folds": {
          "count": 0,
          "pct": 0.0,
          "total": 6
        }
      },
      "bps8": {
        "aggregate": {
          "mean": -0.0007762357203084478,
          "mean_ci_high": -0.0004488674816060048,
          "mean_ci_low": -0.0011168873516917365,
          "n": 1094,
          "p_mean_gt_0": 0.0
        },
        "folds": [
          {
            "fold_id": 1,
            "mean": -0.0006568422200313391,
            "n": 194,
            "test_end": "2025-11-24T00:00:00+00:00",
            "test_start": "2025-11-09T00:00:00+00:00"
          },
          {
            "fold_id": 2,
            "mean": -0.00024053045111435995,
            "n": 116,
            "test_end": "2025-12-09T00:00:00+00:00",
            "test_start": "2025-11-24T00:00:00+00:00"
          },
          {
            "fold_id": 3,
            "mean": -0.0005090359227656765,
            "n": 160,
            "test_end": "2025-12-24T00:00:00+00:00",
            "test_start": "2025-12-09T00:00:00+00:00"
          },
          {
            "fold_id": 4,
            "mean": -0.0009640509818791245,
            "n": 116,
            "test_end": "2026-01-08T00:00:00+00:00",
            "test_start": "2025-12-24T00:00:00+00:00"
          },
          {
            "fold_id": 5,
            "mean": -0.0009398357862863861,
            "n": 212,
            "test_end": "2026-01-23T00:00:00+00:00",
            "test_start": "2026-01-08T00:00:00+00:00"
          },
          {
            "fold_id": 6,
            "mean": -0.00101808144178681,
            "n": 296,
            "test_end": "2026-02-07T00:00:00+00:00",
            "test_start": "2026-01-23T00:00:00+00:00"
          }
        ],
        "positive_folds": {
          "count": 0,
          "pct": 0.0,
          "total": 6
        }
      },
      "gross": {
        "aggregate": {
          "mean": 2.3764279691552323e-05,
          "mean_ci_high": 0.0003511325183939953,
          "mean_ci_low": -0.0003168873516917365,
          "n": 1094,
          "p_mean_gt_0": 0.543
        },
        "folds": [
          {
            "fold_id": 1,
            "mean": 0.00014315777996866096,
            "n": 194,
            "test_end": "2025-11-24T00:00:00+00:00",
            "test_start": "2025-11-09T00:00:00+00:00"
          },
          {
            "fold_id": 2,
            "mean": 0.0005594695488856402,
            "n": 116,
            "test_end": "2025-12-09T00:00:00+00:00",
            "test_start": "2025-11-24T00:00:00+00:00"
          },
          {
            "fold_id": 3,
            "mean": 0.0002909640772343236,
            "n": 160,
            "test_end": "2025-12-24T00:00:00+00:00",
            "test_start": "2025-12-09T00:00:00+00:00"
          },
          {
            "fold_id": 4,
            "mean": -0.00016405098187912483,
            "n": 116,
            "test_end": "2026-01-08T00:00:00+00:00",
            "test_start": "2025-12-24T00:00:00+00:00"
          },
          {
            "fold_id": 5,
            "mean": -0.0001398357862863862,
            "n": 212,
            "test_end": "2026-01-23T00:00:00+00:00",
            "test_start": "2026-01-08T00:00:00+00:00"
          },
          {
            "fold_id": 6,
            "mean": -0.00021808144178680968,
            "n": 296,
            "test_end": "2026-02-07T00:00:00+00:00",
            "test_start": "2026-01-23T00:00:00+00:00"
          }
        ],
        "positive_folds": {
          "count": 3,
          "pct": 50.0,
          "total": 6
        }
      }
    },
    "split": {
      "step_days": 15,
      "test_days": 15,
      "train_days": 60
    }
  }
}