{
  "baseline": {
    "bps10": {
      "ci_high": -0.0005051225419306751,
      "ci_low": -0.0014250371278408693,
      "mean": -0.0009652927313003042,
      "n": 612,
      "p_mean_gt_0": 0.0,
      "std": 0.0057646117329969,
      "win_rate": 0.39052287581699346
    },
    "bps8": {
      "ci_high": -0.0003051225419306748,
      "ci_low": -0.001225037127840869,
      "mean": -0.0007652927313003039,
      "n": 612,
      "p_mean_gt_0": 0.0003333333333333333,
      "std": 0.0057646117329969,
      "win_rate": 0.4166666666666667
    },
    "gross": {
      "ci_high": 0.0004948774580693252,
      "ci_low": -0.00042503712784086893,
      "mean": 3.470726869969613e-05,
      "n": 612,
      "p_mean_gt_0": 0.5676666666666667,
      "std": 0.0057646117329969,
      "win_rate": 0.5392156862745098
    }
  },
  "classification": "FAIL",
  "commands": [
    "PYTHONPATH=. .venv/bin/python scripts/research_family_runner.py --hypothesis-id H53 --family mean_reversion --days 180 --timeframe 5m --horizon 6 --cost-mode gross --wf 60 15 15 --bootstrap-iters 3000 --output-json results/archive/h53_runner_20260217T180410Z_gross.json",
    "PYTHONPATH=. .venv/bin/python scripts/research_family_runner.py --hypothesis-id H53 --family mean_reversion --days 180 --timeframe 5m --horizon 6 --cost-mode bps8 --wf 60 15 15 --bootstrap-iters 3000 --output-json results/archive/h53_runner_20260217T180411Z_bps8.json",
    "PYTHONPATH=. .venv/bin/python scripts/research_family_runner.py --hypothesis-id H53 --family mean_reversion --days 180 --timeframe 5m --horizon 6 --cost-mode bps10 --wf 60 15 15 --bootstrap-iters 3000 --output-json results/archive/h53_runner_20260217T180413Z_bps10.json"
  ],
  "dataset": {
    "horizon_bars": 6,
    "lookback_days": 180,
    "primary_symbols": [
      "BTC-USD"
    ],
    "secondary_symbols": [
      "ETH-USD"
    ],
    "timeframe": "5m"
  },
  "hypothesis_id": "H53",
  "notes": "Adapter executed scripts/research_family_runner.py for mean_reversion gross/bps8/bps10 and combined machine JSON outputs.",
  "timestamp_utc": "2026-02-17T18:04:14+00:00",
  "walkforward": {
    "modes": {
      "bps10": {
        "aggregate": {
          "mean": -0.0006909237943503553,
          "mean_ci_high": -0.00020892319976951245,
          "mean_ci_low": -0.001189630075106598,
          "n": 372,
          "p_mean_gt_0": 0.0026666666666666666
        },
        "folds": [
          {
            "fold_id": 1,
            "mean": -0.0003548334142474798,
            "n": 74,
            "test_end": "2025-11-07T00:00:00+00:00",
            "test_start": "2025-10-23T00:00:00+00:00"
          },
          {
            "fold_id": 2,
            "mean": 0.0008732966050309182,
            "n": 22,
            "test_end": "2025-11-22T00:00:00+00:00",
            "test_start": "2025-11-07T00:00:00+00:00"
          },
          {
            "fold_id": 3,
            "mean": -0.0011348870089165884,
            "n": 45,
            "test_end": "2025-12-07T00:00:00+00:00",
            "test_start": "2025-11-22T00:00:00+00:00"
          },
          {
            "fold_id": 4,
            "mean": -0.0021223194678864493,
            "n": 31,
            "test_end": "2025-12-22T00:00:00+00:00",
            "test_start": "2025-12-07T00:00:00+00:00"
          },
          {
            "fold_id": 5,
            "mean": -0.000489959544717332,
            "n": 61,
            "test_end": "2026-01-06T00:00:00+00:00",
            "test_start": "2025-12-22T00:00:00+00:00"
          },
          {
            "fold_id": 6,
            "mean": -0.0011909123489685072,
            "n": 70,
            "test_end": "2026-01-21T00:00:00+00:00",
            "test_start": "2026-01-06T00:00:00+00:00"
          },
          {
            "fold_id": 7,
            "mean": -0.0002879027332379664,
            "n": 69,
            "test_end": "2026-02-05T00:00:00+00:00",
            "test_start": "2026-01-21T00:00:00+00:00"
          }
        ],
        "positive_folds": {
          "count": 1,
          "pct": 14.285714285714286,
          "total": 7
        }
      },
      "bps8": {
        "aggregate": {
          "mean": -0.0004909237943503551,
          "mean_ci_high": -8.923199769512018e-06,
          "mean_ci_low": -0.0009896300751065974,
          "n": 372,
          "p_mean_gt_0": 0.023333333333333334
        },
        "folds": [
          {
            "fold_id": 1,
            "mean": -0.0001548334142474798,
            "n": 74,
            "test_end": "2025-11-07T00:00:00+00:00",
            "test_start": "2025-10-23T00:00:00+00:00"
          },
          {
            "fold_id": 2,
            "mean": 0.0010732966050309184,
            "n": 22,
            "test_end": "2025-11-22T00:00:00+00:00",
            "test_start": "2025-11-07T00:00:00+00:00"
          },
          {
            "fold_id": 3,
            "mean": -0.0009348870089165884,
            "n": 45,
            "test_end": "2025-12-07T00:00:00+00:00",
            "test_start": "2025-11-22T00:00:00+00:00"
          },
          {
            "fold_id": 4,
            "mean": -0.0019223194678864494,
            "n": 31,
            "test_end": "2025-12-22T00:00:00+00:00",
            "test_start": "2025-12-07T00:00:00+00:00"
          },
          {
            "fold_id": 5,
            "mean": -0.00028995954471733196,
            "n": 61,
            "test_end": "2026-01-06T00:00:00+00:00",
            "test_start": "2025-12-22T00:00:00+00:00"
          },
          {
            "fold_id": 6,
            "mean": -0.0009909123489685063,
            "n": 70,
            "test_end": "2026-01-21T00:00:00+00:00",
            "test_start": "2026-01-06T00:00:00+00:00"
          },
          {
            "fold_id": 7,
            "mean": -8.79027332379663e-05,
            "n": 69,
            "test_end": "2026-02-05T00:00:00+00:00",
            "test_start": "2026-01-21T00:00:00+00:00"
          }
        ],
        "positive_folds": {
          "count": 1,
          "pct": 14.285714285714286,
          "total": 7
        }
      },
      "gross": {
        "aggregate": {
          "mean": 0.00030907620564964497,
          "mean_ci_high": 0.0007910768002304879,
          "mean_ci_low": -0.00018963007510659736,
          "n": 372,
          "p_mean_gt_0": 0.8966666666666666
        },
        "folds": [
          {
            "fold_id": 1,
            "mean": 0.0006451665857525203,
            "n": 74,
            "test_end": "2025-11-07T00:00:00+00:00",
            "test_start": "2025-10-23T00:00:00+00:00"
          },
          {
            "fold_id": 2,
            "mean": 0.0018732966050309184,
            "n": 22,
            "test_end": "2025-11-22T00:00:00+00:00",
            "test_start": "2025-11-07T00:00:00+00:00"
          },
          {
            "fold_id": 3,
            "mean": -0.00013488700891658805,
            "n": 45,
            "test_end": "2025-12-07T00:00:00+00:00",
            "test_start": "2025-11-22T00:00:00+00:00"
          },
          {
            "fold_id": 4,
            "mean": -0.0011223194678864489,
            "n": 31,
            "test_end": "2025-12-22T00:00:00+00:00",
            "test_start": "2025-12-07T00:00:00+00:00"
          },
          {
            "fold_id": 5,
            "mean": 0.000510040455282668,
            "n": 61,
            "test_end": "2026-01-06T00:00:00+00:00",
            "test_start": "2025-12-22T00:00:00+00:00"
          },
          {
            "fold_id": 6,
            "mean": -0.00019091234896850668,
            "n": 70,
            "test_end": "2026-01-21T00:00:00+00:00",
            "test_start": "2026-01-06T00:00:00+00:00"
          },
          {
            "fold_id": 7,
            "mean": 0.0007120972667620337,
            "n": 69,
            "test_end": "2026-02-05T00:00:00+00:00",
            "test_start": "2026-01-21T00:00:00+00:00"
          }
        ],
        "positive_folds": {
          "count": 4,
          "pct": 57.142857142857146,