{
  "baseline": {
    "bps10": {
      "mean": 0.001003826717341955,
      "mean_ci_high": 0.001355907471504318,
      "mean_ci_low": 0.0006690943731677608,
      "n": 1437,
      "p_mean_gt_0": 1.0,
      "std": 0.006497650423088126,
      "win_rate": 0.5567153792623522
    },
    "bps8": {
      "mean": 0.001203826717341955,
      "mean_ci_high": 0.001555907471504318,
      "mean_ci_low": 0.0008690943731677615,
      "n": 1437,
      "p_mean_gt_0": 1.0,
      "std": 0.006497650423088127,
      "win_rate": 0.5727209464161448
    },
    "gross": {
      "mean": 0.0020038267173419556,
      "mean_ci_high": 0.002355907471504318,
      "mean_ci_low": 0.0016690943731677615,
      "n": 1437,
      "p_mean_gt_0": 1.0,
      "std": 0.006497650423088126,
      "win_rate": 0.6360473208072372
    }
  },
  "config": {
    "bootstrap_iters": 3000,
    "cost_mode": "all",
    "days": 365,
    "horizon": 8,
    "timeframe": "5m",
    "wf": {
      "step_days": 15,
      "test_days": 15,
      "train_days": 60
    }
  },
  "diagnostics_by_mode": {
    "bps10": {
      "mae_proxy_median": -0.0011202848338889293,
      "median_hold_return": 0.0006243376996722958,
      "return_histogram_bins": [
        "(-inf,-1%)",
        "[-1%,-0.5%)",
        "[-0.5%,-0.2%)",
        "[-0.2%,0%)",
        "[0%,0.2%)",
        "[0.2%,0.5%)",
        "[0.5%,1%)",
        "[1%,inf)"
      ],
      "return_histogram_counts": [
        36,
        137,
        227,
        237,
        244,
        276,
        182,
        98
      ],
      "top10_pct_pnl_contribution": 1.3323397520499938,
      "trades_per_day": 4.312796998749479
    },
    "bps8": {
      "mae_proxy_median": -0.0011202848338889293,
      "median_hold_return": 0.0008243376996722958,
      "return_histogram_bins": [
        "(-inf,-1%)",
        "[-1%,-0.5%)",
        "[-0.5%,-0.2%)",
        "[-0.2%,0%)",
        "[0%,0.2%)",
        "[0.2%,0.5%)",
        "[0.5%,1%)",
        "[1%,inf)"
      ],
      "return_histogram_counts": [
        33,
        130,
        217,
        234,
        243,
        289,
        188,
        103
      ],
      "top10_pct_pnl_contribution": 1.1276373698826814,
      "trades_per_day": 4.312796998749479
    },
    "gross": {
      "mae_proxy_median": -0.0011202848338889293,
      "median_hold_return": 0.0016243376996722958,
      "return_histogram_bins": [
        "(-inf,-1%)",
        "[-1%,-0.5%)",
        "[-0.5%,-0.2%)",
        "[-0.2%,0%)",
        "[0%,0.2%)",
        "[0.2%,0.5%)",
        "[0.5%,1%)",
        "[1%,inf)"
      ],
      "return_histogram_counts": [
        30,
        106,
        167,
        220,
        240,
        312,
        244,
        118
      ],
      "top10_pct_pnl_contribution": 0.7174507633368512,
      "trades_per_day": 4.312796998749479
    }
  },
  "family": "oi_liq",
  "hypothesis_id": "H177",
  "timestamp_utc": "2026-02-24T01:17:15+00:00",
  "wf_by_mode": {
    "bps10": {
      "aggregate": {
        "mean": 0.0009664177888664507,
        "mean_ci_high": 0.0013522742585296743,
        "mean_ci_low": 0.0006068601831369824,
        "n": 1187,
        "p_mean_gt_0": 1.0
      },
      "folds": [
        {
          "fold_id": 1,
          "mean": 0.0007654806065120386,
          "n": 78,
          "test_end": "2025-06-09T00:00:00+00:00",
          "test_start": "2025-05-25T00:00:00+00:00"
        },
        {
          "fold_id": 2,
          "mean": 0.0011049807680688212,
          "n": 54,
          "test_end": "2025-06-24T00:00:00+00:00",
          "test_start": "2025-06-09T00:00:00+00:00"
        },
        {
          "fold_id": 3,
          "mean": 0.00011707191700633322,
          "n": 28,
          "test_end": "2025-07-09T00:00:00+00:00",
          "test_start": "2025-06-24T00:00:00+00:00"
        },
        {
          "fold_id": 4,
          "mean": -0.0006149528739083687,
          "n": 82,
          "test_end": "2025-07-24T00:00:00+00:00",
          "test_start": "2025-07-09T00:00:00+00:00"
        },
        {
          "fold_id": 5,
          "mean": -8.99314417095429e-05,
          "n": 65,
          "test_end": "2025-08-08T00:00:00+00:00",
          "test_start": "2025-07-24T00:00:00+00:00"
        },
        {
          "fold_id": 6,
          "mean": 0.0007430258232545658,
          "n": 77,
          "test_end": "2025-08-23T00:00:00+00:00",
          "test_start": "2025-08-08T00:00:00+00:00"
        },
        {
          "fold_id": 7,
          "mean": 0.0007099146859145572,
          "n": 64,
          "test_end": "2025-09-07T00:00:00+00:00",
          "test_start": "2025-08-23T00:00:00+00:00"
        },
        {
          "fold_id": 8,
          "mean": -1.5885027603232737e-05,
          "n": 26,
          "test_end": "2025-09-22T00:00:00+00:00",
          "test_start": "2025-09-07T00:00:00+00:00"
        },
        {
          "fold_id": 9,
          "mean": -1.2522582669374458e-05,
          "n": 69,
          "test_end": "2025-10-07T00:00:00+00:00",
          "test_start": "2025-09-22T00:00:00+00:00"
        },
        {
          "fold_id": 10,
          "mean": 0.0013499741569005974,
          "n": 119,
          "test_end": "2025-10-22T00:00:00+00:00",
          "test_start": "2025-10-07T00:00:00+00:00"
        },
        {
          "fold_id": 11,
          "mean": 0.0008379499053076834,
          "n": 68,
          "test_end": "2025-11-06T00:00:00+00:00",
          "test_start": "2025-10-22T00:00:00+00:00"
        },
        {
          "fold_id": 12,
          "mean": 0.0020832431530781337,
          "n": 91,
          "test_end": "2025-11-21T00:00:00+00:00",
          "test_start": "2025-11-06T00:00:00+00:00"
        },
        {
          "fold_id": 13,
          "mean": 0.0003983975666546292,
          "n": 35,
          "test_end": "2025-12-06T00:00:00+00:00",
          "test_start": "2025-11-21T00:00:00+00:00"
        },
        {
          "fold_id": 14,
          "mean": 0.002971202317426832,
          "n": 39,
          "test_end": "2025-12-21T00:00:00+00:00",
          "test_start": "2025-12-06T00:00:00+00:00"
        },
        {
          "fold_id": 15,
          "mean": 0.0014018840343353765,
          "n": 37,
          "test_end": "2026-01-05T00:00:00+00:00",
          "test_start": "2025-12-21T00:00:00+00:00"
        },
        {
          "fold_id": 16,
          "mean": -0.0003640014926814379,
          "n": 72,
          "test_end": "2026-01-20T00:00:00+00:00",
          "test_start": "2026-01-05T00:00:00+00:00"
        },
        {
          "fold_id": 17,
          "mean": 0.0018798730923659164,
          "n": 108,
          "test_end": "2026-02-04T00:00:00+00:00",
          "test_start": "2026-01-20T00:00:00+00:00"
        },
        {
          "fold_id": 18,
          "mean": 0.0028489776904181566,
          "n": 75,
          "test_end": "2026-02-19T00:00:00+00:00",
          "test_start": "2026-02-04T00:00:00+00:00"
        }
      ],
      "positive_folds": {
        "count": 13,
        "pct": 72.22222222222223,
        "total": 18
      },
      "split": {
        "step_days": 15,
        "test_days": 15,
        "train_days": 60
      }
    },
    "bps8": {
      "aggregate": {
        "mean": 0.001166417788866451,
        "mean_ci_high": 0.0015522742585296744,
        "mean_ci_low": 0.0008068601831369829,
        "n": 1187,
        "p_mean_gt_0": 1.0
      },
      "folds": [
        {
          "fold_id": 1,
          "mean": 0.000965480606512039,
          "n": 78,
          "test_end": "2025-06-09T00:00:00+00:00",
          "test_start": "2025-05-25T00:00:00+00:00"
        },
        {
          "fold_id": 2,
          "mean": 0.001304980768068822,
          "n": 54,
          "test_end": "2025-06-24T00:00:00+00:00",
          "test_start": "2025-06-09T00:00:00+00:00"
        },
        {
          "fold_id": 3,
          "mean": 0.0003170719170063331,
          "n": 28,
          "test_end": "2025-07-09T00:00:00+00:00",