{
  "baseline": {
    "bps10": {
      "ci_high": -0.0006556585547377627,
      "ci_low": -0.000822608710456665,
      "mean": -0.0007408389740210431,
      "n": 7146,
      "p_mean_gt_0": 0.0,
      "std": 0.003532897640634139,
      "win_rate": 0.32703610411418976
    },
    "bps8": {
      "ci_high": -0.0004556585547377625,
      "ci_low": -0.0006226087104566645,
      "mean": -0.0005408389740210429,
      "n": 7146,
      "p_mean_gt_0": 0.0,
      "std": 0.0035328976406341387,
      "win_rate": 0.3554436048138819
    },
    "gross": {
      "ci_high": 0.0003443414452622376,
      "ci_low": 0.00017739128954333546,
      "mean": 0.0002591610259789572,
      "n": 7146,
      "p_mean_gt_0": 1.0,
      "std": 0.0035328976406341387,
      "win_rate": 0.5146935348446684
    }
  },
  "classification": "FAIL",
  "commands": [
    "PYTHONPATH=. .venv/bin/python scripts/research_family_runner.py --hypothesis-id H40 --family cross_asset_regime --days 180 --timeframe 5m --horizon 6 --cost-mode gross --wf 60 15 15 --bootstrap-iters 3000 --output-json results/archive/h40_runner_20260217T174748Z_gross.json",
    "PYTHONPATH=. .venv/bin/python scripts/research_family_runner.py --hypothesis-id H40 --family cross_asset_regime --days 180 --timeframe 5m --horizon 6 --cost-mode bps8 --wf 60 15 15 --bootstrap-iters 3000 --output-json results/archive/h40_runner_20260217T174749Z_bps8.json",
    "PYTHONPATH=. .venv/bin/python scripts/research_family_runner.py --hypothesis-id H40 --family cross_asset_regime --days 180 --timeframe 5m --horizon 6 --cost-mode bps10 --wf 60 15 15 --bootstrap-iters 3000 --output-json results/archive/h40_runner_20260217T174751Z_bps10.json"
  ],
  "dataset": {
    "horizon_bars": 6,
    "lookback_days": 180,
    "primary_symbols": [
      "BTC-USD"
    ],
    "secondary_symbols": [
      "ETH-USD"
    ],
    "timeframe": "5m"
  },
  "hypothesis_id": "H40",
  "notes": "Adapter executed scripts/research_family_runner.py for cross_asset_regime gross/bps8/bps10 and combined machine JSON outputs.",
  "timestamp_utc": "2026-02-17T17:47:52+00:00",
  "walkforward": {
    "modes": {
      "bps10": {
        "aggregate": {
          "mean": -0.0007009386717780215,
          "mean_ci_high": -0.0005923509433273162,
          "mean_ci_low": -0.000808128303202222,
          "n": 4923,
          "p_mean_gt_0": 0.0
        },
        "folds": [
          {
            "fold_id": 1,
            "mean": -0.0006765582024990154,
            "n": 619,
            "test_end": "2025-11-04T00:00:00+00:00",
            "test_start": "2025-10-20T00:00:00+00:00"
          },
          {
            "fold_id": 2,
            "mean": -0.0006754397309069479,
            "n": 642,
            "test_end": "2025-11-19T00:00:00+00:00",
            "test_start": "2025-11-04T00:00:00+00:00"
          },
          {
            "fold_id": 3,
            "mean": -0.0005189110820366759,
            "n": 596,
            "test_end": "2025-12-04T00:00:00+00:00",
            "test_start": "2025-11-19T00:00:00+00:00"
          },
          {
            "fold_id": 4,
            "mean": -0.0008252630355649082,
            "n": 602,
            "test_end": "2025-12-19T00:00:00+00:00",
            "test_start": "2025-12-04T00:00:00+00:00"
          },
          {
            "fold_id": 5,
            "mean": -0.0008840322902601571,
            "n": 654,
            "test_end": "2026-01-03T00:00:00+00:00",
            "test_start": "2025-12-19T00:00:00+00:00"
          },
          {
            "fold_id": 6,
            "mean": -0.0008474928506824672,
            "n": 592,
            "test_end": "2026-01-18T00:00:00+00:00",
            "test_start": "2026-01-03T00:00:00+00:00"
          },
          {
            "fold_id": 7,
            "mean": -0.0006276441788460276,
            "n": 610,
            "test_end": "2026-02-02T00:00:00+00:00",
            "test_start": "2026-01-18T00:00:00+00:00"
          },
          {
            "fold_id": 8,
            "mean": -0.000541914571940583,
            "n": 608,
            "test_end": "2026-02-17T00:00:00+00:00",
            "test_start": "2026-02-02T00:00:00+00:00"
          }
        ],
        "positive_folds": {
          "count": 0,
          "pct": 0.0,
          "total": 8
        }
      },
      "bps8": {
        "aggregate": {
          "mean": -0.0005009386717780214,
          "mean_ci_high": -0.000392350943327316,
          "mean_ci_low": -0.0006081283032022219,
          "n": 4923,
          "p_mean_gt_0": 0.0
        },
        "folds": [
          {
            "fold_id": 1,
            "mean": -0.0004765582024990153,
            "n": 619,
            "test_end": "2025-11-04T00:00:00+00:00",
            "test_start": "2025-10-20T00:00:00+00:00"
          },
          {
            "fold_id": 2,
            "mean": -0.0004754397309069478,
            "n": 642,
            "test_end": "2025-11-19T00:00:00+00:00",
            "test_start": "2025-11-04T00:00:00+00:00"
          },
          {
            "fold_id": 3,
            "mean": -0.00031891108203667564,
            "n": 596,
            "test_end": "2025-12-04T00:00:00+00:00",
            "test_start": "2025-11-19T00:00:00+00:00"
          },
          {
            "fold_id": 4,
            "mean": -0.000625263035564908,
            "n": 602,
            "test_end": "2025-12-19T00:00:00+00:00",
            "test_start": "2025-12-04T00:00:00+00:00"
          },
          {
            "fold_id": 5,
            "mean": -0.0006840322902601571,
            "n": 654,
            "test_end": "2026-01-03T00:00:00+00:00",
            "test_start": "2025-12-19T00:00:00+00:00"
          },
          {
            "fold_id": 6,
            "mean": -0.0006474928506824671,
            "n": 592,
            "test_end": "2026-01-18T00:00:00+00:00",
            "test_start": "2026-01-03T00:00:00+00:00"
          },
          {
            "fold_id": 7,
            "mean": -0.0004276441788460277,
            "n": 610,
            "test_end": "2026-02-02T00:00:00+00:00",
            "test_start": "2026-01-18T00:00:00+00:00"
          },
          {
            "fold_id": 8,
            "mean": -0.0003419145719405826,
            "n": 608,
            "test_end": "2026-02-17T00:00:00+00:00",
            "test_start": "2026-02-02T00:00:00+00:00"
          }
        ],
        "positive_folds": {
          "count": 0,
          "pct": 0.0,
          "total": 8
        }
      },
      "gross": {
        "aggregate": {
          "mean": 0.0002990613282219788,
          "mean_ci_high": 0.000407649056672684,
          "mean_ci_low": 0.00019187169679777817,
          "n": 4923,
          "p_mean_gt_0": 1.0
        },
        "folds": [
          {
            "fold_id": 1,
            "mean": 0.00032344179750098473,
            "n": 619,
            "test_end": "2025-11-04T00:00:00+00:00",
            "test_start": "2025-10-20T00:00:00+00:00"
          },
          {
            "fold_id": 2,
            "mean": 0.0003245602690930523,
            "n": 642,
            "test_end": "2025-11-19T00:00:00+00:00",
            "test_start": "2025-11-04T00:00:00+00:00"
          },
          {
            "fold_id": 3,
            "mean": 0.00048108891796332445,
            "n": 596,
            "test_end": "2025-12-04T00:00:00+00:00",
            "test_start": "2025-11-19T00:00:00+00:00"
          },
          {
            "fold_id": 4,
            "mean": 0.00017473696443509194,
            "n": 602,
            "test_end": "2025-12-19T00:00:00+00:00",
            "test_start": "2025-12-04T00:00:00+00:00"
          },
          {
            "fold_id": 5,
            "mean": 0.00011596770973984304,
            "n": 654,
            "test_end": "2026-01-03T00:00:00+00:00",
            "test_start": "2025-12-19T00:00:00+00:00"
          },
          {
            "fold_id": 6,
            "mean": 0.00015250714931753292,
            "n": 592,
            "test_end": "2026-01-18T00:00:00+00:00",