{
  "baseline": {
    "bps10": {
      "mean": 0.0006409263159664178,
      "mean_ci_high": 0.0011190598662493333,
      "mean_ci_low": 0.00018778266232896,
      "n": 217,
      "p_mean_gt_0": 0.9963333333333333,
      "std": 0.003473600005522531,
      "win_rate": 0.46543778801843316
    },
    "bps8": {
      "mean": 0.0008409263159664182,
      "mean_ci_high": 0.0013190598662493338,
      "mean_ci_low": 0.0003877826623289601,
      "n": 217,
      "p_mean_gt_0": 1.0,
      "std": 0.003473600005522531,
      "win_rate": 0.4976958525345622
    },
    "gross": {
      "mean": 0.0016409263159664182,
      "mean_ci_high": 0.002119059866249334,
      "mean_ci_low": 0.0011877826623289602,
      "n": 217,
      "p_mean_gt_0": 1.0,
      "std": 0.003473600005522531,
      "win_rate": 0.6820276497695853
    }
  },
  "config": {
    "bootstrap_iters": 3000,
    "cost_mode": "all",
    "days": 365,
    "horizon": 8,
    "timeframe": "5m",
    "wf": {
      "step_days": 15,
      "test_days": 15,
      "train_days": 60
    }
  },
  "diagnostics_by_mode": {
    "bps10": {
      "mae_proxy_median": -0.00046788138304099114,
      "median_hold_return": -0.00021777570149616923,
      "return_histogram_bins": [
        "(-inf,-1%)",
        "[-1%,-0.5%)",
        "[-0.5%,-0.2%)",
        "[-0.2%,0%)",
        "[0%,0.2%)",
        "[0.2%,0.5%)",
        "[0.5%,1%)",
        "[1%,inf)"
      ],
      "return_histogram_counts": [
        1,
        3,
        26,
        86,
        48,
        31,
        17,
        5
      ],
      "top10_pct_pnl_contribution": 1.3420056120935282,
      "trades_per_day": 0.6508372906773306
    },
    "bps8": {
      "mae_proxy_median": -0.00046788138304099114,
      "median_hold_return": -1.7775701496169243e-05,
      "return_histogram_bins": [
        "(-inf,-1%)",
        "[-1%,-0.5%)",
        "[-0.5%,-0.2%)",
        "[-0.2%,0%)",
        "[0%,0.2%)",
        "[0.2%,0.5%)",
        "[0.5%,1%)",
        "[1%,inf)"
      ],
      "return_histogram_counts": [
        1,
        2,
        21,
        85,
        52,
        34,
        17,
        5
      ],
      "top10_pct_pnl_contribution": 1.046944534788912,
      "trades_per_day": 0.6508372906773306
    },
    "gross": {
      "mae_proxy_median": -0.00046788138304099114,
      "median_hold_return": 0.0007822242985038308,
      "return_histogram_bins": [
        "(-inf,-1%)",
        "[-1%,-0.5%)",
        "[-0.5%,-0.2%)",
        "[-0.2%,0%)",
        "[0%,0.2%)",
        "[0.2%,0.5%)",
        "[0.5%,1%)",
        "[1%,inf)"
      ],
      "return_histogram_counts": [
        1,
        1,
        10,
        56,
        79,
        41,
        22,
        7
      ],
      "top10_pct_pnl_contribution": 0.5859551352726936,
      "trades_per_day": 0.6508372906773306
    }
  },
  "family": "oi_liq",
  "hypothesis_id": "H176",
  "timestamp_utc": "2026-02-24T01:17:15+00:00",
  "wf_by_mode": {
    "bps10": {
      "aggregate": {
        "mean": 0.0005082194905038815,
        "mean_ci_high": 0.0010727824688207175,
        "mean_ci_low": -2.2048905814706404e-05,
        "n": 147,
        "p_mean_gt_0": 0.9693333333333334
      },
      "folds": [
        {
          "fold_id": 1,
          "mean": 0.00018154508221687824,
          "n": 12,
          "test_end": "2025-06-09T00:00:00+00:00",
          "test_start": "2025-05-25T00:00:00+00:00"
        },
        {
          "fold_id": 2,
          "mean": 0.005094768115779026,
          "n": 1,
          "test_end": "2025-06-24T00:00:00+00:00",
          "test_start": "2025-06-09T00:00:00+00:00"
        },
        {
          "fold_id": 3,
          "mean": -0.0010775494750901258,
          "n": 12,
          "test_end": "2025-07-09T00:00:00+00:00",
          "test_start": "2025-06-24T00:00:00+00:00"
        },
        {
          "fold_id": 4,
          "mean": 0.0016461928876439315,
          "n": 3,
          "test_end": "2025-07-24T00:00:00+00:00",
          "test_start": "2025-07-09T00:00:00+00:00"
        },
        {
          "fold_id": 5,
          "mean": -0.00015200328209785587,
          "n": 6,
          "test_end": "2025-08-08T00:00:00+00:00",
          "test_start": "2025-07-24T00:00:00+00:00"
        },
        {
          "fold_id": 6,
          "mean": 0.007839354241489516,
          "n": 2,
          "test_end": "2025-08-23T00:00:00+00:00",
          "test_start": "2025-08-08T00:00:00+00:00"
        },
        {
          "fold_id": 7,
          "mean": 0.0001009344993365576,
          "n": 9,
          "test_end": "2025-09-07T00:00:00+00:00",
          "test_start": "2025-08-23T00:00:00+00:00"
        },
        {
          "fold_id": 8,
          "mean": 0.0029342169706845786,
          "n": 2,
          "test_end": "2025-09-22T00:00:00+00:00",
          "test_start": "2025-09-07T00:00:00+00:00"
        },
        {
          "fold_id": 9,
          "mean": 4.221378778591998e-05,
          "n": 16,
          "test_end": "2025-10-07T00:00:00+00:00",
          "test_start": "2025-09-22T00:00:00+00:00"
        },
        {
          "fold_id": 10,
          "mean": 0.0,
          "n": 0,
          "test_end": "2025-10-22T00:00:00+00:00",
          "test_start": "2025-10-07T00:00:00+00:00"
        },
        {
          "fold_id": 11,
          "mean": 0.0,
          "n": 0,
          "test_end": "2025-11-06T00:00:00+00:00",
          "test_start": "2025-10-22T00:00:00+00:00"
        },
        {
          "fold_id": 12,
          "mean": 0.00042027971518176165,
          "n": 23,
          "test_end": "2025-11-21T00:00:00+00:00",
          "test_start": "2025-11-06T00:00:00+00:00"
        },
        {
          "fold_id": 13,
          "mean": 0.0033695997112780382,
          "n": 1,
          "test_end": "2025-12-06T00:00:00+00:00",
          "test_start": "2025-11-21T00:00:00+00:00"
        },
        {
          "fold_id": 14,
          "mean": 0.0019179515058287602,
          "n": 6,
          "test_end": "2025-12-21T00:00:00+00:00",
          "test_start": "2025-12-06T00:00:00+00:00"
        },
        {
          "fold_id": 15,
          "mean": -3.728016562056632e-05,
          "n": 31,
          "test_end": "2026-01-05T00:00:00+00:00",
          "test_start": "2025-12-21T00:00:00+00:00"
        },
        {
          "fold_id": 16,
          "mean": -0.0005877808866837475,
          "n": 7,
          "test_end": "2026-01-20T00:00:00+00:00",
          "test_start": "2026-01-05T00:00:00+00:00"
        },
        {
          "fold_id": 17,
          "mean": 0.0,
          "n": 0,
          "test_end": "2026-02-04T00:00:00+00:00",
          "test_start": "2026-01-20T00:00:00+00:00"
        },
        {
          "fold_id": 18,
          "mean": 0.0021209016471916632,
          "n": 16,
          "test_end": "2026-02-19T00:00:00+00:00",
          "test_start": "2026-02-04T00:00:00+00:00"
        }
      ],
      "positive_folds": {
        "count": 11,
        "pct": 61.111111111111114,
        "total": 18
      },
      "split": {
        "step_days": 15,
        "test_days": 15,
        "train_days": 60
      }
    },
    "bps8": {
      "aggregate": {
        "mean": 0.0007082194905038816,
        "mean_ci_high": 0.0012727824688207178,
        "mean_ci_low": 0.00017795109418529376,
        "n": 147,
        "p_mean_gt_0": 0.9946666666666667
      },
      "folds": [
        {
          "fold_id": 1,
          "mean": 0.0003815450822168783,
          "n": 12,
          "test_end": "2025-06-09T00:00:00+00:00",
          "test_start": "2025-05-25T00:00:00+00:00"
        },
        {
          "fold_id": 2,
          "mean": 0.005294768115779025,
          "n": 1,
          "test_end": "2025-06-24T00:00:00+00:00",
          "test_start": "2025-06-09T00:00:00+00:00"
        },
        {
          "fold_id": 3,
          "mean": -0.0008775494750901256,
          "n": 12,
          "test_end": "2025-07-09T00:00:00+00:00",
          "test_start": "2025-06-24T00:00:00+00:00"
        },
        {
          "fold_id": 4,