{
  "baseline": {
    "bps10": {
      "ci_high": 0.0018203317247741566,
      "ci_low": 0.0010070726656811943,
      "mean": 0.0013949277557862136,
      "n": 328,
      "p_mean_gt_0": 1.0,
      "std": 0.0037239232734815517,
      "win_rate": 0.6097560975609756
    },
    "bps8": {
      "ci_high": 0.002020331724774157,
      "ci_low": 0.0012070726656811944,
      "mean": 0.0015949277557862135,
      "n": 328,
      "p_mean_gt_0": 1.0,
      "std": 0.0037239232734815517,
      "win_rate": 0.6310975609756098
    },
    "gross": {
      "ci_high": 0.002820331724774157,
      "ci_low": 0.0020070726656811946,
      "mean": 0.002394927755786214,
      "n": 328,
      "p_mean_gt_0": 1.0,
      "std": 0.003723923273481552,
      "win_rate": 0.7804878048780488
    }
  },
  "classification": "PASS",
  "commands": [
    "PYTHONPATH=. .venv/bin/python scripts/research_family_runner.py --hypothesis-id H76 --family cross_asset_regime --days 180 --timeframe 5m --horizon 8 --cost-mode gross --wf 60 15 15 --bootstrap-iters 3000 --output-json results/archive/h76_runner_20260218T211320Z_gross.json",
    "PYTHONPATH=. .venv/bin/python scripts/research_family_runner.py --hypothesis-id H76 --family cross_asset_regime --days 180 --timeframe 5m --horizon 8 --cost-mode bps8 --wf 60 15 15 --bootstrap-iters 3000 --output-json results/archive/h76_runner_20260218T211322Z_bps8.json",
    "PYTHONPATH=. .venv/bin/python scripts/research_family_runner.py --hypothesis-id H76 --family cross_asset_regime --days 180 --timeframe 5m --horizon 8 --cost-mode bps10 --wf 60 15 15 --bootstrap-iters 3000 --output-json results/archive/h76_runner_20260218T211323Z_bps10.json"
  ],
  "dataset": {
    "horizon_bars": 8,
    "lookback_days": 180,
    "primary_symbols": [
      "BTC-USD"
    ],
    "secondary_symbols": [
      "ETH-USD"
    ],
    "timeframe": "5m"
  },
  "hypothesis_id": "H76",
  "notes": "Adapter executed scripts/research_family_runner.py for cross_asset_regime gross/bps8/bps10 and combined machine JSON outputs.",
  "timestamp_utc": "2026-02-18T21:13:24+00:00",
  "walkforward": {
    "modes": {
      "bps10": {
        "aggregate": {
          "mean": 0.0016884041800744878,
          "mean_ci_high": 0.0022843749654908063,
          "mean_ci_low": 0.0011139994037828325,
          "n": 179,
          "p_mean_gt_0": 1.0
        },
        "diagnostics": {
          "mae_proxy_median": -0.00040541752879036386,
          "median_hold_return": 0.0006625414401740257,
          "return_histogram_bins": [
            "(-inf,-1%)",
            "[-1%,-0.5%)",
            "[-0.5%,-0.2%)",
            "[-0.2%,0%)",
            "[0%,0.2%)",
            "[0.2%,0.5%)",
            "[0.5%,1%)",
            "[1%,inf)"
          ],
          "return_histogram_counts": [
            0,
            3,
            39,
            86,
            90,
            70,
            29,
            11
          ],
          "top10_pct_pnl_contribution": 0.6992125521303246,
          "trades_per_day": 1.868945868945869
        },
        "folds": [
          {
            "fold_id": 1,
            "mean": 0.0009500975142489272,
            "n": 20,
            "test_end": "2025-11-08T00:00:00+00:00",
            "test_start": "2025-10-24T00:00:00+00:00"
          },
          {
            "fold_id": 2,
            "mean": 0.001760989432635078,
            "n": 30,
            "test_end": "2025-11-23T00:00:00+00:00",
            "test_start": "2025-11-08T00:00:00+00:00"
          },
          {
            "fold_id": 3,
            "mean": 0.0023006468678055075,
            "n": 24,
            "test_end": "2025-12-08T00:00:00+00:00",
            "test_start": "2025-11-23T00:00:00+00:00"
          },
          {
            "fold_id": 4,
            "mean": 0.002050186447693178,
            "n": 29,
            "test_end": "2025-12-23T00:00:00+00:00",
            "test_start": "2025-12-08T00:00:00+00:00"
          },
          {
            "fold_id": 5,
            "mean": 0.0026173104490876983,
            "n": 21,
            "test_end": "2026-01-07T00:00:00+00:00",
            "test_start": "2025-12-23T00:00:00+00:00"
          },
          {
            "fold_id": 6,
            "mean": 0.0007402782290981342,
            "n": 32,
            "test_end": "2026-01-22T00:00:00+00:00",
            "test_start": "2026-01-07T00:00:00+00:00"
          },
          {
            "fold_id": 7,
            "mean": 0.0016117113216037454,
            "n": 23,
            "test_end": "2026-02-06T00:00:00+00:00",
            "test_start": "2026-01-22T00:00:00+00:00"
          }
        ],
        "positive_folds": {
          "count": 7,
          "pct": 100.0,
          "total": 7
        }
      },
      "bps8": {
        "aggregate": {
          "mean": 0.001888404180074488,
          "mean_ci_high": 0.0024843749654908064,
          "mean_ci_low": 0.0013139994037828328,
          "n": 179,
          "p_mean_gt_0": 1.0
        },
        "diagnostics": {
          "mae_proxy_median": -0.00040541752879036386,
          "median_hold_return": 0.0008625414401740257,
          "return_histogram_bins": [
            "(-inf,-1%)",
            "[-1%,-0.5%)",
            "[-0.5%,-0.2%)",
            "[-0.2%,0%)",
            "[0%,0.2%)",
            "[0.2%,0.5%)",
            "[0.5%,1%)",
            "[1%,inf)"
          ],
          "return_histogram_counts": [
            0,
            2,
            33,
            86,
            92,
            70,
            34,
            11
          ],
          "top10_pct_pnl_contribution": 0.6241492404710848,
          "trades_per_day": 1.868945868945869
        },
        "folds": [
          {
            "fold_id": 1,
            "mean": 0.0011500975142489274,
            "n": 20,
            "test_end": "2025-11-08T00:00:00+00:00",
            "test_start": "2025-10-24T00:00:00+00:00"
          },
          {
            "fold_id": 2,
            "mean": 0.001960989432635078,
            "n": 30,
            "test_end": "2025-11-23T00:00:00+00:00",
            "test_start": "2025-11-08T00:00:00+00:00"
          },
          {
            "fold_id": 3,
            "mean": 0.002500646867805508,
            "n": 24,
            "test_end": "2025-12-08T00:00:00+00:00",
            "test_start": "2025-11-23T00:00:00+00:00"
          },
          {
            "fold_id": 4,
            "mean": 0.002250186447693179,
            "n": 29,
            "test_end": "2025-12-23T00:00:00+00:00",
            "test_start": "2025-12-08T00:00:00+00:00"
          },
          {
            "fold_id": 5,
            "mean": 0.0028173104490876984,
            "n": 21,
            "test_end": "2026-01-07T00:00:00+00:00",
            "test_start": "2025-12-23T00:00:00+00:00"
          },
          {
            "fold_id": 6,
            "mean": 0.0009402782290981341,
            "n": 32,
            "test_end": "2026-01-22T00:00:00+00:00",
            "test_start": "2026-01-07T00:00:00+00:00"
          },
          {
            "fold_id": 7,
            "mean": 0.001811711321603745,
            "n": 23,
            "test_end": "2026-02-06T00:00:00+00:00",
            "test_start": "2026-01-22T00:00:00+00:00"
          }
        ],
        "positive_folds": {
          "count": 7,
          "pct": 100.0,
          "total": 7
        }
      },
      "gross": {
        "aggregate": {
          "mean": 0.002688404180074488,
          "mean_ci_high": 0.0032843749654908063,
          "mean_ci_low": 0.002113999403782833,
          "n": 179,
          "p_mean_gt_0": 1.0
        },
        "diagnostics": {
          "mae_proxy_median": -0.00040541752879036386,
          "median_hold_return": 0.0016625414401740257,
          "return_histogram_bins": [
            "(-inf,-1%)",
            "[-1%,-0.5%)",
            "[-0.5%,-0.2%)",
            "[-0.2%,0%)",
            "[0%,0.2%)",
            "[0.2%,0.5%)",
            "[0.5%,1%)",
            "[1%,inf)"
          ],