{
  "baseline": {
    "bps10": {
      "ci_high": 0.002754590585396016,
      "ci_low": 0.0008900631200982628,
      "mean": 0.0017813068126899146,
      "n": 159,
      "p_mean_gt_0": 1.0,
      "std": 0.006003538050508767,
      "win_rate": 0.559748427672956
    },
    "bps8": {
      "ci_high": 0.002954590585396016,
      "ci_low": 0.0010900631200982634,
      "mean": 0.0019813068126899153,
      "n": 159,
      "p_mean_gt_0": 1.0,
      "std": 0.006003538050508767,
      "win_rate": 0.5786163522012578
    },
    "gross": {
      "ci_high": 0.0037545905853960167,
      "ci_low": 0.0018900631200982631,
      "mean": 0.0027813068126899152,
      "n": 159,
      "p_mean_gt_0": 1.0,
      "std": 0.006003538050508767,
      "win_rate": 0.660377358490566
    }
  },
  "classification": "INCONCLUSIVE",
  "commands": [
    "PYTHONPATH=. .venv/bin/python scripts/research_family_runner.py --hypothesis-id H71 --family cross_asset_regime --days 180 --timeframe 5m --horizon 8 --cost-mode gross --wf 60 15 15 --bootstrap-iters 3000 --output-json results/archive/h71_runner_20260218T074323Z_gross.json",
    "PYTHONPATH=. .venv/bin/python scripts/research_family_runner.py --hypothesis-id H71 --family cross_asset_regime --days 180 --timeframe 5m --horizon 8 --cost-mode bps8 --wf 60 15 15 --bootstrap-iters 3000 --output-json results/archive/h71_runner_20260218T074324Z_bps8.json",
    "PYTHONPATH=. .venv/bin/python scripts/research_family_runner.py --hypothesis-id H71 --family cross_asset_regime --days 180 --timeframe 5m --horizon 8 --cost-mode bps10 --wf 60 15 15 --bootstrap-iters 3000 --output-json results/archive/h71_runner_20260218T074325Z_bps10.json"
  ],
  "dataset": {
    "horizon_bars": 8,
    "lookback_days": 180,
    "primary_symbols": [
      "BTC-USD"
    ],
    "secondary_symbols": [
      "ETH-USD"
    ],
    "timeframe": "5m"
  },
  "hypothesis_id": "H71",
  "notes": "Adapter executed scripts/research_family_runner.py for cross_asset_regime gross/bps8/bps10 and combined machine JSON outputs.",
  "timestamp_utc": "2026-02-18T07:43:27+00:00",
  "walkforward": {
    "modes": {
      "bps10": {
        "aggregate": {
          "mean": 0.0016887638048056187,
          "mean_ci_high": 0.0028882508796198455,
          "mean_ci_low": 0.0006181652293101685,
          "n": 91,
          "p_mean_gt_0": 0.999
        },
        "folds": [
          {
            "fold_id": 1,
            "mean": 0.0016579477275637804,
            "n": 13,
            "test_end": "2025-11-05T00:00:00+00:00",
            "test_start": "2025-10-21T00:00:00+00:00"
          },
          {
            "fold_id": 2,
            "mean": 0.00028564240276696194,
            "n": 9,
            "test_end": "2025-11-20T00:00:00+00:00",
            "test_start": "2025-11-05T00:00:00+00:00"
          },
          {
            "fold_id": 3,
            "mean": 0.0031320855867924473,
            "n": 26,
            "test_end": "2025-12-05T00:00:00+00:00",
            "test_start": "2025-11-20T00:00:00+00:00"
          },
          {
            "fold_id": 4,
            "mean": 0.003338914542877114,
            "n": 10,
            "test_end": "2025-12-20T00:00:00+00:00",
            "test_start": "2025-12-05T00:00:00+00:00"
          },
          {
            "fold_id": 5,
            "mean": 0.00019010797104108577,
            "n": 12,
            "test_end": "2026-01-04T00:00:00+00:00",
            "test_start": "2025-12-20T00:00:00+00:00"
          },
          {
            "fold_id": 6,
            "mean": 0.0002927799616280117,
            "n": 12,
            "test_end": "2026-01-19T00:00:00+00:00",
            "test_start": "2026-01-04T00:00:00+00:00"
          },
          {
            "fold_id": 7,
            "mean": 0.000992819808519508,
            "n": 9,
            "test_end": "2026-02-03T00:00:00+00:00",
            "test_start": "2026-01-19T00:00:00+00:00"
          }
        ],
        "positive_folds": {
          "count": 7,
          "pct": 100.0,
          "total": 7
        }
      },
      "bps8": {
        "aggregate": {
          "mean": 0.001888763804805619,
          "mean_ci_high": 0.0030882508796198456,
          "mean_ci_low": 0.0008181652293101688,
          "n": 91,
          "p_mean_gt_0": 1.0
        },
        "folds": [
          {
            "fold_id": 1,
            "mean": 0.001857947727563781,
            "n": 13,
            "test_end": "2025-11-05T00:00:00+00:00",
            "test_start": "2025-10-21T00:00:00+00:00"
          },
          {
            "fold_id": 2,
            "mean": 0.00048564240276696203,
            "n": 9,
            "test_end": "2025-11-20T00:00:00+00:00",
            "test_start": "2025-11-05T00:00:00+00:00"
          },
          {
            "fold_id": 3,
            "mean": 0.0033320855867924474,
            "n": 26,
            "test_end": "2025-12-05T00:00:00+00:00",
            "test_start": "2025-11-20T00:00:00+00:00"
          },
          {
            "fold_id": 4,
            "mean": 0.003538914542877114,
            "n": 10,
            "test_end": "2025-12-20T00:00:00+00:00",
            "test_start": "2025-12-05T00:00:00+00:00"
          },
          {
            "fold_id": 5,
            "mean": 0.00039010797104108586,
            "n": 12,
            "test_end": "2026-01-04T00:00:00+00:00",
            "test_start": "2025-12-20T00:00:00+00:00"
          },
          {
            "fold_id": 6,
            "mean": 0.0004927799616280118,
            "n": 12,
            "test_end": "2026-01-19T00:00:00+00:00",
            "test_start": "2026-01-04T00:00:00+00:00"
          },
          {
            "fold_id": 7,
            "mean": 0.001192819808519508,
            "n": 9,
            "test_end": "2026-02-03T00:00:00+00:00",
            "test_start": "2026-01-19T00:00:00+00:00"
          }
        ],
        "positive_folds": {
          "count": 7,
          "pct": 100.0,
          "total": 7
        }
      },
      "gross": {
        "aggregate": {
          "mean": 0.002688763804805619,
          "mean_ci_high": 0.0038882508796198464,
          "mean_ci_low": 0.0016181652293101687,
          "n": 91,
          "p_mean_gt_0": 1.0
        },
        "folds": [
          {
            "fold_id": 1,
            "mean": 0.002657947727563781,
            "n": 13,
            "test_end": "2025-11-05T00:00:00+00:00",
            "test_start": "2025-10-21T00:00:00+00:00"
          },
          {
            "fold_id": 2,
            "mean": 0.0012856424027669622,
            "n": 9,
            "test_end": "2025-11-20T00:00:00+00:00",
            "test_start": "2025-11-05T00:00:00+00:00"
          },
          {
            "fold_id": 3,
            "mean": 0.004132085586792447,
            "n": 26,
            "test_end": "2025-12-05T00:00:00+00:00",
            "test_start": "2025-11-20T00:00:00+00:00"
          },
          {
            "fold_id": 4,
            "mean": 0.004338914542877115,
            "n": 10,
            "test_end": "2025-12-20T00:00:00+00:00",
            "test_start": "2025-12-05T00:00:00+00:00"
          },
          {
            "fold_id": 5,
            "mean": 0.001190107971041086,
            "n": 12,
            "test_end": "2026-01-04T00:00:00+00:00",
            "test_start": "2025-12-20T00:00:00+00:00"
          },
          {
            "fold_id": 6,
            "mean": 0.0012927799616280118,
            "n": 12,
            "test_end": "2026-01-19T00:00:00+00:00",
            "test_start": "2026-01-04T00:00:00+00:00"
          },
          {
            "fold_id": 7,
            "mean": 0.001992819808519508,
            "n": 9,
            "test_end": "2026-02-03T00:00:00+00:00",
            "test_start": "2026-01-19T00:00:00+00:00"
          }
        ],
        "positive_folds": {
          "count": 7,
          "pct": 100.0,
          "total": 7
        }
      }
    },
    "split": {
      "step_days": 15,
      "test_days": 15,
      "train_days": 60
    }
  }
}