{
  "baseline": {
    "bps10": {
      "mean": 0.0020978411680077262,
      "mean_ci_high": 0.0028170881804879086,
      "mean_ci_low": 0.0013947331710010872,
      "n": 166,
      "p_mean_gt_0": 1.0,
      "std": 0.0046927595075428,
      "win_rate": 0.6626506024096386
    },
    "bps8": {
      "mean": 0.002297841168007727,
      "mean_ci_high": 0.003017088180487909,
      "mean_ci_low": 0.0015947331710010875,
      "n": 166,
      "p_mean_gt_0": 1.0,
      "std": 0.0046927595075428,
      "win_rate": 0.6927710843373494
    },
    "gross": {
      "mean": 0.003097841168007727,
      "mean_ci_high": 0.0038170881804879095,
      "mean_ci_low": 0.002394733171001088,
      "n": 166,
      "p_mean_gt_0": 1.0,
      "std": 0.0046927595075428,
      "win_rate": 0.7469879518072289
    }
  },
  "config": {
    "bootstrap_iters": 3000,
    "cost_mode": "all",
    "days": 365,
    "horizon": 8,
    "timeframe": "5m",
    "wf": {
      "step_days": 15,
      "test_days": 15,
      "train_days": 60
    }
  },
  "diagnostics_by_mode": {
    "bps10": {
      "mae_proxy_median": -0.0005568166009956022,
      "median_hold_return": 0.0014366786684267283,
      "return_histogram_bins": [
        "(-inf,-1%)",
        "[-1%,-0.5%)",
        "[-0.5%,-0.2%)",
        "[-0.2%,0%)",
        "[0%,0.2%)",
        "[0.2%,0.5%)",
        "[0.5%,1%)",
        "[1%,inf)"
      ],
      "return_histogram_counts": [
        1,
        5,
        16,
        34,
        36,
        43,
        22,
        9
      ],
      "top10_pct_pnl_contribution": 0.5830348218211598,
      "trades_per_day": 0.5053272450532724
    },
    "bps8": {
      "mae_proxy_median": -0.0005568166009956022,
      "median_hold_return": 0.0016366786684267284,
      "return_histogram_bins": [
        "(-inf,-1%)",
        "[-1%,-0.5%)",
        "[-0.5%,-0.2%)",
        "[-0.2%,0%)",
        "[0%,0.2%)",
        "[0.2%,0.5%)",
        "[0.5%,1%)",
        "[1%,inf)"
      ],
      "return_histogram_counts": [
        1,
        5,
        14,
        31,
        35,
        46,
        23,
        11
      ],
      "top10_pct_pnl_contribution": 0.5412020624504453,
      "trades_per_day": 0.5053272450532724
    },
    "gross": {
      "mae_proxy_median": -0.0005568166009956022,
      "median_hold_return": 0.0024366786684267283,
      "return_histogram_bins": [
        "(-inf,-1%)",
        "[-1%,-0.5%)",
        "[-0.5%,-0.2%)",
        "[-0.2%,0%)",
        "[0%,0.2%)",
        "[0.2%,0.5%)",
        "[0.5%,1%)",
        "[1%,inf)"
      ],
      "return_histogram_counts": [
        1,
        2,
        12,
        27,
        33,
        46,
        31,
        14
      ],
      "top10_pct_pnl_contribution": 0.42788639515858784,
      "trades_per_day": 0.5053272450532724
    }
  },
  "family": "oi_liq",
  "hypothesis_id": "H179",
  "timestamp_utc": "2026-02-24T01:17:15+00:00",
  "wf_by_mode": {
    "bps10": {
      "aggregate": {
        "mean": 0.001666683155292841,
        "mean_ci_high": 0.002389572914379557,
        "mean_ci_low": 0.0009631458108016719,
        "n": 126,
        "p_mean_gt_0": 1.0
      },
      "folds": [
        {
          "fold_id": 1,
          "mean": 0.0013630602130338218,
          "n": 12,
          "test_end": "2025-06-09T00:00:00+00:00",
          "test_start": "2025-05-25T00:00:00+00:00"
        },
        {
          "fold_id": 2,
          "mean": 0.0032884809647257505,
          "n": 7,
          "test_end": "2025-06-24T00:00:00+00:00",
          "test_start": "2025-06-09T00:00:00+00:00"
        },
        {
          "fold_id": 3,
          "mean": -0.000996652271945526,
          "n": 3,
          "test_end": "2025-07-09T00:00:00+00:00",
          "test_start": "2025-06-24T00:00:00+00:00"
        },
        {
          "fold_id": 4,
          "mean": 0.00039264900817811667,
          "n": 7,
          "test_end": "2025-07-24T00:00:00+00:00",
          "test_start": "2025-07-09T00:00:00+00:00"
        },
        {
          "fold_id": 5,
          "mean": 0.0005406411046188645,
          "n": 8,
          "test_end": "2025-08-08T00:00:00+00:00",
          "test_start": "2025-07-24T00:00:00+00:00"
        },
        {
          "fold_id": 6,
          "mean": 0.0032235668590373523,
          "n": 9,
          "test_end": "2025-08-23T00:00:00+00:00",
          "test_start": "2025-08-08T00:00:00+00:00"
        },
        {
          "fold_id": 7,
          "mean": 0.00040244012413145593,
          "n": 7,
          "test_end": "2025-09-07T00:00:00+00:00",
          "test_start": "2025-08-23T00:00:00+00:00"
        },
        {
          "fold_id": 8,
          "mean": 0.0006845011471659272,
          "n": 7,
          "test_end": "2025-09-22T00:00:00+00:00",
          "test_start": "2025-09-07T00:00:00+00:00"
        },
        {
          "fold_id": 9,
          "mean": -0.0008049612583045087,
          "n": 4,
          "test_end": "2025-10-07T00:00:00+00:00",
          "test_start": "2025-09-22T00:00:00+00:00"
        },
        {
          "fold_id": 10,
          "mean": 0.004377048458581556,
          "n": 8,
          "test_end": "2025-10-22T00:00:00+00:00",
          "test_start": "2025-10-07T00:00:00+00:00"
        },
        {
          "fold_id": 11,
          "mean": 0.0019943163485847447,
          "n": 7,
          "test_end": "2025-11-06T00:00:00+00:00",
          "test_start": "2025-10-22T00:00:00+00:00"
        },
        {
          "fold_id": 12,
          "mean": -2.7832170864931877e-05,
          "n": 9,
          "test_end": "2025-11-21T00:00:00+00:00",
          "test_start": "2025-11-06T00:00:00+00:00"
        },
        {
          "fold_id": 13,
          "mean": 0.0029579479394144215,
          "n": 9,
          "test_end": "2025-12-06T00:00:00+00:00",
          "test_start": "2025-11-21T00:00:00+00:00"
        },
        {
          "fold_id": 14,
          "mean": 0.0041060627021801315,
          "n": 9,
          "test_end": "2025-12-21T00:00:00+00:00",
          "test_start": "2025-12-06T00:00:00+00:00"
        },
        {
          "fold_id": 15,
          "mean": 0.0013126981308370803,
          "n": 11,
          "test_end": "2026-01-05T00:00:00+00:00",
          "test_start": "2025-12-21T00:00:00+00:00"
        },
        {
          "fold_id": 16,
          "mean": 0.0017986459795248013,
          "n": 6,
          "test_end": "2026-01-20T00:00:00+00:00",
          "test_start": "2026-01-05T00:00:00+00:00"
        },
        {
          "fold_id": 17,
          "mean": -0.0014641120266060117,
          "n": 3,
          "test_end": "2026-02-04T00:00:00+00:00",
          "test_start": "2026-01-20T00:00:00+00:00"
        }
      ],
      "positive_folds": {
        "count": 13,
        "pct": 76.47058823529412,
        "total": 17
      },
      "split": {
        "step_days": 15,
        "test_days": 15,
        "train_days": 60
      }
    },
    "bps8": {
      "aggregate": {
        "mean": 0.001866683155292842,
        "mean_ci_high": 0.0025895729143795556,
        "mean_ci_low": 0.0011631458108016723,
        "n": 126,
        "p_mean_gt_0": 1.0
      },
      "folds": [
        {
          "fold_id": 1,
          "mean": 0.0015630602130338224,
          "n": 12,
          "test_end": "2025-06-09T00:00:00+00:00",
          "test_start": "2025-05-25T00:00:00+00:00"
        },
        {
          "fold_id": 2,
          "mean": 0.0034884809647257506,
          "n": 7,
          "test_end": "2025-06-24T00:00:00+00:00",
          "test_start": "2025-06-09T00:00:00+00:00"
        },
        {
          "fold_id": 3,
          "mean": -0.000796652271945526,
          "n": 3,
          "test_end": "2025-07-09T00:00:00+00:00",
          "test_start": "2025-06-24T00:00:00+00:00"
        },
        {
          "fold_id": 4,
          "mean": 0.0005926490081781167,
          "n": 7,
          "test_end": "2025-07-24T00:00:00+00:00",
          "test_start": "2025-07-09T00:00:00+00:00"
        },
        {
          "fold_id": 5,