{
  "baseline": {
    "bps10": {
      "ci_high": 0.002478374437898766,
      "ci_low": 0.0007071919742240656,
      "mean": 0.0015532942687264111,
      "n": 110,
      "p_mean_gt_0": 1.0,
      "std": 0.004597754053219501,
      "win_rate": 0.5636363636363636
    },
    "bps8": {
      "ci_high": 0.0026783744378987657,
      "ci_low": 0.0009071919742240661,
      "mean": 0.001753294268726412,
      "n": 110,
      "p_mean_gt_0": 1.0,
      "std": 0.004597754053219502,
      "win_rate": 0.5909090909090909
    },
    "gross": {
      "ci_high": 0.003478374437898767,
      "ci_low": 0.0017071919742240658,
      "mean": 0.0025532942687264116,
      "n": 110,
      "p_mean_gt_0": 1.0,
      "std": 0.004597754053219502,
      "win_rate": 0.7181818181818181
    }
  },
  "classification": "INCONCLUSIVE",
  "commands": [
    "PYTHONPATH=. .venv/bin/python scripts/research_family_runner.py --hypothesis-id H82 --family cross_asset_regime --days 180 --timeframe 5m --horizon 8 --cost-mode gross --wf 60 15 15 --bootstrap-iters 3000 --output-json results/archive/h82_runner_20260218T211344Z_gross.json",
    "PYTHONPATH=. .venv/bin/python scripts/research_family_runner.py --hypothesis-id H82 --family cross_asset_regime --days 180 --timeframe 5m --horizon 8 --cost-mode bps8 --wf 60 15 15 --bootstrap-iters 3000 --output-json results/archive/h82_runner_20260218T211345Z_bps8.json",
    "PYTHONPATH=. .venv/bin/python scripts/research_family_runner.py --hypothesis-id H82 --family cross_asset_regime --days 180 --timeframe 5m --horizon 8 --cost-mode bps10 --wf 60 15 15 --bootstrap-iters 3000 --output-json results/archive/h82_runner_20260218T211346Z_bps10.json"
  ],
  "dataset": {
    "horizon_bars": 8,
    "lookback_days": 180,
    "primary_symbols": [
      "BTC-USD"
    ],
    "secondary_symbols": [
      "ETH-USD"
    ],
    "timeframe": "5m"
  },
  "hypothesis_id": "H82",
  "notes": "Adapter executed scripts/research_family_runner.py for cross_asset_regime gross/bps8/bps10 and combined machine JSON outputs.",
  "timestamp_utc": "2026-02-18T21:13:47+00:00",
  "walkforward": {
    "modes": {
      "bps10": {
        "aggregate": {
          "mean": 0.0017994924734364758,
          "mean_ci_high": 0.0029776168136671287,
          "mean_ci_low": 0.0007139421794503176,
          "n": 67,
          "p_mean_gt_0": 1.0
        },
        "diagnostics": {
          "mae_proxy_median": null,
          "median_hold_return": 0.000576131896731725,
          "return_histogram_bins": [
            "(-inf,-1%)",
            "[-1%,-0.5%)",
            "[-0.5%,-0.2%)",
            "[-0.2%,0%)",
            "[0%,0.2%)",
            "[0.2%,0.5%)",
            "[0.5%,1%)",
            "[1%,inf)"
          ],
          "return_histogram_counts": [
            0,
            4,
            10,
            34,
            28,
            15,
            12,
            7
          ],
          "top10_pct_pnl_contribution": 0.7730977954789703,
          "trades_per_day": 0.6278240190249702
        },
        "folds": [
          {
            "fold_id": 1,
            "mean": 0.0013664717549131129,
            "n": 8,
            "test_end": "2025-11-08T00:00:00+00:00",
            "test_start": "2025-10-24T00:00:00+00:00"
          },
          {
            "fold_id": 2,
            "mean": 0.001157139586486741,
            "n": 6,
            "test_end": "2025-11-23T00:00:00+00:00",
            "test_start": "2025-11-08T00:00:00+00:00"
          },
          {
            "fold_id": 3,
            "mean": 0.0036809952561951812,
            "n": 11,
            "test_end": "2025-12-08T00:00:00+00:00",
            "test_start": "2025-11-23T00:00:00+00:00"
          },
          {
            "fold_id": 4,
            "mean": 0.0005446030519728815,
            "n": 10,
            "test_end": "2025-12-23T00:00:00+00:00",
            "test_start": "2025-12-08T00:00:00+00:00"
          },
          {
            "fold_id": 5,
            "mean": 0.0015694207872399522,
            "n": 7,
            "test_end": "2026-01-07T00:00:00+00:00",
            "test_start": "2025-12-23T00:00:00+00:00"
          },
          {
            "fold_id": 6,
            "mean": 0.0014849064557028175,
            "n": 14,
            "test_end": "2026-01-22T00:00:00+00:00",
            "test_start": "2026-01-07T00:00:00+00:00"
          },
          {
            "fold_id": 7,
            "mean": 0.002270888175783965,
            "n": 11,
            "test_end": "2026-02-06T00:00:00+00:00",
            "test_start": "2026-01-22T00:00:00+00:00"
          }
        ],
        "positive_folds": {
          "count": 7,
          "pct": 100.0,
          "total": 7
        }
      },
      "bps8": {
        "aggregate": {
          "mean": 0.001999492473436476,
          "mean_ci_high": 0.00317761681366713,
          "mean_ci_low": 0.0009139421794503179,
          "n": 67,
          "p_mean_gt_0": 1.0
        },
        "diagnostics": {
          "mae_proxy_median": null,
          "median_hold_return": 0.000776131896731725,
          "return_histogram_bins": [
            "(-inf,-1%)",
            "[-1%,-0.5%)",
            "[-0.5%,-0.2%)",
            "[-0.2%,0%)",
            "[0%,0.2%)",
            "[0.2%,0.5%)",
            "[0.5%,1%)",
            "[1%,inf)"
          ],
          "return_histogram_counts": [
            0,
            3,
            11,
            31,
            27,
            18,
            13,
            7
          ],
          "top10_pct_pnl_contribution": 0.696316868570687,
          "trades_per_day": 0.6278240190249702
        },
        "folds": [
          {
            "fold_id": 1,
            "mean": 0.001566471754913113,
            "n": 8,
            "test_end": "2025-11-08T00:00:00+00:00",
            "test_start": "2025-10-24T00:00:00+00:00"
          },
          {
            "fold_id": 2,
            "mean": 0.0013571395864867412,
            "n": 6,
            "test_end": "2025-11-23T00:00:00+00:00",
            "test_start": "2025-11-08T00:00:00+00:00"
          },
          {
            "fold_id": 3,
            "mean": 0.0038809952561951818,
            "n": 11,
            "test_end": "2025-12-08T00:00:00+00:00",
            "test_start": "2025-11-23T00:00:00+00:00"
          },
          {
            "fold_id": 4,
            "mean": 0.0007446030519728813,
            "n": 10,
            "test_end": "2025-12-23T00:00:00+00:00",
            "test_start": "2025-12-08T00:00:00+00:00"
          },
          {
            "fold_id": 5,
            "mean": 0.0017694207872399525,
            "n": 7,
            "test_end": "2026-01-07T00:00:00+00:00",
            "test_start": "2025-12-23T00:00:00+00:00"
          },
          {
            "fold_id": 6,
            "mean": 0.0016849064557028178,
            "n": 14,
            "test_end": "2026-01-22T00:00:00+00:00",
            "test_start": "2026-01-07T00:00:00+00:00"
          },
          {
            "fold_id": 7,
            "mean": 0.002470888175783965,
            "n": 11,
            "test_end": "2026-02-06T00:00:00+00:00",
            "test_start": "2026-01-22T00:00:00+00:00"
          }
        ],
        "positive_folds": {
          "count": 7,
          "pct": 100.0,
          "total": 7
        }
      },
      "gross": {
        "aggregate": {
          "mean": 0.002799492473436476,
          "mean_ci_high": 0.00397761681366713,
          "mean_ci_low": 0.0017139421794503179,
          "n": 67,
          "p_mean_gt_0": 1.0
        },
        "diagnostics": {
          "mae_proxy_median": null,
          "median_hold_return": 0.001576131896731725,
          "return_histogram_bins": [
            "(-inf,-1%)",
            "[-1%,-0.5%)",
            "[-0.5%,-0.2%)",
            "[-0.2%,0%)",
            "[0%,0.2%)",
            "[0.2%,0.5%)",
            "[0.5%,1%)",
            "[1%,inf)"
          ],