{
  "baseline": {
    "bps10": {
      "ci_high": 0.0025463873957719627,
      "ci_low": 0.0009644856352308869,
      "mean": 0.0017459795260085294,
      "n": 220,
      "p_mean_gt_0": 1.0,
      "std": 0.005930742737664427,
      "win_rate": 0.5818181818181818
    },
    "bps8": {
      "ci_high": 0.0027463873957719633,
      "ci_low": 0.0011644856352308872,
      "mean": 0.0019459795260085302,
      "n": 220,
      "p_mean_gt_0": 1.0,
      "std": 0.005930742737664427,
      "win_rate": 0.6181818181818182
    },
    "gross": {
      "ci_high": 0.0035463873957719636,
      "ci_low": 0.0019644856352308876,
      "mean": 0.00274597952600853,
      "n": 220,
      "p_mean_gt_0": 1.0,
      "std": 0.005930742737664427,
      "win_rate": 0.6863636363636364
    }
  },
  "classification": "INCONCLUSIVE",
  "commands": [
    "PYTHONPATH=. .venv/bin/python scripts/research_family_runner.py --hypothesis-id H75 --family cross_asset_regime --days 120 --timeframe 5m --horizon 6 --cost-mode gross --wf 60 15 15 --bootstrap-iters 3000 --output-json results/archive/h75_runner_20260218T074337Z_gross.json",
    "PYTHONPATH=. .venv/bin/python scripts/research_family_runner.py --hypothesis-id H75 --family cross_asset_regime --days 120 --timeframe 5m --horizon 6 --cost-mode bps8 --wf 60 15 15 --bootstrap-iters 3000 --output-json results/archive/h75_runner_20260218T074338Z_bps8.json",
    "PYTHONPATH=. .venv/bin/python scripts/research_family_runner.py --hypothesis-id H75 --family cross_asset_regime --days 120 --timeframe 5m --horizon 6 --cost-mode bps10 --wf 60 15 15 --bootstrap-iters 3000 --output-json results/archive/h75_runner_20260218T074339Z_bps10.json"
  ],
  "dataset": {
    "horizon_bars": 6,
    "lookback_days": 120,
    "primary_symbols": [
      "BTC-USD"
    ],
    "secondary_symbols": [
      "ETH-USD"
    ],
    "timeframe": "5m"
  },
  "hypothesis_id": "H75",
  "notes": "Adapter executed scripts/research_family_runner.py for cross_asset_regime gross/bps8/bps10 and combined machine JSON outputs.",
  "timestamp_utc": "2026-02-18T07:43:40+00:00",
  "walkforward": {
    "modes": {
      "bps10": {
        "aggregate": {
          "mean": 0.00029346182787512367,
          "mean_ci_high": 0.00111248725979914,
          "mean_ci_low": -0.00048211928987611,
          "n": 72,
          "p_mean_gt_0": 0.7606666666666667
        },
        "folds": [
          {
            "fold_id": 1,
            "mean": -0.0002784016316862382,
            "n": 32,
            "test_end": "2026-01-04T00:00:00+00:00",
            "test_start": "2025-12-20T00:00:00+00:00"
          },
          {
            "fold_id": 2,
            "mean": 0.0004642583469261333,
            "n": 23,
            "test_end": "2026-01-19T00:00:00+00:00",
            "test_start": "2026-01-04T00:00:00+00:00"
          },
          {
            "fold_id": 3,
            "mean": 0.0011388330495098505,
            "n": 17,
            "test_end": "2026-02-03T00:00:00+00:00",
            "test_start": "2026-01-19T00:00:00+00:00"
          }
        ],
        "positive_folds": {
          "count": 2,
          "pct": 66.66666666666667,
          "total": 3
        }
      },
      "bps8": {
        "aggregate": {
          "mean": 0.0004934618278751236,
          "mean_ci_high": 0.00131248725979914,
          "mean_ci_low": -0.00028211928987611004,
          "n": 72,
          "p_mean_gt_0": 0.8883333333333333
        },
        "folds": [
          {
            "fold_id": 1,
            "mean": -7.840163168623828e-05,
            "n": 32,
            "test_end": "2026-01-04T00:00:00+00:00",
            "test_start": "2025-12-20T00:00:00+00:00"
          },
          {
            "fold_id": 2,
            "mean": 0.0006642583469261337,
            "n": 23,
            "test_end": "2026-01-19T00:00:00+00:00",
            "test_start": "2026-01-04T00:00:00+00:00"
          },
          {
            "fold_id": 3,
            "mean": 0.0013388330495098502,
            "n": 17,
            "test_end": "2026-02-03T00:00:00+00:00",
            "test_start": "2026-01-19T00:00:00+00:00"
          }
        ],
        "positive_folds": {
          "count": 2,
          "pct": 66.66666666666667,
          "total": 3
        }
      },
      "gross": {
        "aggregate": {
          "mean": 0.0012934618278751238,
          "mean_ci_high": 0.0021124872597991402,
          "mean_ci_low": 0.0005178807101238901,
          "n": 72,
          "p_mean_gt_0": 0.9993333333333333
        },
        "folds": [
          {
            "fold_id": 1,
            "mean": 0.0007215983683137618,
            "n": 32,
            "test_end": "2026-01-04T00:00:00+00:00",
            "test_start": "2025-12-20T00:00:00+00:00"
          },
          {
            "fold_id": 2,
            "mean": 0.0014642583469261336,
            "n": 23,
            "test_end": "2026-01-19T00:00:00+00:00",
            "test_start": "2026-01-04T00:00:00+00:00"
          },
          {
            "fold_id": 3,
            "mean": 0.002138833049509851,
            "n": 17,
            "test_end": "2026-02-03T00:00:00+00:00",
            "test_start": "2026-01-19T00:00:00+00:00"
          }
        ],
        "positive_folds": {
          "count": 3,
          "pct": 100.0,
          "total": 3
        }
      }
    },
    "split": {
      "step_days": 15,
      "test_days": 15,
      "train_days": 60
    }
  }
}