{
  "baseline": {
    "bps10": {
      "mean": -0.00023098075356799442,
      "mean_ci_high": 0.0015250964514724281,
      "mean_ci_low": -0.0017637716333155644,
      "n": 25,
      "p_mean_gt_0": 0.37633333333333335,
      "std": 0.004249371117876666,
      "win_rate": 0.32
    },
    "bps8": {
      "mean": -3.0980753567994346e-05,
      "mean_ci_high": 0.001725096451472428,
      "mean_ci_low": -0.0015637716333155645,
      "n": 25,
      "p_mean_gt_0": 0.4656666666666667,
      "std": 0.004249371117876666,
      "win_rate": 0.36
    },
    "gross": {
      "mean": 0.0007690192464320056,
      "mean_ci_high": 0.0025250964514724286,
      "mean_ci_low": -0.0007637716333155647,
      "n": 25,
      "p_mean_gt_0": 0.8166666666666667,
      "std": 0.004249371117876666,
      "win_rate": 0.48
    }
  },
  "config": {
    "bootstrap_iters": 3000,
    "cost_mode": "all",
    "days": 365,
    "horizon": 6,
    "timeframe": "5m",
    "wf": {
      "step_days": 15,
      "test_days": 15,
      "train_days": 60
    }
  },
  "diagnostics_by_mode": {
    "bps10": {
      "mae_proxy_median": -0.0005146551827384105,
      "median_hold_return": -0.0010926866731685294,
      "return_histogram_bins": [
        "(-inf,-1%)",
        "[-1%,-0.5%)",
        "[-0.5%,-0.2%)",
        "[-0.2%,0%)",
        "[0%,0.2%)",
        "[0.2%,0.5%)",
        "[0.5%,1%)",
        "[1%,inf)"
      ],
      "return_histogram_counts": [
        0,
        2,
        5,
        10,
        3,
        2,
        2,
        1
      ],
      "top10_pct_pnl_contribution": -4.428074501539855,
      "trades_per_day": 0.08777062609713283
    },
    "bps8": {
      "mae_proxy_median": -0.0005146551827384105,
      "median_hold_return": -0.0008926866731685294,
      "return_histogram_bins": [
        "(-inf,-1%)",
        "[-1%,-0.5%)",
        "[-0.5%,-0.2%)",
        "[-0.2%,0%)",
        "[0%,0.2%)",
        "[0.2%,0.5%)",
        "[0.5%,1%)",
        "[1%,inf)"
      ],
      "return_histogram_counts": [
        0,
        2,
        3,
        11,
        4,
        2,
        2,
        1
      ],
      "top10_pct_pnl_contribution": -33.78871927448295,
      "trades_per_day": 0.08777062609713283
    },
    "gross": {
      "mae_proxy_median": -0.0005146551827384105,
      "median_hold_return": -9.268667316852941e-05,
      "return_histogram_bins": [
        "(-inf,-1%)",
        "[-1%,-0.5%)",
        "[-0.5%,-0.2%)",
        "[-0.2%,0%)",
        "[0%,0.2%)",
        "[0.2%,0.5%)",
        "[0.5%,1%)",
        "[1%,inf)"
      ],
      "return_histogram_counts": [
        0,
        1,
        2,
        10,
        6,
        3,
        2,
        1
      ],
      "top10_pct_pnl_contribution": 1.4860486138976496,
      "trades_per_day": 0.08777062609713283
    }
  },
  "family": "funding_regime",
  "hypothesis_id": "H175",
  "timestamp_utc": "2026-02-24T00:34:21+00:00",
  "wf_by_mode": {
    "bps10": {
      "aggregate": {
        "mean": -0.0011146856625852274,
        "mean_ci_high": 0.00043811110487873995,
        "mean_ci_low": -0.002847782490798811,
        "n": 15,
        "p_mean_gt_0": 0.084
      },
      "folds": [
        {
          "fold_id": 1,
          "mean": -0.0007647364328398544,
          "n": 7,
          "test_end": "2025-07-25T00:00:00+00:00",
          "test_start": "2025-07-10T00:00:00+00:00"
        },
        {
          "fold_id": 2,
          "mean": -0.005338397808530514,
          "n": 1,
          "test_end": "2025-08-09T00:00:00+00:00",
          "test_start": "2025-07-25T00:00:00+00:00"
        },
        {
          "fold_id": 3,
          "mean": 0.0,
          "n": 0,
          "test_end": "2025-08-24T00:00:00+00:00",
          "test_start": "2025-08-09T00:00:00+00:00"
        },
        {
          "fold_id": 4,
          "mean": -0.009538881286022538,
          "n": 1,
          "test_end": "2025-09-08T00:00:00+00:00",
          "test_start": "2025-08-24T00:00:00+00:00"
        },
        {
          "fold_id": 5,
          "mean": 0.0,
          "n": 0,
          "test_end": "2025-09-23T00:00:00+00:00",
          "test_start": "2025-09-08T00:00:00+00:00"
        },
        {
          "fold_id": 6,
          "mean": 0.0017096896510453994,
          "n": 2,
          "test_end": "2025-10-08T00:00:00+00:00",
          "test_start": "2025-09-23T00:00:00+00:00"
        },
        {
          "fold_id": 7,
          "mean": 0.0,
          "n": 0,
          "test_end": "2025-10-23T00:00:00+00:00",
          "test_start": "2025-10-08T00:00:00+00:00"
        },
        {
          "fold_id": 8,
          "mean": 0.0,
          "n": 0,
          "test_end": "2025-11-07T00:00:00+00:00",
          "test_start": "2025-10-23T00:00:00+00:00"
        },
        {
          "fold_id": 9,
          "mean": 0.0,
          "n": 0,
          "test_end": "2025-11-22T00:00:00+00:00",
          "test_start": "2025-11-07T00:00:00+00:00"
        },
        {
          "fold_id": 10,
          "mean": 0.0,
          "n": 0,
          "test_end": "2025-12-07T00:00:00+00:00",
          "test_start": "2025-11-22T00:00:00+00:00"
        },
        {
          "fold_id": 11,
          "mean": 0.0,
          "n": 0,
          "test_end": "2025-12-22T00:00:00+00:00",
          "test_start": "2025-12-07T00:00:00+00:00"
        },
        {
          "fold_id": 12,
          "mean": -0.000748735598433432,
          "n": 3,
          "test_end": "2026-01-06T00:00:00+00:00",
          "test_start": "2025-12-22T00:00:00+00:00"
        },
        {
          "fold_id": 13,
          "mean": 0.0,
          "n": 0,
          "test_end": "2026-01-21T00:00:00+00:00",
          "test_start": "2026-01-06T00:00:00+00:00"
        },
        {
          "fold_id": 14,
          "mean": 0.0,
          "n": 0,
          "test_end": "2026-02-05T00:00:00+00:00",
          "test_start": "2026-01-21T00:00:00+00:00"
        },
        {
          "fold_id": 15,
          "mean": 0.002336976678863124,
          "n": 1,
          "test_end": "2026-02-20T00:00:00+00:00",
          "test_start": "2026-02-05T00:00:00+00:00"
        }
      ],
      "positive_folds": {
        "count": 2,
        "pct": 13.333333333333334,
        "total": 15
      },
      "split": {
        "step_days": 15,
        "test_days": 15,
        "train_days": 60
      }
    },
    "bps8": {
      "aggregate": {
        "mean": -0.0009146856625852266,
        "mean_ci_high": 0.0006381111048787398,
        "mean_ci_low": -0.0026477824907988104,
        "n": 15,
        "p_mean_gt_0": 0.13866666666666666
      },
      "folds": [
        {
          "fold_id": 1,
          "mean": -0.0005647364328398545,
          "n": 7,
          "test_end": "2025-07-25T00:00:00+00:00",
          "test_start": "2025-07-10T00:00:00+00:00"
        },
        {
          "fold_id": 2,
          "mean": -0.0051383978085305145,
          "n": 1,
          "test_end": "2025-08-09T00:00:00+00:00",
          "test_start": "2025-07-25T00:00:00+00:00"
        },
        {
          "fold_id": 3,
          "mean": 0.0,
          "n": 0,
          "test_end": "2025-08-24T00:00:00+00:00",
          "test_start": "2025-08-09T00:00:00+00:00"
        },
        {
          "fold_id": 4,
          "mean": -0.009338881286022538,
          "n": 1,
          "test_end": "2025-09-08T00:00:00+00:00",
          "test_start": "2025-08-24T00:00:00+00:00"
        },
        {
          "fold_id": 5,
          "mean": 0.0,
          "n": 0,
          "test_end": "2025-09-23T00:00:00+00:00",
          "test_start": "2025-09-08T00:00:00+00:00"
        },
        {
          "fold_id": 6,
          "mean": 0.0019096896510453992,
          "n": 2,
          "test_end": "2025-10-08T00:00:00+00:00",
          "test_start": "2025-09-23T00:00:00+00:00"
        },
        {
          "fold_id": 7,
          "mean": 0.0,
          "n": 0,
          "test_end": "2025-10-23T00:00:00+00:00",