{
  "baseline": {
    "bps10": {
      "mean": 0.00028123973256730805,
      "mean_ci_high": 0.0004775567601743038,
      "mean_ci_low": 9.522811214521891e-05,
      "n": 655,
      "p_mean_gt_0": 0.9993333333333333,
      "std": 0.002536220594305851,
      "win_rate": 0.5328244274809161
    },
    "bps8": {
      "mean": 0.00048123973256730814,
      "mean_ci_high": 0.0006775567601743038,
      "mean_ci_low": 0.00029522811214521903,
      "n": 655,
      "p_mean_gt_0": 1.0,
      "std": 0.002536220594305851,
      "win_rate": 0.5694656488549619
    },
    "gross": {
      "mean": 0.0012812397325673082,
      "mean_ci_high": 0.0014775567601743038,
      "mean_ci_low": 0.001095228112145219,
      "n": 655,
      "p_mean_gt_0": 1.0,
      "std": 0.002536220594305851,
      "win_rate": 0.6931297709923664
    }
  },
  "config": {
    "bootstrap_iters": 3000,
    "cost_mode": "all",
    "days": 365,
    "horizon": 8,
    "timeframe": "5m",
    "wf": {
      "step_days": 20,
      "test_days": 20,
      "train_days": 120
    }
  },
  "diagnostics_by_mode": {
    "bps10": {
      "mae_proxy_median": -0.0005707687893161673,
      "median_hold_return": 0.0002829669580248781,
      "return_histogram_bins": [
        "(-inf,-1%)",
        "[-1%,-0.5%)",
        "[-0.5%,-0.2%)",
        "[-0.2%,0%)",
        "[0%,0.2%)",
        "[0.2%,0.5%)",
        "[0.5%,1%)",
        "[1%,inf)"
      ],
      "return_histogram_counts": [
        2,
        15,
        88,
        201,
        194,
        142,
        12,
        1
      ],
      "top10_pct_pnl_contribution": 1.5917057202762532,
      "trades_per_day": 1.8851181196786186
    },
    "bps8": {
      "mae_proxy_median": -0.0005707687893161673,
      "median_hold_return": 0.0004829669580248781,
      "return_histogram_bins": [
        "(-inf,-1%)",
        "[-1%,-0.5%)",
        "[-0.5%,-0.2%)",
        "[-0.2%,0%)",
        "[0%,0.2%)",
        "[0.2%,0.5%)",
        "[0.5%,1%)",
        "[1%,inf)"
      ],
      "return_histogram_counts": [
        2,
        12,
        75,
        193,
        186,
        172,
        14,
        1
      ],
      "top10_pct_pnl_contribution": 0.9720800906368305,
      "trades_per_day": 1.8851181196786186
    },
    "gross": {
      "mae_proxy_median": -0.0005707687893161673,
      "median_hold_return": 0.0012829669580248781,
      "return_histogram_bins": [
        "(-inf,-1%)",
        "[-1%,-0.5%)",
        "[-0.5%,-0.2%)",
        "[-0.2%,0%)",
        "[0%,0.2%)",
        "[0.2%,0.5%)",
        "[0.5%,1%)",
        "[1%,inf)"
      ],
      "return_histogram_counts": [
        2,
        4,
        48,
        146,
        178,
        247,
        29,
        1
      ],
      "top10_pct_pnl_contribution": 0.42803406414510614,
      "trades_per_day": 1.8851181196786186
    }
  },
  "family": "exit_logic",
  "hypothesis_id": "H199",
  "timestamp_utc": "2026-03-11T15:46:31+00:00",
  "wf_by_mode": {
    "bps10": {
      "aggregate": {
        "mean": 0.00028246799129050276,
        "mean_ci_high": 0.0005495743062598979,
        "mean_ci_low": 1.893842530785399e-05,
        "n": 376,
        "p_mean_gt_0": 0.9826666666666667
      },
      "folds": [
        {
          "fold_id": 1,
          "mean": 0.0004386691445353172,
          "n": 27,
          "test_end": "2025-07-30T00:00:00+00:00",
          "test_start": "2025-07-10T00:00:00+00:00"
        },
        {
          "fold_id": 2,
          "mean": 8.910789328116637e-05,
          "n": 26,
          "test_end": "2025-08-19T00:00:00+00:00",
          "test_start": "2025-07-30T00:00:00+00:00"
        },
        {
          "fold_id": 3,
          "mean": -0.00020655998998043415,
          "n": 37,
          "test_end": "2025-09-08T00:00:00+00:00",
          "test_start": "2025-08-19T00:00:00+00:00"
        },
        {
          "fold_id": 4,
          "mean": -0.0003383670320228108,
          "n": 38,
          "test_end": "2025-09-28T00:00:00+00:00",
          "test_start": "2025-09-08T00:00:00+00:00"
        },
        {
          "fold_id": 5,
          "mean": 0.00037983469748566076,
          "n": 28,
          "test_end": "2025-10-18T00:00:00+00:00",
          "test_start": "2025-09-28T00:00:00+00:00"
        },
        {
          "fold_id": 6,
          "mean": 0.0013398779399152452,
          "n": 35,
          "test_end": "2025-11-07T00:00:00+00:00",
          "test_start": "2025-10-18T00:00:00+00:00"
        },
        {
          "fold_id": 7,
          "mean": 0.00015043392314082705,
          "n": 43,
          "test_end": "2025-11-27T00:00:00+00:00",
          "test_start": "2025-11-07T00:00:00+00:00"
        },
        {
          "fold_id": 8,
          "mean": 0.0012427175922817893,
          "n": 42,
          "test_end": "2025-12-17T00:00:00+00:00",
          "test_start": "2025-11-27T00:00:00+00:00"
        },
        {
          "fold_id": 9,
          "mean": 0.00014238769585943749,
          "n": 42,
          "test_end": "2026-01-06T00:00:00+00:00",
          "test_start": "2025-12-17T00:00:00+00:00"
        },
        {
          "fold_id": 10,
          "mean": -0.0001872518114198277,
          "n": 31,
          "test_end": "2026-01-26T00:00:00+00:00",
          "test_start": "2026-01-06T00:00:00+00:00"
        },
        {
          "fold_id": 11,
          "mean": -0.00014154128244431405,
          "n": 27,
          "test_end": "2026-02-15T00:00:00+00:00",
          "test_start": "2026-01-26T00:00:00+00:00"
        }
      ],
      "positive_folds": {
        "count": 7,
        "pct": 63.63636363636363,
        "total": 11
      },
      "split": {
        "step_days": 20,
        "test_days": 20,
        "train_days": 120
      }
    },
    "bps8": {
      "aggregate": {
        "mean": 0.00048246799129050285,
        "mean_ci_high": 0.000749574306259898,
        "mean_ci_low": 0.00021893842530785402,
        "n": 376,
        "p_mean_gt_0": 0.9993333333333333
      },
      "folds": [
        {
          "fold_id": 1,
          "mean": 0.0006386691445353173,
          "n": 27,
          "test_end": "2025-07-30T00:00:00+00:00",
          "test_start": "2025-07-10T00:00:00+00:00"
        },
        {
          "fold_id": 2,
          "mean": 0.0002891078932811665,
          "n": 26,
          "test_end": "2025-08-19T00:00:00+00:00",
          "test_start": "2025-07-30T00:00:00+00:00"
        },
        {
          "fold_id": 3,
          "mean": -6.559989980434155e-06,
          "n": 37,
          "test_end": "2025-09-08T00:00:00+00:00",
          "test_start": "2025-08-19T00:00:00+00:00"
        },
        {
          "fold_id": 4,
          "mean": -0.00013836703202281062,
          "n": 38,
          "test_end": "2025-09-28T00:00:00+00:00",
          "test_start": "2025-09-08T00:00:00+00:00"
        },
        {
          "fold_id": 5,
          "mean": 0.0005798346974856609,
          "n": 28,
          "test_end": "2025-10-18T00:00:00+00:00",
          "test_start": "2025-09-28T00:00:00+00:00"
        },
        {
          "fold_id": 6,
          "mean": 0.0015398779399152453,
          "n": 35,
          "test_end": "2025-11-07T00:00:00+00:00",
          "test_start": "2025-10-18T00:00:00+00:00"
        },
        {
          "fold_id": 7,
          "mean": 0.000350433923140827,
          "n": 43,
          "test_end": "2025-11-27T00:00:00+00:00",
          "test_start": "2025-11-07T00:00:00+00:00"
        },
        {
          "fold_id": 8,
          "mean": 0.0014427175922817896,
          "n": 42,
          "test_end": "2025-12-17T00:00:00+00:00",
          "test_start": "2025-11-27T00:00:00+00:00"
        },
        {
          "fold_id": 9,
          "mean": 0.00034238769585943744,
          "n": 42,
          "test_end": "2026-01-06T00:00:00+00:00",
          "test_start": "2025-12-17T00:00:00+00:00"
        },
        {
          "fold_id": 10,
          "mean": 1.274818858017236e-05,
          "n": 31,
          "test_end": "2026-01-26T00:00:00+00:00",