{
  "baseline": {
    "bps10": {
      "mean": 0.005048573528737262,
      "mean_ci_high": 0.006669127344526568,
      "mean_ci_low": 0.003396413827624902,
      "n": 85,
      "p_mean_gt_0": 1.0,
      "std": 0.0077470151181836255,
      "win_rate": 0.6941176470588235
    },
    "bps8": {
      "mean": 0.005248573528737262,
      "mean_ci_high": 0.006869127344526568,
      "mean_ci_low": 0.0035964138276249015,
      "n": 85,
      "p_mean_gt_0": 1.0,
      "std": 0.007747015118183626,
      "win_rate": 0.7176470588235294
    },
    "gross": {
      "mean": 0.006048573528737263,
      "mean_ci_high": 0.007669127344526569,
      "mean_ci_low": 0.004396413827624903,
      "n": 85,
      "p_mean_gt_0": 1.0,
      "std": 0.007747015118183626,
      "win_rate": 0.7647058823529411
    }
  },
  "config": {
    "bootstrap_iters": 3000,
    "cost_mode": "all",
    "days": 365,
    "horizon": 12,
    "timeframe": "5m",
    "wf": {
      "step_days": 15,
      "test_days": 15,
      "train_days": 60
    }
  },
  "diagnostics_by_mode": {
    "bps10": {
      "mae_proxy_median": -0.0011232104056859704,
      "median_hold_return": 0.003594871275386936,
      "return_histogram_bins": [
        "(-inf,-1%)",
        "[-1%,-0.5%)",
        "[-0.5%,-0.2%)",
        "[-0.2%,0%)",
        "[0%,0.2%)",
        "[0.2%,0.5%)",
        "[0.5%,1%)",
        "[1%,inf)"
      ],
      "return_histogram_counts": [
        0,
        4,
        7,
        15,
        10,
        14,
        15,
        20
      ],
      "top10_pct_pnl_contribution": 0.44388163806155734,
      "trades_per_day": 0.2623119454802623
    },
    "bps8": {
      "mae_proxy_median": -0.0011232104056859704,
      "median_hold_return": 0.003794871275386936,
      "return_histogram_bins": [
        "(-inf,-1%)",
        "[-1%,-0.5%)",
        "[-0.5%,-0.2%)",
        "[-0.2%,0%)",
        "[0%,0.2%)",
        "[0.2%,0.5%)",
        "[0.5%,1%)",
        "[1%,inf)"
      ],
      "return_histogram_counts": [
        0,
        4,
        7,
        13,
        12,
        12,
        16,
        21
      ],
      "top10_pct_pnl_contribution": 0.4310019753010092,
      "trades_per_day": 0.2623119454802623
    },
    "gross": {
      "mae_proxy_median": -0.0011232104056859704,
      "median_hold_return": 0.004594871275386936,
      "return_histogram_bins": [
        "(-inf,-1%)",
        "[-1%,-0.5%)",
        "[-0.5%,-0.2%)",
        "[-0.2%,0%)",
        "[0%,0.2%)",
        "[0.2%,0.5%)",
        "[0.5%,1%)",
        "[1%,inf)"
      ],
      "return_histogram_counts": [
        0,
        3,
        6,
        11,
        10,
        14,
        18,
        23
      ],
      "top10_pct_pnl_contribution": 0.38800081202637415,
      "trades_per_day": 0.2623119454802623
    }
  },
  "family": "oi_liq",
  "hypothesis_id": "H180",
  "timestamp_utc": "2026-02-24T01:17:15+00:00",
  "wf_by_mode": {
    "bps10": {
      "aggregate": {
        "mean": 0.00460305759975209,
        "mean_ci_high": 0.006608563115341097,
        "mean_ci_low": 0.00268146510444085,
        "n": 58,
        "p_mean_gt_0": 1.0
      },
      "folds": [
        {
          "fold_id": 1,
          "mean": 0.0017704560662641375,
          "n": 3,
          "test_end": "2025-06-16T00:00:00+00:00",
          "test_start": "2025-06-01T00:00:00+00:00"
        },
        {
          "fold_id": 2,
          "mean": 0.0022924716767219753,
          "n": 3,
          "test_end": "2025-07-01T00:00:00+00:00",
          "test_start": "2025-06-16T00:00:00+00:00"
        },
        {
          "fold_id": 3,
          "mean": -0.001161144064659909,
          "n": 3,
          "test_end": "2025-07-16T00:00:00+00:00",
          "test_start": "2025-07-01T00:00:00+00:00"
        },
        {
          "fold_id": 4,
          "mean": 0.003723117224541906,
          "n": 5,
          "test_end": "2025-07-31T00:00:00+00:00",
          "test_start": "2025-07-16T00:00:00+00:00"
        },
        {
          "fold_id": 5,
          "mean": 0.021881724345953812,
          "n": 1,
          "test_end": "2025-08-15T00:00:00+00:00",
          "test_start": "2025-07-31T00:00:00+00:00"
        },
        {
          "fold_id": 6,
          "mean": 0.004497768493640308,
          "n": 6,
          "test_end": "2025-08-30T00:00:00+00:00",
          "test_start": "2025-08-15T00:00:00+00:00"
        },
        {
          "fold_id": 7,
          "mean": 0.0016715418253072942,
          "n": 4,
          "test_end": "2025-09-14T00:00:00+00:00",
          "test_start": "2025-08-30T00:00:00+00:00"
        },
        {
          "fold_id": 8,
          "mean": 0.002248666429720881,
          "n": 4,
          "test_end": "2025-09-29T00:00:00+00:00",
          "test_start": "2025-09-14T00:00:00+00:00"
        },
        {
          "fold_id": 9,
          "mean": 0.0049819120349526855,
          "n": 3,
          "test_end": "2025-10-14T00:00:00+00:00",
          "test_start": "2025-09-29T00:00:00+00:00"
        },
        {
          "fold_id": 10,
          "mean": 0.009731689881974526,
          "n": 5,
          "test_end": "2025-10-29T00:00:00+00:00",
          "test_start": "2025-10-14T00:00:00+00:00"
        },
        {
          "fold_id": 11,
          "mean": 0.005616242291150986,
          "n": 3,
          "test_end": "2025-11-13T00:00:00+00:00",
          "test_start": "2025-10-29T00:00:00+00:00"
        },
        {
          "fold_id": 12,
          "mean": -0.0006806073070558796,
          "n": 2,
          "test_end": "2025-11-28T00:00:00+00:00",
          "test_start": "2025-11-13T00:00:00+00:00"
        },
        {
          "fold_id": 13,
          "mean": 0.016162305986269183,
          "n": 3,
          "test_end": "2025-12-13T00:00:00+00:00",
          "test_start": "2025-11-28T00:00:00+00:00"
        },
        {
          "fold_id": 14,
          "mean": 0.005260129185321483,
          "n": 4,
          "test_end": "2025-12-28T00:00:00+00:00",
          "test_start": "2025-12-13T00:00:00+00:00"
        },
        {
          "fold_id": 15,
          "mean": 0.002131904797532003,
          "n": 3,
          "test_end": "2026-01-12T00:00:00+00:00",
          "test_start": "2025-12-28T00:00:00+00:00"
        },
        {
          "fold_id": 16,
          "mean": 0.0008499474450888916,
          "n": 3,
          "test_end": "2026-01-27T00:00:00+00:00",
          "test_start": "2026-01-12T00:00:00+00:00"
        },
        {
          "fold_id": 17,
          "mean": 0.005847515365998886,
          "n": 3,
          "test_end": "2026-02-11T00:00:00+00:00",
          "test_start": "2026-01-27T00:00:00+00:00"
        }
      ],
      "positive_folds": {
        "count": 15,
        "pct": 88.23529411764706,
        "total": 17
      },
      "split": {
        "step_days": 15,
        "test_days": 15,
        "train_days": 60
      }
    },
    "bps8": {
      "aggregate": {
        "mean": 0.0048030575997520895,
        "mean_ci_high": 0.006808563115341098,
        "mean_ci_low": 0.0028814651044408507,
        "n": 58,
        "p_mean_gt_0": 1.0
      },
      "folds": [
        {
          "fold_id": 1,
          "mean": 0.001970456066264137,
          "n": 3,
          "test_end": "2025-06-16T00:00:00+00:00",
          "test_start": "2025-06-01T00:00:00+00:00"
        },
        {
          "fold_id": 2,
          "mean": 0.002492471676721975,
          "n": 3,
          "test_end": "2025-07-01T00:00:00+00:00",
          "test_start": "2025-06-16T00:00:00+00:00"
        },
        {
          "fold_id": 3,
          "mean": -0.0009611440646599094,
          "n": 3,
          "test_end": "2025-07-16T00:00:00+00:00",
          "test_start": "2025-07-01T00:00:00+00:00"
        },
        {
          "fold_id": 4,
          "mean": 0.003923117224541905,
          "n": 5,
          "test_end": "2025-07-31T00:00:00+00:00",
          "test_start": "2025-07-16T00:00:00+00:00"
        },
        {
          "fold_id": 5,
          "mean": 0.022081724345953815,