{
  "baseline": {
    "bps10": {
      "mean": 8.741593977704228e-05,
      "mean_ci_high": 0.00028363880415346735,
      "mean_ci_low": -0.00010651343698516519,
      "n": 655,
      "p_mean_gt_0": 0.809,
      "std": 0.0026230977005433256,
      "win_rate": 0.516030534351145
    },
    "bps8": {
      "mean": 0.0002874159397770424,
      "mean_ci_high": 0.00048363880415346744,
      "mean_ci_low": 9.348656301483482e-05,
      "n": 655,
      "p_mean_gt_0": 0.9973333333333333,
      "std": 0.0026230977005433256,
      "win_rate": 0.5480916030534351
    },
    "gross": {
      "mean": 0.0010874159397770424,
      "mean_ci_high": 0.0012836388041534677,
      "mean_ci_low": 0.0008934865630148349,
      "n": 655,
      "p_mean_gt_0": 1.0,
      "std": 0.0026230977005433256,
      "win_rate": 0.6641221374045801
    }
  },
  "config": {
    "bootstrap_iters": 3000,
    "cost_mode": "all",
    "days": 365,
    "horizon": 8,
    "timeframe": "5m",
    "wf": {
      "step_days": 20,
      "test_days": 20,
      "train_days": 120
    }
  },
  "diagnostics_by_mode": {
    "bps10": {
      "mae_proxy_median": -0.0005707687893161673,
      "median_hold_return": 0.00015809451246962068,
      "return_histogram_bins": [
        "(-inf,-1%)",
        "[-1%,-0.5%)",
        "[-0.5%,-0.2%)",
        "[-0.2%,0%)",
        "[0%,0.2%)",
        "[0.2%,0.5%)",
        "[0.5%,1%)",
        "[1%,inf)"
      ],
      "return_histogram_counts": [
        0,
        22,
        121,
        174,
        186,
        140,
        12,
        0
      ],
      "top10_pct_pnl_contribution": 4.940152885750919,
      "trades_per_day": 1.8851181196786186
    },
    "bps8": {
      "mae_proxy_median": -0.0005707687893161673,
      "median_hold_return": 0.00035809451246962066,
      "return_histogram_bins": [
        "(-inf,-1%)",
        "[-1%,-0.5%)",
        "[-0.5%,-0.2%)",
        "[-0.2%,0%)",
        "[0%,0.2%)",
        "[0.2%,0.5%)",
        "[0.5%,1%)",
        "[1%,inf)"
      ],
      "return_histogram_counts": [
        0,
        19,
        109,
        168,
        175,
        170,
        14,
        0
      ],
      "top10_pct_pnl_contribution": 1.572636435044418,
      "trades_per_day": 1.8851181196786186
    },
    "gross": {
      "mae_proxy_median": -0.0005707687893161673,
      "median_hold_return": 0.0011580945124696207,
      "return_histogram_bins": [
        "(-inf,-1%)",
        "[-1%,-0.5%)",
        "[-0.5%,-0.2%)",
        "[-0.2%,0%)",
        "[0%,0.2%)",
        "[0.2%,0.5%)",
        "[0.5%,1%)",
        "[1%,inf)"
      ],
      "return_histogram_counts": [
        0,
        10,
        65,
        144,
        165,
        242,
        29,
        0
      ],
      "top10_pct_pnl_contribution": 0.48979552942548693,
      "trades_per_day": 1.8851181196786186
    }
  },
  "family": "exit_logic",
  "hypothesis_id": "H201",
  "timestamp_utc": "2026-03-11T15:46:43+00:00",
  "wf_by_mode": {
    "bps10": {
      "aggregate": {
        "mean": 0.00010319521509263376,
        "mean_ci_high": 0.0003705189958566688,
        "mean_ci_low": -0.00016336927091342674,
        "n": 376,
        "p_mean_gt_0": 0.7753333333333333
      },
      "folds": [
        {
          "fold_id": 1,
          "mean": 0.0004383700656086928,
          "n": 27,
          "test_end": "2025-07-30T00:00:00+00:00",
          "test_start": "2025-07-10T00:00:00+00:00"
        },
        {
          "fold_id": 2,
          "mean": 0.00010893185214252422,
          "n": 26,
          "test_end": "2025-08-19T00:00:00+00:00",
          "test_start": "2025-07-30T00:00:00+00:00"
        },
        {
          "fold_id": 3,
          "mean": -0.00028790232590239343,
          "n": 37,
          "test_end": "2025-09-08T00:00:00+00:00",
          "test_start": "2025-08-19T00:00:00+00:00"
        },
        {
          "fold_id": 4,
          "mean": -0.0005772406601061613,
          "n": 38,
          "test_end": "2025-09-28T00:00:00+00:00",
          "test_start": "2025-09-08T00:00:00+00:00"
        },
        {
          "fold_id": 5,
          "mean": 0.00024289289224269979,
          "n": 28,
          "test_end": "2025-10-18T00:00:00+00:00",
          "test_start": "2025-09-28T00:00:00+00:00"
        },
        {
          "fold_id": 6,
          "mean": 0.0009401207339580109,
          "n": 35,
          "test_end": "2025-11-07T00:00:00+00:00",
          "test_start": "2025-10-18T00:00:00+00:00"
        },
        {
          "fold_id": 7,
          "mean": 0.00019349442580964495,
          "n": 43,
          "test_end": "2025-11-27T00:00:00+00:00",
          "test_start": "2025-11-07T00:00:00+00:00"
        },
        {
          "fold_id": 8,
          "mean": 0.0010644477137499568,
          "n": 42,
          "test_end": "2025-12-17T00:00:00+00:00",
          "test_start": "2025-11-27T00:00:00+00:00"
        },
        {
          "fold_id": 9,
          "mean": 8.687300645988161e-05,
          "n": 42,
          "test_end": "2026-01-06T00:00:00+00:00",
          "test_start": "2025-12-17T00:00:00+00:00"
        },
        {
          "fold_id": 10,
          "mean": -0.0003314009146206718,
          "n": 31,
          "test_end": "2026-01-26T00:00:00+00:00",
          "test_start": "2026-01-06T00:00:00+00:00"
        },
        {
          "fold_id": 11,
          "mean": -0.0010884006217259433,
          "n": 27,
          "test_end": "2026-02-15T00:00:00+00:00",
          "test_start": "2026-01-26T00:00:00+00:00"
        }
      ],
      "positive_folds": {
        "count": 7,
        "pct": 63.63636363636363,
        "total": 11
      },
      "split": {
        "step_days": 20,
        "test_days": 20,
        "train_days": 120
      }
    },
    "bps8": {
      "aggregate": {
        "mean": 0.00030319521509263367,
        "mean_ci_high": 0.0005705189958566687,
        "mean_ci_low": 3.6630729086573355e-05,
        "n": 376,
        "p_mean_gt_0": 0.9866666666666667
      },
      "folds": [
        {
          "fold_id": 1,
          "mean": 0.0006383700656086929,
          "n": 27,
          "test_end": "2025-07-30T00:00:00+00:00",
          "test_start": "2025-07-10T00:00:00+00:00"
        },
        {
          "fold_id": 2,
          "mean": 0.0003089318521425243,
          "n": 26,
          "test_end": "2025-08-19T00:00:00+00:00",
          "test_start": "2025-07-30T00:00:00+00:00"
        },
        {
          "fold_id": 3,
          "mean": -8.790232590239336e-05,
          "n": 37,
          "test_end": "2025-09-08T00:00:00+00:00",
          "test_start": "2025-08-19T00:00:00+00:00"
        },
        {
          "fold_id": 4,
          "mean": -0.0003772406601061612,
          "n": 38,
          "test_end": "2025-09-28T00:00:00+00:00",
          "test_start": "2025-09-08T00:00:00+00:00"
        },
        {
          "fold_id": 5,
          "mean": 0.0004428928922426997,
          "n": 28,
          "test_end": "2025-10-18T00:00:00+00:00",
          "test_start": "2025-09-28T00:00:00+00:00"
        },
        {
          "fold_id": 6,
          "mean": 0.0011401207339580108,
          "n": 35,
          "test_end": "2025-11-07T00:00:00+00:00",
          "test_start": "2025-10-18T00:00:00+00:00"
        },
        {
          "fold_id": 7,
          "mean": 0.00039349442580964496,
          "n": 43,
          "test_end": "2025-11-27T00:00:00+00:00",
          "test_start": "2025-11-07T00:00:00+00:00"
        },
        {
          "fold_id": 8,
          "mean": 0.0012644477137499568,
          "n": 42,
          "test_end": "2025-12-17T00:00:00+00:00",
          "test_start": "2025-11-27T00:00:00+00:00"
        },
        {
          "fold_id": 9,
          "mean": 0.00028687300645988166,
          "n": 42,
          "test_end": "2026-01-06T00:00:00+00:00",
          "test_start": "2025-12-17T00:00:00+00:00"
        },
        {
          "fold_id": 10,
          "mean": -0.00013140091462067184,
          "n": 31,
          "test_end": "2026-01-26T00:00:00+00:00",