{
  "baseline": {
    "bps10": {
      "ci_high": -0.0006565105864127653,
      "ci_low": -0.001052686965626685,
      "mean": -0.0008521372701282589,
      "n": 2449,
      "p_mean_gt_0": 0.0,
      "std": 0.005030410481207197,
      "win_rate": 0.3548387096774194
    },
    "bps8": {
      "ci_high": -0.00045651058641276495,
      "ci_low": -0.0008526869656266846,
      "mean": -0.0006521372701282587,
      "n": 2449,
      "p_mean_gt_0": 0.0,
      "std": 0.005030410481207197,
      "win_rate": 0.37893017558187014
    },
    "gross": {
      "ci_high": 0.00034348941358723514,
      "ci_low": -5.268696562668455e-05,
      "mean": 0.00014786272987174132,
      "n": 2449,
      "p_mean_gt_0": 0.9303333333333333,
      "std": 0.005030410481207197,
      "win_rate": 0.4838709677419355
    }
  },
  "classification": "FAIL",
  "commands": [
    "PYTHONPATH=. .venv/bin/python scripts/research_family_runner.py --hypothesis-id H44 --family shock_structure --days 180 --timeframe 5m --horizon 6 --cost-mode gross --wf 60 15 15 --bootstrap-iters 3000 --output-json results/archive/h44_runner_20260217T180334Z_gross.json",
    "PYTHONPATH=. .venv/bin/python scripts/research_family_runner.py --hypothesis-id H44 --family shock_structure --days 180 --timeframe 5m --horizon 6 --cost-mode bps8 --wf 60 15 15 --bootstrap-iters 3000 --output-json results/archive/h44_runner_20260217T180335Z_bps8.json",
    "PYTHONPATH=. .venv/bin/python scripts/research_family_runner.py --hypothesis-id H44 --family shock_structure --days 180 --timeframe 5m --horizon 6 --cost-mode bps10 --wf 60 15 15 --bootstrap-iters 3000 --output-json results/archive/h44_runner_20260217T180337Z_bps10.json"
  ],
  "dataset": {
    "horizon_bars": 6,
    "lookback_days": 180,
    "primary_symbols": [
      "BTC-USD"
    ],
    "secondary_symbols": [
      "ETH-USD"
    ],
    "timeframe": "5m"
  },
  "hypothesis_id": "H44",
  "notes": "Adapter executed scripts/research_family_runner.py for shock_structure gross/bps8/bps10 and combined machine JSON outputs.",
  "timestamp_utc": "2026-02-17T18:03:38+00:00",
  "walkforward": {
    "modes": {
      "bps10": {
        "aggregate": {
          "mean": -0.0008452543119515769,
          "mean_ci_high": -0.0005631372998640656,
          "mean_ci_low": -0.0011267298205229397,
          "n": 1397,
          "p_mean_gt_0": 0.0
        },
        "folds": [
          {
            "fold_id": 1,
            "mean": -0.0008708618800215534,
            "n": 295,
            "test_end": "2025-11-24T00:00:00+00:00",
            "test_start": "2025-11-09T00:00:00+00:00"
          },
          {
            "fold_id": 2,
            "mean": -0.0009725266223033478,
            "n": 152,
            "test_end": "2025-12-09T00:00:00+00:00",
            "test_start": "2025-11-24T00:00:00+00:00"
          },
          {
            "fold_id": 3,
            "mean": -0.0008936330663162836,
            "n": 193,
            "test_end": "2025-12-24T00:00:00+00:00",
            "test_start": "2025-12-09T00:00:00+00:00"
          },
          {
            "fold_id": 4,
            "mean": -0.0009244660813273737,
            "n": 131,
            "test_end": "2026-01-08T00:00:00+00:00",
            "test_start": "2025-12-24T00:00:00+00:00"
          },
          {
            "fold_id": 5,
            "mean": -0.0012310272971715935,
            "n": 259,
            "test_end": "2026-01-23T00:00:00+00:00",
            "test_start": "2026-01-08T00:00:00+00:00"
          },
          {
            "fold_id": 6,
            "mean": -0.0004459936353665244,
            "n": 367,
            "test_end": "2026-02-07T00:00:00+00:00",
            "test_start": "2026-01-23T00:00:00+00:00"
          }
        ],
        "positive_folds": {
          "count": 0,
          "pct": 0.0,
          "total": 6
        }
      },
      "bps8": {
        "aggregate": {
          "mean": -0.0006452543119515767,
          "mean_ci_high": -0.00036313729986406536,
          "mean_ci_low": -0.0009267298205229396,
          "n": 1397,
          "p_mean_gt_0": 0.0
        },
        "folds": [
          {
            "fold_id": 1,
            "mean": -0.0006708618800215534,
            "n": 295,
            "test_end": "2025-11-24T00:00:00+00:00",
            "test_start": "2025-11-09T00:00:00+00:00"
          },
          {
            "fold_id": 2,
            "mean": -0.0007725266223033476,
            "n": 152,
            "test_end": "2025-12-09T00:00:00+00:00",
            "test_start": "2025-11-24T00:00:00+00:00"
          },
          {
            "fold_id": 3,
            "mean": -0.0006936330663162834,
            "n": 193,
            "test_end": "2025-12-24T00:00:00+00:00",
            "test_start": "2025-12-09T00:00:00+00:00"
          },
          {
            "fold_id": 4,
            "mean": -0.0007244660813273735,
            "n": 131,
            "test_end": "2026-01-08T00:00:00+00:00",
            "test_start": "2025-12-24T00:00:00+00:00"
          },
          {
            "fold_id": 5,
            "mean": -0.0010310272971715932,
            "n": 259,
            "test_end": "2026-01-23T00:00:00+00:00",
            "test_start": "2026-01-08T00:00:00+00:00"
          },
          {
            "fold_id": 6,
            "mean": -0.00024599363536652416,
            "n": 367,
            "test_end": "2026-02-07T00:00:00+00:00",
            "test_start": "2026-01-23T00:00:00+00:00"
          }
        ],
        "positive_folds": {
          "count": 0,
          "pct": 0.0,
          "total": 6
        }
      },
      "gross": {
        "aggregate": {
          "mean": 0.00015474568804842338,
          "mean_ci_high": 0.0004368627001359347,
          "mean_ci_low": -0.00012672982052293943,
          "n": 1397,
          "p_mean_gt_0": 0.869
        },
        "folds": [
          {
            "fold_id": 1,
            "mean": 0.00012913811997844677,
            "n": 295,
            "test_end": "2025-11-24T00:00:00+00:00",
            "test_start": "2025-11-09T00:00:00+00:00"
          },
          {
            "fold_id": 2,
            "mean": 2.7473377696652545e-05,
            "n": 152,
            "test_end": "2025-12-09T00:00:00+00:00",
            "test_start": "2025-11-24T00:00:00+00:00"
          },
          {
            "fold_id": 3,
            "mean": 0.00010636693368371664,
            "n": 193,
            "test_end": "2025-12-24T00:00:00+00:00",
            "test_start": "2025-12-09T00:00:00+00:00"
          },
          {
            "fold_id": 4,
            "mean": 7.553391867262649e-05,
            "n": 131,
            "test_end": "2026-01-08T00:00:00+00:00",
            "test_start": "2025-12-24T00:00:00+00:00"
          },
          {
            "fold_id": 5,
            "mean": -0.00023102729717159313,
            "n": 259,
            "test_end": "2026-01-23T00:00:00+00:00",
            "test_start": "2026-01-08T00:00:00+00:00"
          },
          {
            "fold_id": 6,
            "mean": 0.000554006364633476,
            "n": 367,
            "test_end": "2026-02-07T00:00:00+00:00",
            "test_start": "2026-01-23T00:00:00+00:00"
          }
        ],
        "positive_folds": {
          "count": 5,
          "pct": 83.33333333333333,
          "total": 6
        }
      }
    },
    "split": {
      "step_days": 15,
      "test_days": 15,
      "train_days": 60
    }
  }
}