{
  "baseline": {
    "bps10": {
      "ci_high": -0.000974498957699188,
      "ci_low": -0.0012815001982646804,
      "mean": -0.0011279892070691537,
      "n": 514,
      "p_mean_gt_0": 0.0,
      "std": 0.001747517225389965,
      "win_rate": 0.17898832684824903
    },
    "bps8": {
      "ci_high": -0.0007744989576991876,
      "ci_low": -0.00108150019826468,
      "mean": -0.0009279892070691534,
      "n": 514,
      "p_mean_gt_0": 0.0,
      "std": 0.001747517225389965,
      "win_rate": 0.21595330739299612
    },
    "gross": {
      "ci_high": 2.550104230081242e-05,
      "ci_low": -0.0002815001982646802,
      "mean": -0.00012798920706915342,
      "n": 514,
      "p_mean_gt_0": 0.048666666666666664,
      "std": 0.001747517225389965,
      "win_rate": 0.4455252918287938
    }
  },
  "classification": "FAIL",
  "commands": [
    "PYTHONPATH=. .venv/bin/python scripts/research_family_runner.py --hypothesis-id H49 --family volatility_conditioning --days 180 --timeframe 5m --horizon 6 --cost-mode gross --wf 60 15 15 --bootstrap-iters 3000 --output-json results/archive/h49_runner_20260217T180355Z_gross.json",
    "PYTHONPATH=. .venv/bin/python scripts/research_family_runner.py --hypothesis-id H49 --family volatility_conditioning --days 180 --timeframe 5m --horizon 6 --cost-mode bps8 --wf 60 15 15 --bootstrap-iters 3000 --output-json results/archive/h49_runner_20260217T180356Z_bps8.json",
    "PYTHONPATH=. .venv/bin/python scripts/research_family_runner.py --hypothesis-id H49 --family volatility_conditioning --days 180 --timeframe 5m --horizon 6 --cost-mode bps10 --wf 60 15 15 --bootstrap-iters 3000 --output-json results/archive/h49_runner_20260217T180357Z_bps10.json"
  ],
  "dataset": {
    "horizon_bars": 6,
    "lookback_days": 180,
    "primary_symbols": [
      "BTC-USD"
    ],
    "secondary_symbols": [
      "ETH-USD"
    ],
    "timeframe": "5m"
  },
  "hypothesis_id": "H49",
  "notes": "Adapter executed scripts/research_family_runner.py for volatility_conditioning gross/bps8/bps10 and combined machine JSON outputs.",
  "timestamp_utc": "2026-02-17T18:03:59+00:00",
  "walkforward": {
    "modes": {
      "bps10": {
        "aggregate": {
          "mean": -0.001224969492803953,
          "mean_ci_high": -0.001044906504491938,
          "mean_ci_low": -0.0013983317543285916,
          "n": 309,
          "p_mean_gt_0": 0.0
        },
        "folds": [
          {
            "fold_id": 1,
            "mean": -0.0008073969477565756,
            "n": 16,
            "test_end": "2025-11-25T00:00:00+00:00",
            "test_start": "2025-11-10T00:00:00+00:00"
          },
          {
            "fold_id": 2,
            "mean": -0.0013282160854506137,
            "n": 96,
            "test_end": "2025-12-10T00:00:00+00:00",
            "test_start": "2025-11-25T00:00:00+00:00"
          },
          {
            "fold_id": 3,
            "mean": -0.0013959665770861196,
            "n": 53,
            "test_end": "2025-12-25T00:00:00+00:00",
            "test_start": "2025-12-10T00:00:00+00:00"
          },
          {
            "fold_id": 4,
            "mean": -0.0012290103973290707,
            "n": 61,
            "test_end": "2026-01-09T00:00:00+00:00",
            "test_start": "2025-12-25T00:00:00+00:00"
          },
          {
            "fold_id": 5,
            "mean": -0.0010897727946343337,
            "n": 62,
            "test_end": "2026-01-24T00:00:00+00:00",
            "test_start": "2026-01-09T00:00:00+00:00"
          },
          {
            "fold_id": 6,
            "mean": -0.0010269858009090964,
            "n": 21,
            "test_end": "2026-02-08T00:00:00+00:00",
            "test_start": "2026-01-24T00:00:00+00:00"
          }
        ],
        "positive_folds": {
          "count": 0,
          "pct": 0.0,
          "total": 6
        }
      },
      "bps8": {
        "aggregate": {
          "mean": -0.0010249694928039527,
          "mean_ci_high": -0.0008449065044919378,
          "mean_ci_low": -0.0011983317543285913,
          "n": 309,
          "p_mean_gt_0": 0.0
        },
        "folds": [
          {
            "fold_id": 1,
            "mean": -0.0006073969477565756,
            "n": 16,
            "test_end": "2025-11-25T00:00:00+00:00",
            "test_start": "2025-11-10T00:00:00+00:00"
          },
          {
            "fold_id": 2,
            "mean": -0.0011282160854506134,
            "n": 96,
            "test_end": "2025-12-10T00:00:00+00:00",
            "test_start": "2025-11-25T00:00:00+00:00"
          },
          {
            "fold_id": 3,
            "mean": -0.001195966577086119,
            "n": 53,
            "test_end": "2025-12-25T00:00:00+00:00",
            "test_start": "2025-12-10T00:00:00+00:00"
          },
          {
            "fold_id": 4,
            "mean": -0.0010290103973290708,
            "n": 61,
            "test_end": "2026-01-09T00:00:00+00:00",
            "test_start": "2025-12-25T00:00:00+00:00"
          },
          {
            "fold_id": 5,
            "mean": -0.000889772794634334,
            "n": 62,
            "test_end": "2026-01-24T00:00:00+00:00",
            "test_start": "2026-01-09T00:00:00+00:00"
          },
          {
            "fold_id": 6,
            "mean": -0.0008269858009090958,
            "n": 21,
            "test_end": "2026-02-08T00:00:00+00:00",
            "test_start": "2026-01-24T00:00:00+00:00"
          }
        ],
        "positive_folds": {
          "count": 0,
          "pct": 0.0,
          "total": 6
        }
      },
      "gross": {
        "aggregate": {
          "mean": -0.00022496949280395289,
          "mean_ci_high": -4.490650449193789e-05,
          "mean_ci_low": -0.0003983317543285915,
          "n": 309,
          "p_mean_gt_0": 0.006333333333333333
        },
        "folds": [
          {
            "fold_id": 1,
            "mean": 0.0001926030522434244,
            "n": 16,
            "test_end": "2025-11-25T00:00:00+00:00",
            "test_start": "2025-11-10T00:00:00+00:00"
          },
          {
            "fold_id": 2,
            "mean": -0.0003282160854506134,
            "n": 96,
            "test_end": "2025-12-10T00:00:00+00:00",
            "test_start": "2025-11-25T00:00:00+00:00"
          },
          {
            "fold_id": 3,
            "mean": -0.00039596657708611916,
            "n": 53,
            "test_end": "2025-12-25T00:00:00+00:00",
            "test_start": "2025-12-10T00:00:00+00:00"
          },
          {
            "fold_id": 4,
            "mean": -0.00022901039732907072,
            "n": 61,
            "test_end": "2026-01-09T00:00:00+00:00",
            "test_start": "2025-12-25T00:00:00+00:00"
          },
          {
            "fold_id": 5,
            "mean": -8.977279463433375e-05,
            "n": 62,
            "test_end": "2026-01-24T00:00:00+00:00",
            "test_start": "2026-01-09T00:00:00+00:00"
          },
          {
            "fold_id": 6,
            "mean": -2.698580090909619e-05,
            "n": 21,
            "test_end": "2026-02-08T00:00:00+00:00",
            "test_start": "2026-01-24T00:00:00+00:00"
          }
        ],
        "positive_folds": {
          "count": 1,
          "pct": 16.666666666666668,
          "total": 6
        }
      }
    },
    "split": {
      "step_days": 15,
      "test_days": 15,
      "train_days": 60
    }
  }
}