{
  "baseline": {
    "bps10": {
      "ci_high": 0.0033068682207304306,
      "ci_low": 0.0007859758720419448,
      "mean": 0.0019993105060459914,
      "n": 99,
      "p_mean_gt_0": 1.0,
      "std": 0.006513871078534833,
      "win_rate": 0.5959595959595959
    },
    "bps8": {
      "ci_high": 0.003506868220730431,
      "ci_low": 0.0009859758720419454,
      "mean": 0.0021993105060459915,
      "n": 99,
      "p_mean_gt_0": 1.0,
      "std": 0.006513871078534833,
      "win_rate": 0.6060606060606061
    },
    "gross": {
      "ci_high": 0.0043068682207304315,
      "ci_low": 0.0017859758720419454,
      "mean": 0.0029993105060459914,
      "n": 99,
      "p_mean_gt_0": 1.0,
      "std": 0.006513871078534833,
      "win_rate": 0.696969696969697
    }
  },
  "classification": "INCONCLUSIVE",
  "commands": [
    "PYTHONPATH=. .venv/bin/python scripts/research_family_runner.py --hypothesis-id H85 --family cross_asset_regime --days 180 --timeframe 5m --horizon 8 --cost-mode gross --wf 60 15 15 --bootstrap-iters 3000 --output-json results/archive/h85_runner_20260218T211355Z_gross.json",
    "PYTHONPATH=. .venv/bin/python scripts/research_family_runner.py --hypothesis-id H85 --family cross_asset_regime --days 180 --timeframe 5m --horizon 8 --cost-mode bps8 --wf 60 15 15 --bootstrap-iters 3000 --output-json results/archive/h85_runner_20260218T211356Z_bps8.json",
    "PYTHONPATH=. .venv/bin/python scripts/research_family_runner.py --hypothesis-id H85 --family cross_asset_regime --days 180 --timeframe 5m --horizon 8 --cost-mode bps10 --wf 60 15 15 --bootstrap-iters 3000 --output-json results/archive/h85_runner_20260218T211358Z_bps10.json"
  ],
  "dataset": {
    "horizon_bars": 8,
    "lookback_days": 180,
    "primary_symbols": [
      "BTC-USD"
    ],
    "secondary_symbols": [
      "ETH-USD"
    ],
    "timeframe": "5m"
  },
  "hypothesis_id": "H85",
  "notes": "Adapter executed scripts/research_family_runner.py for cross_asset_regime gross/bps8/bps10 and combined machine JSON outputs.",
  "timestamp_utc": "2026-02-18T21:14:00+00:00",
  "walkforward": {
    "modes": {
      "bps10": {
        "aggregate": {
          "mean": 0.002002062529617349,
          "mean_ci_high": 0.0037914033375039454,
          "mean_ci_low": 0.0003027746124275691,
          "n": 64,
          "p_mean_gt_0": 0.9896666666666667
        },
        "diagnostics": {
          "mae_proxy_median": null,
          "median_hold_return": 0.0008363557748557468,
          "return_histogram_bins": [
            "(-inf,-1%)",
            "[-1%,-0.5%)",
            "[-0.5%,-0.2%)",
            "[-0.2%,0%)",
            "[0%,0.2%)",
            "[0.2%,0.5%)",
            "[0.5%,1%)",
            "[1%,inf)"
          ],
          "return_histogram_counts": [
            2,
            8,
            10,
            20,
            20,
            15,
            13,
            11
          ],
          "top10_pct_pnl_contribution": 0.8143851524835952,
          "trades_per_day": 0.5591903977406449
        },
        "folds": [
          {
            "fold_id": 1,
            "mean": 0.0031330793732837485,
            "n": 8,
            "test_end": "2025-11-06T00:00:00+00:00",
            "test_start": "2025-10-22T00:00:00+00:00"
          },
          {
            "fold_id": 2,
            "mean": 0.0077937202759349455,
            "n": 4,
            "test_end": "2025-11-21T00:00:00+00:00",
            "test_start": "2025-11-06T00:00:00+00:00"
          },
          {
            "fold_id": 3,
            "mean": 0.002170334143022752,
            "n": 11,
            "test_end": "2025-12-06T00:00:00+00:00",
            "test_start": "2025-11-21T00:00:00+00:00"
          },
          {
            "fold_id": 4,
            "mean": 0.0048790970041501566,
            "n": 10,
            "test_end": "2025-12-21T00:00:00+00:00",
            "test_start": "2025-12-06T00:00:00+00:00"
          },
          {
            "fold_id": 5,
            "mean": 0.0006914725306680365,
            "n": 13,
            "test_end": "2026-01-05T00:00:00+00:00",
            "test_start": "2025-12-21T00:00:00+00:00"
          },
          {
            "fold_id": 6,
            "mean": 0.001137739624855491,
            "n": 9,
            "test_end": "2026-01-20T00:00:00+00:00",
            "test_start": "2026-01-05T00:00:00+00:00"
          },
          {
            "fold_id": 7,
            "mean": -0.0022223288146261274,
            "n": 9,
            "test_end": "2026-02-04T00:00:00+00:00",
            "test_start": "2026-01-20T00:00:00+00:00"
          }
        ],
        "positive_folds": {
          "count": 6,
          "pct": 85.71428571428571,
          "total": 7
        }
      },
      "bps8": {
        "aggregate": {
          "mean": 0.0022020625296173494,
          "mean_ci_high": 0.003991403337503946,
          "mean_ci_low": 0.0005027746124275694,
          "n": 64,
          "p_mean_gt_0": 0.996
        },
        "diagnostics": {
          "mae_proxy_median": null,
          "median_hold_return": 0.001036355774855747,
          "return_histogram_bins": [
            "(-inf,-1%)",
            "[-1%,-0.5%)",
            "[-0.5%,-0.2%)",
            "[-0.2%,0%)",
            "[0%,0.2%)",
            "[0.2%,0.5%)",
            "[0.5%,1%)",
            "[1%,inf)"
          ],
          "return_histogram_counts": [
            2,
            7,
            9,
            21,
            21,
            14,
            14,
            11
          ],
          "top10_pct_pnl_contribution": 0.7495125435898172,
          "trades_per_day": 0.5591903977406449
        },
        "folds": [
          {
            "fold_id": 1,
            "mean": 0.0033330793732837486,
            "n": 8,
            "test_end": "2025-11-06T00:00:00+00:00",
            "test_start": "2025-10-22T00:00:00+00:00"
          },
          {
            "fold_id": 2,
            "mean": 0.007993720275934948,
            "n": 4,
            "test_end": "2025-11-21T00:00:00+00:00",
            "test_start": "2025-11-06T00:00:00+00:00"
          },
          {
            "fold_id": 3,
            "mean": 0.002370334143022752,
            "n": 11,
            "test_end": "2025-12-06T00:00:00+00:00",
            "test_start": "2025-11-21T00:00:00+00:00"
          },
          {
            "fold_id": 4,
            "mean": 0.005079097004150158,
            "n": 10,
            "test_end": "2025-12-21T00:00:00+00:00",
            "test_start": "2025-12-06T00:00:00+00:00"
          },
          {
            "fold_id": 5,
            "mean": 0.0008914725306680365,
            "n": 13,
            "test_end": "2026-01-05T00:00:00+00:00",
            "test_start": "2025-12-21T00:00:00+00:00"
          },
          {
            "fold_id": 6,
            "mean": 0.0013377396248554908,
            "n": 9,
            "test_end": "2026-01-20T00:00:00+00:00",
            "test_start": "2026-01-05T00:00:00+00:00"
          },
          {
            "fold_id": 7,
            "mean": -0.0020223288146261273,
            "n": 9,
            "test_end": "2026-02-04T00:00:00+00:00",
            "test_start": "2026-01-20T00:00:00+00:00"
          }
        ],
        "positive_folds": {
          "count": 6,
          "pct": 85.71428571428571,
          "total": 7
        }
      },
      "gross": {
        "aggregate": {
          "mean": 0.0030020625296173498,
          "mean_ci_high": 0.004791403337503946,
          "mean_ci_low": 0.0013027746124275694,
          "n": 64,
          "p_mean_gt_0": 1.0
        },
        "diagnostics": {
          "mae_proxy_median": null,
          "median_hold_return": 0.0018363557748557469,
          "return_histogram_bins": [
            "(-inf,-1%)",
            "[-1%,-0.5%)",
            "[-0.5%,-0.2%)",
            "[-0.2%,0%)",
            "[0%,0.2%)",
            "[0.2%,0.5%)",
            "[0.5%,1%)",
            "[1%,inf)"
          ],