{
  "baseline": {
    "bps10": {
      "ci_high": 0.001893427262961082,
      "ci_low": 0.0004813989363365922,
      "mean": 0.0011403511705525345,
      "n": 162,
      "p_mean_gt_0": 1.0,
      "std": 0.004490694501372081,
      "win_rate": 0.49382716049382713
    },
    "bps8": {
      "ci_high": 0.0020934272629610823,
      "ci_low": 0.0006813989363365924,
      "mean": 0.0013403511705525348,
      "n": 162,
      "p_mean_gt_0": 1.0,
      "std": 0.004490694501372081,
      "win_rate": 0.5246913580246914
    },
    "gross": {
      "ci_high": 0.0028934272629610822,
      "ci_low": 0.0014813989363365926,
      "mean": 0.0021403511705525347,
      "n": 162,
      "p_mean_gt_0": 1.0,
      "std": 0.004490694501372081,
      "win_rate": 0.6666666666666666
    }
  },
  "classification": "INCONCLUSIVE",
  "commands": [
    "PYTHONPATH=. .venv/bin/python scripts/research_family_runner.py --hypothesis-id H69 --family cross_asset_regime --days 180 --timeframe 5m --horizon 8 --cost-mode gross --wf 60 15 15 --bootstrap-iters 3000 --output-json results/archive/h69_runner_20260218T074315Z_gross.json",
    "PYTHONPATH=. .venv/bin/python scripts/research_family_runner.py --hypothesis-id H69 --family cross_asset_regime --days 180 --timeframe 5m --horizon 8 --cost-mode bps8 --wf 60 15 15 --bootstrap-iters 3000 --output-json results/archive/h69_runner_20260218T074316Z_bps8.json",
    "PYTHONPATH=. .venv/bin/python scripts/research_family_runner.py --hypothesis-id H69 --family cross_asset_regime --days 180 --timeframe 5m --horizon 8 --cost-mode bps10 --wf 60 15 15 --bootstrap-iters 3000 --output-json results/archive/h69_runner_20260218T074318Z_bps10.json"
  ],
  "dataset": {
    "horizon_bars": 8,
    "lookback_days": 180,
    "primary_symbols": [
      "BTC-USD"
    ],
    "secondary_symbols": [
      "ETH-USD"
    ],
    "timeframe": "5m"
  },
  "hypothesis_id": "H69",
  "notes": "Adapter executed scripts/research_family_runner.py for cross_asset_regime gross/bps8/bps10 and combined machine JSON outputs.",
  "timestamp_utc": "2026-02-18T07:43:19+00:00",
  "walkforward": {
    "modes": {
      "bps10": {
        "aggregate": {
          "mean": 0.0016307265769311022,
          "mean_ci_high": 0.002749446964007393,
          "mean_ci_low": 0.0006308793593584808,
          "n": 87,
          "p_mean_gt_0": 1.0
        },
        "folds": [
          {
            "fold_id": 1,
            "mean": -3.072033114803665e-05,
            "n": 10,
            "test_end": "2025-11-05T00:00:00+00:00",
            "test_start": "2025-10-21T00:00:00+00:00"
          },
          {
            "fold_id": 2,
            "mean": 0.00222042679012538,
            "n": 12,
            "test_end": "2025-11-20T00:00:00+00:00",
            "test_start": "2025-11-05T00:00:00+00:00"
          },
          {
            "fold_id": 3,
            "mean": 0.0033749687113468277,
            "n": 16,
            "test_end": "2025-12-05T00:00:00+00:00",
            "test_start": "2025-11-20T00:00:00+00:00"
          },
          {
            "fold_id": 4,
            "mean": 0.0013901732087350906,
            "n": 15,
            "test_end": "2025-12-20T00:00:00+00:00",
            "test_start": "2025-12-05T00:00:00+00:00"
          },
          {
            "fold_id": 5,
            "mean": 0.002450045988203901,
            "n": 9,
            "test_end": "2026-01-04T00:00:00+00:00",
            "test_start": "2025-12-20T00:00:00+00:00"
          },
          {
            "fold_id": 6,
            "mean": 0.0010502655714480788,
            "n": 16,
            "test_end": "2026-01-19T00:00:00+00:00",
            "test_start": "2026-01-04T00:00:00+00:00"
          },
          {
            "fold_id": 7,
            "mean": 0.00020317038593352618,
            "n": 9,
            "test_end": "2026-02-03T00:00:00+00:00",
            "test_start": "2026-01-19T00:00:00+00:00"
          }
        ],
        "positive_folds": {
          "count": 6,
          "pct": 85.71428571428571,
          "total": 7
        }
      },
      "bps8": {
        "aggregate": {
          "mean": 0.0018307265769311031,
          "mean_ci_high": 0.002949446964007394,
          "mean_ci_low": 0.0008308793593584817,
          "n": 87,
          "p_mean_gt_0": 1.0
        },
        "folds": [
          {
            "fold_id": 1,
            "mean": 0.00016927966885196328,
            "n": 10,
            "test_end": "2025-11-05T00:00:00+00:00",
            "test_start": "2025-10-21T00:00:00+00:00"
          },
          {
            "fold_id": 2,
            "mean": 0.0024204267901253803,
            "n": 12,
            "test_end": "2025-11-20T00:00:00+00:00",
            "test_start": "2025-11-05T00:00:00+00:00"
          },
          {
            "fold_id": 3,
            "mean": 0.0035749687113468286,
            "n": 16,
            "test_end": "2025-12-05T00:00:00+00:00",
            "test_start": "2025-11-20T00:00:00+00:00"
          },
          {
            "fold_id": 4,
            "mean": 0.001590173208735092,
            "n": 15,
            "test_end": "2025-12-20T00:00:00+00:00",
            "test_start": "2025-12-05T00:00:00+00:00"
          },
          {
            "fold_id": 5,
            "mean": 0.0026500459882039026,
            "n": 9,
            "test_end": "2026-01-04T00:00:00+00:00",
            "test_start": "2025-12-20T00:00:00+00:00"
          },
          {
            "fold_id": 6,
            "mean": 0.0012502655714480787,
            "n": 16,
            "test_end": "2026-01-19T00:00:00+00:00",
            "test_start": "2026-01-04T00:00:00+00:00"
          },
          {
            "fold_id": 7,
            "mean": 0.00040317038593352624,
            "n": 9,
            "test_end": "2026-02-03T00:00:00+00:00",
            "test_start": "2026-01-19T00:00:00+00:00"
          }
        ],
        "positive_folds": {
          "count": 7,
          "pct": 100.0,
          "total": 7
        }
      },
      "gross": {
        "aggregate": {
          "mean": 0.0026307265769311026,
          "mean_ci_high": 0.003749446964007393,
          "mean_ci_low": 0.0016308793593584811,
          "n": 87,
          "p_mean_gt_0": 1.0
        },
        "folds": [
          {
            "fold_id": 1,
            "mean": 0.0009692796688519634,
            "n": 10,
            "test_end": "2025-11-05T00:00:00+00:00",
            "test_start": "2025-10-21T00:00:00+00:00"
          },
          {
            "fold_id": 2,
            "mean": 0.0032204267901253802,
            "n": 12,
            "test_end": "2025-11-20T00:00:00+00:00",
            "test_start": "2025-11-05T00:00:00+00:00"
          },
          {
            "fold_id": 3,
            "mean": 0.004374968711346829,
            "n": 16,
            "test_end": "2025-12-05T00:00:00+00:00",
            "test_start": "2025-11-20T00:00:00+00:00"
          },
          {
            "fold_id": 4,
            "mean": 0.0023901732087350915,
            "n": 15,
            "test_end": "2025-12-20T00:00:00+00:00",
            "test_start": "2025-12-05T00:00:00+00:00"
          },
          {
            "fold_id": 5,
            "mean": 0.0034500459882039016,
            "n": 9,
            "test_end": "2026-01-04T00:00:00+00:00",
            "test_start": "2025-12-20T00:00:00+00:00"
          },
          {
            "fold_id": 6,
            "mean": 0.002050265571448079,
            "n": 16,
            "test_end": "2026-01-19T00:00:00+00:00",
            "test_start": "2026-01-04T00:00:00+00:00"
          },
          {
            "fold_id": 7,
            "mean": 0.0012031703859335262,
            "n": 9,
            "test_end": "2026-02-03T00:00:00+00:00",
            "test_start": "2026-01-19T00:00:00+00:00"
          }
        ],
        "positive_folds": {
          "count": 7,
          "pct": 100.0,
          "total": 7
        }
      }
    },
    "split": {
      "step_days": 15,
      "test_days": 15,