{
  "baseline": {
    "bps10": {
      "ci_high": 0.0007448664654252562,
      "ci_low": -5.527640093599861e-05,
      "mean": 0.0003443140281774565,
      "n": 324,
      "p_mean_gt_0": 0.9563333333333334,
      "std": 0.003650818354603639,
      "win_rate": 0.47530864197530864
    },
    "bps8": {
      "ci_high": 0.0009448664654252564,
      "ci_low": 0.00014472359906400161,
      "mean": 0.0005443140281774565,
      "n": 324,
      "p_mean_gt_0": 0.9956666666666667,
      "std": 0.003650818354603639,
      "win_rate": 0.5154320987654321
    },
    "gross": {
      "ci_high": 0.0017448664654252564,
      "ci_low": 0.0009447235990640016,
      "mean": 0.0013443140281774568,
      "n": 324,
      "p_mean_gt_0": 1.0,
      "std": 0.003650818354603639,
      "win_rate": 0.6327160493827161
    }
  },
  "classification": "BORDERLINE",
  "commands": [
    "PYTHONPATH=. .venv/bin/python scripts/research_family_runner.py --hypothesis-id H61 --family cross_asset_regime --days 180 --timeframe 5m --horizon 6 --cost-mode gross --wf 60 15 15 --bootstrap-iters 3000 --output-json results/archive/h61_runner_20260217T181143Z_gross.json",
    "PYTHONPATH=. .venv/bin/python scripts/research_family_runner.py --hypothesis-id H61 --family cross_asset_regime --days 180 --timeframe 5m --horizon 6 --cost-mode bps8 --wf 60 15 15 --bootstrap-iters 3000 --output-json results/archive/h61_runner_20260217T181144Z_bps8.json",
    "PYTHONPATH=. .venv/bin/python scripts/research_family_runner.py --hypothesis-id H61 --family cross_asset_regime --days 180 --timeframe 5m --horizon 6 --cost-mode bps10 --wf 60 15 15 --bootstrap-iters 3000 --output-json results/archive/h61_runner_20260217T181146Z_bps10.json"
  ],
  "dataset": {
    "horizon_bars": 6,
    "lookback_days": 180,
    "primary_symbols": [
      "BTC-USD"
    ],
    "secondary_symbols": [
      "ETH-USD"
    ],
    "timeframe": "5m"
  },
  "hypothesis_id": "H61",
  "notes": "Adapter executed scripts/research_family_runner.py for cross_asset_regime gross/bps8/bps10 and combined machine JSON outputs.",
  "timestamp_utc": "2026-02-17T18:11:47+00:00",
  "walkforward": {
    "modes": {
      "bps10": {
        "aggregate": {
          "mean": 0.0005096416455597396,
          "mean_ci_high": 0.0010645215988437135,
          "mean_ci_low": -1.2576934487941157e-05,
          "n": 191,
          "p_mean_gt_0": 0.9716666666666667
        },
        "folds": [
          {
            "fold_id": 1,
            "mean": 0.0008557696935008322,
            "n": 26,
            "test_end": "2025-11-05T00:00:00+00:00",
            "test_start": "2025-10-21T00:00:00+00:00"
          },
          {
            "fold_id": 2,
            "mean": -0.00019611373908677695,
            "n": 28,
            "test_end": "2025-11-20T00:00:00+00:00",
            "test_start": "2025-11-05T00:00:00+00:00"
          },
          {
            "fold_id": 3,
            "mean": 0.0008125603025727109,
            "n": 34,
            "test_end": "2025-12-05T00:00:00+00:00",
            "test_start": "2025-11-20T00:00:00+00:00"
          },
          {
            "fold_id": 4,
            "mean": 0.0020928776345186693,
            "n": 31,
            "test_end": "2025-12-20T00:00:00+00:00",
            "test_start": "2025-12-05T00:00:00+00:00"
          },
          {
            "fold_id": 5,
            "mean": -0.00045108186787651185,
            "n": 32,
            "test_end": "2026-01-04T00:00:00+00:00",
            "test_start": "2025-12-20T00:00:00+00:00"
          },
          {
            "fold_id": 6,
            "mean": 0.0001162392556703539,
            "n": 23,
            "test_end": "2026-01-19T00:00:00+00:00",
            "test_start": "2026-01-04T00:00:00+00:00"
          },
          {
            "fold_id": 7,
            "mean": -9.553711800133155e-06,
            "n": 17,
            "test_end": "2026-02-03T00:00:00+00:00",
            "test_start": "2026-01-19T00:00:00+00:00"
          }
        ],
        "positive_folds": {
          "count": 4,
          "pct": 57.142857142857146,
          "total": 7
        }
      },
      "bps8": {
        "aggregate": {
          "mean": 0.0007096416455597401,
          "mean_ci_high": 0.001264521598843714,
          "mean_ci_low": 0.00018742306551205892,
          "n": 191,
          "p_mean_gt_0": 0.9956666666666667
        },
        "folds": [
          {
            "fold_id": 1,
            "mean": 0.001055769693500832,
            "n": 26,
            "test_end": "2025-11-05T00:00:00+00:00",
            "test_start": "2025-10-21T00:00:00+00:00"
          },
          {
            "fold_id": 2,
            "mean": 3.886260913223232e-06,
            "n": 28,
            "test_end": "2025-11-20T00:00:00+00:00",
            "test_start": "2025-11-05T00:00:00+00:00"
          },
          {
            "fold_id": 3,
            "mean": 0.0010125603025727108,
            "n": 34,
            "test_end": "2025-12-05T00:00:00+00:00",
            "test_start": "2025-11-20T00:00:00+00:00"
          },
          {
            "fold_id": 4,
            "mean": 0.00229287763451867,
            "n": 31,
            "test_end": "2025-12-20T00:00:00+00:00",
            "test_start": "2025-12-05T00:00:00+00:00"
          },
          {
            "fold_id": 5,
            "mean": -0.00025108186787651187,
            "n": 32,
            "test_end": "2026-01-04T00:00:00+00:00",
            "test_start": "2025-12-20T00:00:00+00:00"
          },
          {
            "fold_id": 6,
            "mean": 0.00031623925567035376,
            "n": 23,
            "test_end": "2026-01-19T00:00:00+00:00",
            "test_start": "2026-01-04T00:00:00+00:00"
          },
          {
            "fold_id": 7,
            "mean": 0.00019044628819986692,
            "n": 17,
            "test_end": "2026-02-03T00:00:00+00:00",
            "test_start": "2026-01-19T00:00:00+00:00"
          }
        ],
        "positive_folds": {
          "count": 6,
          "pct": 85.71428571428571,
          "total": 7
        }
      },
      "gross": {
        "aggregate": {
          "mean": 0.00150964164555974,
          "mean_ci_high": 0.0020645215988437135,
          "mean_ci_low": 0.000987423065512059,
          "n": 191,
          "p_mean_gt_0": 1.0
        },
        "folds": [
          {
            "fold_id": 1,
            "mean": 0.0018557696935008322,
            "n": 26,
            "test_end": "2025-11-05T00:00:00+00:00",
            "test_start": "2025-10-21T00:00:00+00:00"
          },
          {
            "fold_id": 2,
            "mean": 0.0008038862609132233,
            "n": 28,
            "test_end": "2025-11-20T00:00:00+00:00",
            "test_start": "2025-11-05T00:00:00+00:00"
          },
          {
            "fold_id": 3,
            "mean": 0.001812560302572711,
            "n": 34,
            "test_end": "2025-12-05T00:00:00+00:00",
            "test_start": "2025-11-20T00:00:00+00:00"
          },
          {
            "fold_id": 4,
            "mean": 0.0030928776345186698,
            "n": 31,
            "test_end": "2025-12-20T00:00:00+00:00",
            "test_start": "2025-12-05T00:00:00+00:00"
          },
          {
            "fold_id": 5,
            "mean": 0.0005489181321234882,
            "n": 32,
            "test_end": "2026-01-04T00:00:00+00:00",
            "test_start": "2025-12-20T00:00:00+00:00"
          },
          {
            "fold_id": 6,
            "mean": 0.001116239255670354,
            "n": 23,
            "test_end": "2026-01-19T00:00:00+00:00",
            "test_start": "2026-01-04T00:00:00+00:00"
          },
          {
            "fold_id": 7,
            "mean": 0.000990446288199867,
            "n": 17,
            "test_end": "2026-02-03T00:00:00+00:00",
            "test_start": "2026-01-19T00:00:00+00:00"
          }
        ],
        "positive_folds": {
          "count": 7,
          "pct": 100.0,