{
  "baseline": {
    "bps10": {
      "ci_high": -0.0010416150792407735,
      "ci_low": -0.001443881543149812,
      "mean": -0.0012439032015811792,
      "n": 2490,
      "p_mean_gt_0": 0.0,
      "std": 0.005084729483600029,
      "win_rate": 0.3819277108433735
    },
    "bps8": {
      "ci_high": -0.000841615079240773,
      "ci_low": -0.0012438815431498117,
      "mean": -0.0010439032015811792,
      "n": 2490,
      "p_mean_gt_0": 0.0,
      "std": 0.005084729483600029,
      "win_rate": 0.40883534136546185
    },
    "gross": {
      "ci_high": -4.1615079240773056e-05,
      "ci_low": -0.0004438815431498117,
      "mean": -0.0002439032015811789,
      "n": 2490,
      "p_mean_gt_0": 0.011,
      "std": 0.005084729483600029,
      "win_rate": 0.5092369477911647
    }
  },
  "classification": "FAIL",
  "commands": [
    "PYTHONPATH=. .venv/bin/python scripts/research_family_runner.py --hypothesis-id H43 --family shock_structure --days 180 --timeframe 5m --horizon 6 --cost-mode gross --wf 60 15 15 --bootstrap-iters 3000 --output-json results/archive/h43_runner_20260217T180330Z_gross.json",
    "PYTHONPATH=. .venv/bin/python scripts/research_family_runner.py --hypothesis-id H43 --family shock_structure --days 180 --timeframe 5m --horizon 6 --cost-mode bps8 --wf 60 15 15 --bootstrap-iters 3000 --output-json results/archive/h43_runner_20260217T180331Z_bps8.json",
    "PYTHONPATH=. .venv/bin/python scripts/research_family_runner.py --hypothesis-id H43 --family shock_structure --days 180 --timeframe 5m --horizon 6 --cost-mode bps10 --wf 60 15 15 --bootstrap-iters 3000 --output-json results/archive/h43_runner_20260217T180333Z_bps10.json"
  ],
  "dataset": {
    "horizon_bars": 6,
    "lookback_days": 180,
    "primary_symbols": [
      "BTC-USD"
    ],
    "secondary_symbols": [
      "ETH-USD"
    ],
    "timeframe": "5m"
  },
  "hypothesis_id": "H43",
  "notes": "Adapter executed scripts/research_family_runner.py for shock_structure gross/bps8/bps10 and combined machine JSON outputs.",
  "timestamp_utc": "2026-02-17T18:03:34+00:00",
  "walkforward": {
    "modes": {
      "bps10": {
        "aggregate": {
          "mean": -0.0012628213803550644,
          "mean_ci_high": -0.0009692933654598049,
          "mean_ci_low": -0.0015500106023009369,
          "n": 1401,
          "p_mean_gt_0": 0.0
        },
        "folds": [
          {
            "fold_id": 1,
            "mean": -0.00121269721641372,
            "n": 297,
            "test_end": "2025-11-24T00:00:00+00:00",
            "test_start": "2025-11-09T00:00:00+00:00"
          },
          {
            "fold_id": 2,
            "mean": -0.0014848106853376953,
            "n": 156,
            "test_end": "2025-12-09T00:00:00+00:00",
            "test_start": "2025-11-24T00:00:00+00:00"
          },
          {
            "fold_id": 3,
            "mean": -0.0010859790605560005,
            "n": 199,
            "test_end": "2025-12-24T00:00:00+00:00",
            "test_start": "2025-12-09T00:00:00+00:00"
          },
          {
            "fold_id": 4,
            "mean": -0.0014794551157803924,
            "n": 136,
            "test_end": "2026-01-08T00:00:00+00:00",
            "test_start": "2025-12-24T00:00:00+00:00"
          },
          {
            "fold_id": 5,
            "mean": -0.0008202131729278116,
            "n": 259,
            "test_end": "2026-01-23T00:00:00+00:00",
            "test_start": "2026-01-08T00:00:00+00:00"
          },
          {
            "fold_id": 6,
            "mean": -0.0015470629183751677,
            "n": 354,
            "test_end": "2026-02-07T00:00:00+00:00",
            "test_start": "2026-01-23T00:00:00+00:00"
          }
        ],
        "positive_folds": {
          "count": 0,
          "pct": 0.0,
          "total": 6
        }
      },
      "bps8": {
        "aggregate": {
          "mean": -0.001062821380355064,
          "mean_ci_high": -0.0007692933654598046,
          "mean_ci_low": -0.0013500106023009364,
          "n": 1401,
          "p_mean_gt_0": 0.0
        },
        "folds": [
          {
            "fold_id": 1,
            "mean": -0.0010126972164137197,
            "n": 297,
            "test_end": "2025-11-24T00:00:00+00:00",
            "test_start": "2025-11-09T00:00:00+00:00"
          },
          {
            "fold_id": 2,
            "mean": -0.0012848106853376947,
            "n": 156,
            "test_end": "2025-12-09T00:00:00+00:00",
            "test_start": "2025-11-24T00:00:00+00:00"
          },
          {
            "fold_id": 3,
            "mean": -0.0008859790605559996,
            "n": 199,
            "test_end": "2025-12-24T00:00:00+00:00",
            "test_start": "2025-12-09T00:00:00+00:00"
          },
          {
            "fold_id": 4,
            "mean": -0.0012794551157803923,
            "n": 136,
            "test_end": "2026-01-08T00:00:00+00:00",
            "test_start": "2025-12-24T00:00:00+00:00"
          },
          {
            "fold_id": 5,
            "mean": -0.0006202131729278114,
            "n": 259,
            "test_end": "2026-01-23T00:00:00+00:00",
            "test_start": "2026-01-08T00:00:00+00:00"
          },
          {
            "fold_id": 6,
            "mean": -0.001347062918375167,
            "n": 354,
            "test_end": "2026-02-07T00:00:00+00:00",
            "test_start": "2026-01-23T00:00:00+00:00"
          }
        ],
        "positive_folds": {
          "count": 0,
          "pct": 0.0,
          "total": 6
        }
      },
      "gross": {
        "aggregate": {
          "mean": -0.000262821380355064,
          "mean_ci_high": 3.070663454019556e-05,
          "mean_ci_low": -0.0005500106023009363,
          "n": 1401,
          "p_mean_gt_0": 0.043333333333333335
        },
        "folds": [
          {
            "fold_id": 1,
            "mean": -0.00021269721641371952,
            "n": 297,
            "test_end": "2025-11-24T00:00:00+00:00",
            "test_start": "2025-11-09T00:00:00+00:00"
          },
          {
            "fold_id": 2,
            "mean": -0.00048481068533769476,
            "n": 156,
            "test_end": "2025-12-09T00:00:00+00:00",
            "test_start": "2025-11-24T00:00:00+00:00"
          },
          {
            "fold_id": 3,
            "mean": -8.597906055599976e-05,
            "n": 199,
            "test_end": "2025-12-24T00:00:00+00:00",
            "test_start": "2025-12-09T00:00:00+00:00"
          },
          {
            "fold_id": 4,
            "mean": -0.00047945511578039216,
            "n": 136,
            "test_end": "2026-01-08T00:00:00+00:00",
            "test_start": "2025-12-24T00:00:00+00:00"
          },
          {
            "fold_id": 5,
            "mean": 0.0001797868270721886,
            "n": 259,
            "test_end": "2026-01-23T00:00:00+00:00",
            "test_start": "2026-01-08T00:00:00+00:00"
          },
          {
            "fold_id": 6,
            "mean": -0.0005470629183751671,
            "n": 354,
            "test_end": "2026-02-07T00:00:00+00:00",
            "test_start": "2026-01-23T00:00:00+00:00"
          }
        ],
        "positive_folds": {
          "count": 1,
          "pct": 16.666666666666668,
          "total": 6
        }
      }
    },
    "split": {
      "step_days": 15,
      "test_days": 15,
      "train_days": 60
    }
  }
}