{
  "baseline": {
    "bps10": {
      "ci_high": 0.001674908351589559,
      "ci_low": 0.0007941547125172735,
      "mean": 0.0012201780443425719,
      "n": 328,
      "p_mean_gt_0": 1.0,
      "std": 0.004049452365330279,
      "win_rate": 0.5579268292682927
    },
    "bps8": {
      "ci_high": 0.0018749083515895593,
      "ci_low": 0.0009941547125172738,
      "mean": 0.0014201780443425722,
      "n": 328,
      "p_mean_gt_0": 1.0,
      "std": 0.004049452365330279,
      "win_rate": 0.5853658536585366
    },
    "gross": {
      "ci_high": 0.002674908351589559,
      "ci_low": 0.001794154712517274,
      "mean": 0.0022201780443425723,
      "n": 328,
      "p_mean_gt_0": 1.0,
      "std": 0.00404945236533028,
      "win_rate": 0.7225609756097561
    }
  },
  "classification": "PASS",
  "commands": [
    "PYTHONPATH=. .venv/bin/python scripts/research_family_runner.py --hypothesis-id H78 --family cross_asset_regime --days 180 --timeframe 5m --horizon 8 --cost-mode gross --wf 60 15 15 --bootstrap-iters 3000 --output-json results/archive/h78_runner_20260218T211328Z_gross.json",
    "PYTHONPATH=. .venv/bin/python scripts/research_family_runner.py --hypothesis-id H78 --family cross_asset_regime --days 180 --timeframe 5m --horizon 8 --cost-mode bps8 --wf 60 15 15 --bootstrap-iters 3000 --output-json results/archive/h78_runner_20260218T211329Z_bps8.json",
    "PYTHONPATH=. .venv/bin/python scripts/research_family_runner.py --hypothesis-id H78 --family cross_asset_regime --days 180 --timeframe 5m --horizon 8 --cost-mode bps10 --wf 60 15 15 --bootstrap-iters 3000 --output-json results/archive/h78_runner_20260218T211330Z_bps10.json"
  ],
  "dataset": {
    "horizon_bars": 8,
    "lookback_days": 180,
    "primary_symbols": [
      "BTC-USD"
    ],
    "secondary_symbols": [
      "ETH-USD"
    ],
    "timeframe": "5m"
  },
  "hypothesis_id": "H78",
  "notes": "Adapter executed scripts/research_family_runner.py for cross_asset_regime gross/bps8/bps10 and combined machine JSON outputs.",
  "timestamp_utc": "2026-02-18T21:13:32+00:00",
  "walkforward": {
    "modes": {
      "bps10": {
        "aggregate": {
          "mean": 0.0015240476861219385,
          "mean_ci_high": 0.002168765916702471,
          "mean_ci_low": 0.0009096619062236713,
          "n": 179,
          "p_mean_gt_0": 1.0
        },
        "diagnostics": {
          "mae_proxy_median": -0.0004897337997943341,
          "median_hold_return": 0.0004717676670282231,
          "return_histogram_bins": [
            "(-inf,-1%)",
            "[-1%,-0.5%)",
            "[-0.5%,-0.2%)",
            "[-0.2%,0%)",
            "[0%,0.2%)",
            "[0.2%,0.5%)",
            "[0.5%,1%)",
            "[1%,inf)"
          ],
          "return_histogram_counts": [
            0,
            9,
            32,
            104,
            83,
            62,
            24,
            14
          ],
          "top10_pct_pnl_contribution": 0.8573716414682132,
          "trades_per_day": 1.868945868945869
        },
        "folds": [
          {
            "fold_id": 1,
            "mean": 0.0004712196474233552,
            "n": 20,
            "test_end": "2025-11-08T00:00:00+00:00",
            "test_start": "2025-10-24T00:00:00+00:00"
          },
          {
            "fold_id": 2,
            "mean": 0.0021637732130764926,
            "n": 30,
            "test_end": "2025-11-23T00:00:00+00:00",
            "test_start": "2025-11-08T00:00:00+00:00"
          },
          {
            "fold_id": 3,
            "mean": 0.0020367502836539752,
            "n": 24,
            "test_end": "2025-12-08T00:00:00+00:00",
            "test_start": "2025-11-23T00:00:00+00:00"
          },
          {
            "fold_id": 4,
            "mean": 0.001600758751535621,
            "n": 29,
            "test_end": "2025-12-23T00:00:00+00:00",
            "test_start": "2025-12-08T00:00:00+00:00"
          },
          {
            "fold_id": 5,
            "mean": 0.0021450106852361726,
            "n": 21,
            "test_end": "2026-01-07T00:00:00+00:00",
            "test_start": "2025-12-23T00:00:00+00:00"
          },
          {
            "fold_id": 6,
            "mean": 0.0008365585530605265,
            "n": 32,
            "test_end": "2026-01-22T00:00:00+00:00",
            "test_start": "2026-01-07T00:00:00+00:00"
          },
          {
            "fold_id": 7,
            "mean": 0.0013629494689104446,
            "n": 23,
            "test_end": "2026-02-06T00:00:00+00:00",
            "test_start": "2026-01-22T00:00:00+00:00"
          }
        ],
        "positive_folds": {
          "count": 7,
          "pct": 100.0,
          "total": 7
        }
      },
      "bps8": {
        "aggregate": {
          "mean": 0.0017240476861219388,
          "mean_ci_high": 0.0023687659167024714,
          "mean_ci_low": 0.0011096619062236717,
          "n": 179,
          "p_mean_gt_0": 1.0
        },
        "diagnostics": {
          "mae_proxy_median": -0.0004897337997943341,
          "median_hold_return": 0.0006717676670282231,
          "return_histogram_bins": [
            "(-inf,-1%)",
            "[-1%,-0.5%)",
            "[-0.5%,-0.2%)",
            "[-0.2%,0%)",
            "[0%,0.2%)",
            "[0.2%,0.5%)",
            "[0.5%,1%)",
            "[1%,inf)"
          ],
          "return_histogram_counts": [
            0,
            7,
            28,
            101,
            87,
            66,
            24,
            15
          ],
          "top10_pct_pnl_contribution": 0.7507988228860231,
          "trades_per_day": 1.868945868945869
        },
        "folds": [
          {
            "fold_id": 1,
            "mean": 0.0006712196474233552,
            "n": 20,
            "test_end": "2025-11-08T00:00:00+00:00",
            "test_start": "2025-10-24T00:00:00+00:00"
          },
          {
            "fold_id": 2,
            "mean": 0.002363773213076493,
            "n": 30,
            "test_end": "2025-11-23T00:00:00+00:00",
            "test_start": "2025-11-08T00:00:00+00:00"
          },
          {
            "fold_id": 3,
            "mean": 0.0022367502836539758,
            "n": 24,
            "test_end": "2025-12-08T00:00:00+00:00",
            "test_start": "2025-11-23T00:00:00+00:00"
          },
          {
            "fold_id": 4,
            "mean": 0.0018007587515356208,
            "n": 29,
            "test_end": "2025-12-23T00:00:00+00:00",
            "test_start": "2025-12-08T00:00:00+00:00"
          },
          {
            "fold_id": 5,
            "mean": 0.0023450106852361727,
            "n": 21,
            "test_end": "2026-01-07T00:00:00+00:00",
            "test_start": "2025-12-23T00:00:00+00:00"
          },
          {
            "fold_id": 6,
            "mean": 0.0010365585530605266,
            "n": 32,
            "test_end": "2026-01-22T00:00:00+00:00",
            "test_start": "2026-01-07T00:00:00+00:00"
          },
          {
            "fold_id": 7,
            "mean": 0.0015629494689104449,
            "n": 23,
            "test_end": "2026-02-06T00:00:00+00:00",
            "test_start": "2026-01-22T00:00:00+00:00"
          }
        ],
        "positive_folds": {
          "count": 7,
          "pct": 100.0,
          "total": 7
        }
      },
      "gross": {
        "aggregate": {
          "mean": 0.0025240476861219385,
          "mean_ci_high": 0.0031687659167024713,
          "mean_ci_low": 0.0019096619062236716,
          "n": 179,
          "p_mean_gt_0": 1.0
        },
        "diagnostics": {
          "mae_proxy_median": -0.0004897337997943341,
          "median_hold_return": 0.0014717676670282231,
          "return_histogram_bins": [
            "(-inf,-1%)",
            "[-1%,-0.5%)",
            "[-0.5%,-0.2%)",
            "[-0.2%,0%)",
            "[0%,0.2%)",
            "[0.2%,0.5%)",
            "[0.5%,1%)",
            "[1%,inf)"
          ],