{
  "baseline": {
    "bps10": {
      "ci_high": 0.0010601229738294144,
      "ci_low": -9.647876167020294e-05,
      "mean": 0.0004517901630801527,
      "n": 112,
      "p_mean_gt_0": 0.9466666666666667,
      "std": 0.0030666702334988883,
      "win_rate": 0.5178571428571429
    },
    "bps8": {
      "ci_high": 0.0012601229738294147,
      "ci_low": 0.00010352123832979724,
      "mean": 0.0006517901630801529,
      "n": 112,
      "p_mean_gt_0": 0.99,
      "std": 0.0030666702334988883,
      "win_rate": 0.5267857142857143
    },
    "gross": {
      "ci_high": 0.002060122973829415,
      "ci_low": 0.0009035212383297972,
      "mean": 0.001451790163080153,
      "n": 112,
      "p_mean_gt_0": 1.0,
      "std": 0.0030666702334988883,
      "win_rate": 0.7053571428571429
    }
  },
  "classification": "INCONCLUSIVE",
  "commands": [
    "PYTHONPATH=. .venv/bin/python scripts/research_family_runner.py --hypothesis-id H80 --family cross_asset_regime --days 180 --timeframe 5m --horizon 8 --cost-mode gross --wf 60 15 15 --bootstrap-iters 3000 --output-json results/archive/h80_runner_20260218T211336Z_gross.json",
    "PYTHONPATH=. .venv/bin/python scripts/research_family_runner.py --hypothesis-id H80 --family cross_asset_regime --days 180 --timeframe 5m --horizon 8 --cost-mode bps8 --wf 60 15 15 --bootstrap-iters 3000 --output-json results/archive/h80_runner_20260218T211337Z_bps8.json",
    "PYTHONPATH=. .venv/bin/python scripts/research_family_runner.py --hypothesis-id H80 --family cross_asset_regime --days 180 --timeframe 5m --horizon 8 --cost-mode bps10 --wf 60 15 15 --bootstrap-iters 3000 --output-json results/archive/h80_runner_20260218T211338Z_bps10.json"
  ],
  "dataset": {
    "horizon_bars": 8,
    "lookback_days": 180,
    "primary_symbols": [
      "BTC-USD"
    ],
    "secondary_symbols": [
      "ETH-USD"
    ],
    "timeframe": "5m"
  },
  "hypothesis_id": "H80",
  "notes": "Adapter executed scripts/research_family_runner.py for cross_asset_regime gross/bps8/bps10 and combined machine JSON outputs.",
  "timestamp_utc": "2026-02-18T21:13:39+00:00",
  "walkforward": {
    "modes": {
      "bps10": {
        "aggregate": {
          "mean": 0.0005304200071063341,
          "mean_ci_high": 0.001458912303182727,
          "mean_ci_low": -0.0002606986402863821,
          "n": 56,
          "p_mean_gt_0": 0.8853333333333333
        },
        "diagnostics": {
          "mae_proxy_median": null,
          "median_hold_return": 0.00015062507498714382,
          "return_histogram_bins": [
            "(-inf,-1%)",
            "[-1%,-0.5%)",
            "[-0.5%,-0.2%)",
            "[-0.2%,0%)",
            "[0%,0.2%)",
            "[0.2%,0.5%)",
            "[0.5%,1%)",
            "[1%,inf)"
          ],
          "return_histogram_counts": [
            0,
            3,
            11,
            40,
            29,
            24,
            4,
            1
          ],
          "top10_pct_pnl_contribution": 1.4117126789486867,
          "trades_per_day": 0.6439865836128414
        },
        "folds": [
          {
            "fold_id": 1,
            "mean": -0.0006153810386316292,
            "n": 9,
            "test_end": "2025-11-10T00:00:00+00:00",
            "test_start": "2025-10-26T00:00:00+00:00"
          },
          {
            "fold_id": 2,
            "mean": 0.0012685843070376244,
            "n": 10,
            "test_end": "2025-11-25T00:00:00+00:00",
            "test_start": "2025-11-10T00:00:00+00:00"
          },
          {
            "fold_id": 3,
            "mean": -0.00012248603832745644,
            "n": 8,
            "test_end": "2025-12-10T00:00:00+00:00",
            "test_start": "2025-11-25T00:00:00+00:00"
          },
          {
            "fold_id": 4,
            "mean": -0.000384558520420099,
            "n": 9,
            "test_end": "2025-12-25T00:00:00+00:00",
            "test_start": "2025-12-10T00:00:00+00:00"
          },
          {
            "fold_id": 5,
            "mean": 0.006991941288094994,
            "n": 4,
            "test_end": "2026-01-09T00:00:00+00:00",
            "test_start": "2025-12-25T00:00:00+00:00"
          },
          {
            "fold_id": 6,
            "mean": -0.0005363302062152602,
            "n": 11,
            "test_end": "2026-01-24T00:00:00+00:00",
            "test_start": "2026-01-09T00:00:00+00:00"
          },
          {
            "fold_id": 7,
            "mean": 0.0009857777563303091,
            "n": 5,
            "test_end": "2026-02-08T00:00:00+00:00",
            "test_start": "2026-01-24T00:00:00+00:00"
          }
        ],
        "positive_folds": {
          "count": 3,
          "pct": 42.857142857142854,
          "total": 7
        }
      },
      "bps8": {
        "aggregate": {
          "mean": 0.0007304200071063339,
          "mean_ci_high": 0.0016589123031827266,
          "mean_ci_low": -6.069864028638211e-05,
          "n": 56,
          "p_mean_gt_0": 0.9596666666666667
        },
        "diagnostics": {
          "mae_proxy_median": null,
          "median_hold_return": 0.0003506250749871438,
          "return_histogram_bins": [
            "(-inf,-1%)",
            "[-1%,-0.5%)",
            "[-0.5%,-0.2%)",
            "[-0.2%,0%)",
            "[0%,0.2%)",
            "[0.2%,0.5%)",
            "[0.5%,1%)",
            "[1%,inf)"
          ],
          "return_histogram_counts": [
            0,
            2,
            9,
            42,
            30,
            24,
            4,
            1
          ],
          "top10_pct_pnl_contribution": 1.0114090549599941,
          "trades_per_day": 0.6439865836128414
        },
        "folds": [
          {
            "fold_id": 1,
            "mean": -0.0004153810386316291,
            "n": 9,
            "test_end": "2025-11-10T00:00:00+00:00",
            "test_start": "2025-10-26T00:00:00+00:00"
          },
          {
            "fold_id": 2,
            "mean": 0.0014685843070376243,
            "n": 10,
            "test_end": "2025-11-25T00:00:00+00:00",
            "test_start": "2025-11-10T00:00:00+00:00"
          },
          {
            "fold_id": 3,
            "mean": 7.751396167254366e-05,
            "n": 8,
            "test_end": "2025-12-10T00:00:00+00:00",
            "test_start": "2025-11-25T00:00:00+00:00"
          },
          {
            "fold_id": 4,
            "mean": -0.00018455852042009897,
            "n": 9,
            "test_end": "2025-12-25T00:00:00+00:00",
            "test_start": "2025-12-10T00:00:00+00:00"
          },
          {
            "fold_id": 5,
            "mean": 0.007191941288094996,
            "n": 4,
            "test_end": "2026-01-09T00:00:00+00:00",
            "test_start": "2025-12-25T00:00:00+00:00"
          },
          {
            "fold_id": 6,
            "mean": -0.0003363302062152601,
            "n": 11,
            "test_end": "2026-01-24T00:00:00+00:00",
            "test_start": "2026-01-09T00:00:00+00:00"
          },
          {
            "fold_id": 7,
            "mean": 0.0011857777563303092,
            "n": 5,
            "test_end": "2026-02-08T00:00:00+00:00",
            "test_start": "2026-01-24T00:00:00+00:00"
          }
        ],
        "positive_folds": {
          "count": 4,
          "pct": 57.142857142857146,
          "total": 7
        }
      },
      "gross": {
        "aggregate": {
          "mean": 0.001530420007106334,
          "mean_ci_high": 0.0024589123031827265,
          "mean_ci_low": 0.000739301359713618,
          "n": 56,
          "p_mean_gt_0": 1.0
        },
        "diagnostics": {
          "mae_proxy_median": null,
          "median_hold_return": 0.0011506250749871438,
          "return_histogram_bins": [
            "(-inf,-1%)",
            "[-1%,-0.5%)",
            "[-0.5%,-0.2%)",
            "[-0.2%,0%)",
            "[0%,0.2%)",
            "[0.2%,0.5%)",
            "[0.5%,1%)",
            "[1%,inf)"
          ],